Workbook

Sheet Summary
F1: Packages Summary
C3: 0059 | Pursuit of a Radical Rhapsody | Tower 8 | F3: Total | G3: Released Till Date | H3: Released Till Dec 23 | I3: Balance | K3: AR | M3: Planned Packages CY 24 | N3: Q1 | O3: Q2 | P3: Q3 | Q3: Q4 | R3: Actual Packages CY 24 | S3: Q1 | T3: Q2 | U3: Q3 | V3: Q4 | X3: Planned Packages CY 25 | Y3: Q1 | Z3: Q2 | AA3: Q3 | AB3: Q4 | AC3: Actual Packages CY 25 | AD3: Q1 | AE3: Q2 | AF3: Q3 | AG3: Q4 | AI3: Planned Packages CY 26 | AJ3: Q1 | AK3: Q2 | AL3: Q3 | AM3: Q4 | AN3: Actual Packages CY 26 | AO3: Q1 | AP3: Q2 | AQ3: Q3 | AR3: Q4 | AT3: ST | AV3: Planned Packages CY 24 | AW3: Q1 | AX3: Q2 | AY3: Q3 | AZ3: Q4 | BA3: Actual Packages CY 24 | BB3: Q1 | BC3: Q2 | BD3: Q3 | BE3: Q4 | BG3: Planned Packages CY 25 | BH3: Q1 | BI3: Q2 | BJ3: Q3 | BK3: Q4 | BL3: Actual Packages CY 25 | BM3: Q1 | BN3: Q2 | BO3: Q3 | BP3: Q4 | BR3: Planned Packages CY 26 | BS3: Q1 | BT3: Q2 | BU3: Q3 | BV3: Q4 | BW3: Actual Packages CY 26 | BX3: Q1 | BY3: Q2 | BZ3: Q3 | CA3: Q4 | CC3: MEP | CE3: Planned Packages CY 24 | CF3: Q1 | CG3: Q2 | CH3: Q3 | CI3: Q4 | CJ3: Actual Packages CY 24 | CK3: Q1 | CL3: Q2 | CM3: Q3 | CN3: Q4 | CP3: Planned Packages CY 25 | CQ3: Q1 | CR3: Q2 | CS3: Q3 | CT3: Q4 | CU3: Actual Packages CY 25 | CV3: Q1 | CW3: Q2 | CX3: Q3 | CY3: Q4 | DA3: Planned Packages CY 26 | DB3: Q1 | DC3: Q2 | DD3: Q3 | DE3: Q4 | DF3: Actual Packages CY 26 | DG3: Q1 | DH3: Q2 | DI3: Q3 | DJ3: Q4 | DL3: UDLS | DN3: Planned Packages CY 24 | DO3: Q1 | DP3: Q2 | DQ3: Q3 | DR3: Q4 | DS3: Actual Packages CY 24 | DT3: Q1 | DU3: Q2 | DV3: Q3 | DW3: Q4 | DY3: Planned Packages CY 25 | DZ3: Q1 | EA3: Q2 | EB3: Q3 | EC3: Q4 | ED3: Actual Packages CY 25 | EE3: Q1 | EF3: Q2 | EG3: Q3 | EH3: Q4 | EJ3: Planned Packages CY 26 | EK3: Q1 | EL3: Q2 | EM3: Q3 | EN3: Q4 | EO3: Actual Packages CY 26 | EP3: Q1 | EQ3: Q2 | ER3: Q3 | ES3: Q4
C4: Design Packages | F4: =F9+F49+F92 -> 94 | G4: =G9+G49+G92 -> 32 | H4: =H9+H49+H92 -> 23 | I4: =I9+I49+I92 -> 62 | M4: =COUNTIF(M17,"=✔")+COUNTIF(M23,"=✔")+COUNTIF(M30,"=✔")+COUNTIF(M52:M61,"=✔")+COUNTIF(M11,"=✔")+COUNTIF(M39,"=✔")+COUNTIF(M64:M67,"=✔")+COUNTIF(M80:M83,"=✔")+COUNTIF(M86:M90,"=✔")+COUNTIF(M70:M77,"=✔")+COUNTIF(M95,"=✔") -> 28 | N4: =COUNTIF(N17,"=✔")+COUNTIF(N23,"=✔")+COUNTIF(N30,"=✔")+COUNTIF(N52:N61,"=✔")+COUNTIF(N11,"=✔")+COUNTIF(N39,"=✔")+COUNTIF(N64:N67,"=✔")+COUNTIF(N80:N83,"=✔")+COUNTIF(N86:N90,"=✔")+COUNTIF(N70:N77,"=✔")+COUNTIF(N95,"=✔") -> 14 | O4: =COUNTIF(O17,"=✔")+COUNTIF(O23,"=✔")+COUNTIF(O30,"=✔")+COUNTIF(O52:O61,"=✔")+COUNTIF(O11,"=✔")+COUNTIF(O39,"=✔")+COUNTIF(O64:O67,"=✔")+COUNTIF(O80:O83,"=✔")+COUNTIF(O86:O90,"=✔")+COUNTIF(O70:O77,"=✔")+COUNTIF(O95,"=✔") -> 6 | P4: =COUNTIF(P17,"=✔")+COUNTIF(P23,"=✔")+COUNTIF(P30,"=✔")+COUNTIF(P52:P61,"=✔")+COUNTIF(P11,"=✔")+COUNTIF(P39,"=✔")+COUNTIF(P64:P67,"=✔")+COUNTIF(P80:P83,"=✔")+COUNTIF(P86:P90,"=✔")+COUNTIF(P70:P77,"=✔")+COUNTIF(P95,"=✔") -> 3 | Q4: =COUNTIF(Q17,"=✔")+COUNTIF(Q23,"=✔")+COUNTIF(Q30,"=✔")+COUNTIF(Q52:Q61,"=✔")+COUNTIF(Q11,"=✔")+COUNTIF(Q39,"=✔")+COUNTIF(Q64:Q67,"=✔")+COUNTIF(Q80:Q83,"=✔")+COUNTIF(Q86:Q90,"=✔")+COUNTIF(Q70:Q77,"=✔")+COUNTIF(Q95,"=✔") -> 5 | R4: =COUNTIF(R17,"=✔")+COUNTIF(R23,"=✔")+COUNTIF(R30,"=✔")+COUNTIF(R52:R61,"=✔")+COUNTIF(R11,"=✔")+COUNTIF(R39,"=✔")+COUNTIF(R64:R67,"=✔")+COUNTIF(R80:R83,"=✔")+COUNTIF(R86:R90,"=✔")+COUNTIF(R70:R77,"=✔")+COUNTIF(R95,"=✔") -> 1 | S4: =COUNTIF(S17,"=✔")+COUNTIF(S23,"=✔")+COUNTIF(S30,"=✔")+COUNTIF(S52:S61,"=✔")+COUNTIF(S11,"=✔")+COUNTIF(S39,"=✔")+COUNTIF(S64:S67,"=✔")+COUNTIF(S80:S83,"=✔")+COUNTIF(S86:S90,"=✔")+COUNTIF(S70:S77,"=✔")+COUNTIF(S95,"=✔") -> 0 | T4: =COUNTIF(T17,"=✔")+COUNTIF(T23,"=✔")+COUNTIF(T30,"=✔")+COUNTIF(T52:T61,"=✔")+COUNTIF(T11,"=✔")+COUNTIF(T39,"=✔")+COUNTIF(T64:T67,"=✔")+COUNTIF(T80:T83,"=✔")+COUNTIF(T86:T90,"=✔")+COUNTIF(T70:T77,"=✔")+COUNTIF(T95,"=✔") -> 1 | ... V4: =COUNTIF(V17,"=✔")+COUNTIF(V23,"=✔")+COUNTIF(V30,"=✔")+COUNTIF(V52:V61,"=✔")+COUNTIF(V11,"=✔")+COUNTIF(V39,"=✔")+COUNTIF(V64:V67,"=✔")+COUNTIF(V80:V83,"=✔")+COUNTIF(V86:V90,"=✔")+COUNTIF(V70:V77,"=✔")+COUNTIF(V95,"=✔") -> 0 | X4: =COUNTIF(X17,"=✔")+COUNTIF(X23,"=✔")+COUNTIF(X30,"=✔")+COUNTIF(X52:X61,"=✔")+COUNTIF(X11,"=✔")+COUNTIF(X39,"=✔")+COUNTIF(X64:X67,"=✔")+COUNTIF(X80:X83,"=✔")+COUNTIF(X86:X90,"=✔")+COUNTIF(X70:X77,"=✔")+COUNTIF(X95,"=✔") -> 0 | Y4: =COUNTIF(Y17,"=✔")+COUNTIF(Y23,"=✔")+COUNTIF(Y30,"=✔")+COUNTIF(Y52:Y61,"=✔")+COUNTIF(Y11,"=✔")+COUNTIF(Y39,"=✔")+COUNTIF(Y64:Y67,"=✔")+COUNTIF(Y80:Y83,"=✔")+COUNTIF(Y86:Y90,"=✔")+COUNTIF(Y70:Y77,"=✔")+COUNTIF(Y95,"=✔") -> 0 | Z4: =COUNTIF(Z17,"=✔")+COUNTIF(Z23,"=✔")+COUNTIF(Z30,"=✔")+COUNTIF(Z52:Z61,"=✔")+COUNTIF(Z11,"=✔")+COUNTIF(Z39,"=✔")+COUNTIF(Z64:Z67,"=✔")+COUNTIF(Z80:Z83,"=✔")+COUNTIF(Z86:Z90,"=✔")+COUNTIF(Z70:Z77,"=✔")+COUNTIF(Z95,"=✔") -> 0 | AA4: =COUNTIF(AA17,"=✔")+COUNTIF(AA23,"=✔")+COUNTIF(AA30,"=✔")+COUNTIF(AA52:AA61,"=✔")+COUNTIF(AA11,"=✔")+COUNTIF(AA39,"=✔")+COUNTIF(AA64:AA67,"=✔")+COUNTIF(AA80:AA83,"=✔")+COUNTIF(AA86:AA90,"=✔")+COUNTIF(AA70:AA77,"=✔")+COUNTIF(AA95,"=✔") -> 0 | AB4: =COUNTIF(AB17,"=✔")+COUNTIF(AB23,"=✔")+COUNTIF(AB30,"=✔")+COUNTIF(AB52:AB61,"=✔")+COUNTIF(AB11,"=✔")+COUNTIF(AB39,"=✔")+COUNTIF(AB64:AB67,"=✔")+COUNTIF(AB80:AB83,"=✔")+COUNTIF(AB86:AB90,"=✔")+COUNTIF(AB70:AB77,"=✔")+COUNTIF(AB95,"=✔") -> 0 | AC4: =COUNTIF(AC17,"=✔")+COUNTIF(AC23,"=✔")+COUNTIF(AC30,"=✔")+COUNTIF(AC52:AC61,"=✔")+COUNTIF(AC11,"=✔")+COUNTIF(AC39,"=✔")+COUNTIF(AC64:AC67,"=✔")+COUNTIF(AC80:AC83,"=✔")+COUNTIF(AC86:AC90,"=✔")+COUNTIF(AC70:AC77,"=✔")+COUNTIF(AC95,"=✔") -> 0 | AD4: =COUNTIF(AD17,"=✔")+COUNTIF(AD23,"=✔")+COUNTIF(AD30,"=✔")+COUNTIF(AD52:AD61,"=✔")+COUNTIF(AD11,"=✔")+COUNTIF(AD39,"=✔")+COUNTIF(AD64:AD67,"=✔")+COUNTIF(AD80:AD83,"=✔")+COUNTIF(AD86:AD90,"=✔")+COUNTIF(AD70:AD77,"=✔")+COUNTIF(AD95,"=✔") -> 0 | AE4: =COUNTIF(AE17,"=✔")+COUNTIF(AE23,"=✔")+COUNTIF(AE30,"=✔")+COUNTIF(AE52:AE61,"=✔")+COUNTIF(AE11,"=✔")+COUNTIF(AE39,"=✔")+COUNTIF(AE64:AE67,"=✔")+COUNTIF(AE80:AE83,"=✔")+COUNTIF(AE86:AE90,"=✔")+COUNTIF(AE70:AE77,"=✔")+COUNTIF(AE95,"=✔") -> 0 | ... AG4: =COUNTIF(AG17,"=✔")+COUNTIF(AG23,"=✔")+COUNTIF(AG30,"=✔")+COUNTIF(AG52:AG61,"=✔")+COUNTIF(AG11,"=✔")+COUNTIF(AG39,"=✔")+COUNTIF(AG64:AG67,"=✔")+COUNTIF(AG80:AG83,"=✔")+COUNTIF(AG86:AG90,"=✔")+COUNTIF(AG70:AG77,"=✔")+COUNTIF(AG95,"=✔") -> 0 | AI4: =COUNTIF(AI17,"=✔")+COUNTIF(AI23,"=✔")+COUNTIF(AI30,"=✔")+COUNTIF(AI52:AI61,"=✔")+COUNTIF(AI11,"=✔")+COUNTIF(AI39,"=✔")+COUNTIF(AI64:AI67,"=✔")+COUNTIF(AI80:AI83,"=✔")+COUNTIF(AI86:AI90,"=✔")+COUNTIF(AI70:AI77,"=✔")+COUNTIF(AI95,"=✔") -> 0 | AJ4: =COUNTIF(AJ17,"=✔")+COUNTIF(AJ23,"=✔")+COUNTIF(AJ30,"=✔")+COUNTIF(AJ52:AJ61,"=✔")+COUNTIF(AJ11,"=✔")+COUNTIF(AJ39,"=✔")+COUNTIF(AJ64:AJ67,"=✔")+COUNTIF(AJ80:AJ83,"=✔")+COUNTIF(AJ86:AJ90,"=✔")+COUNTIF(AJ70:AJ77,"=✔")+COUNTIF(AJ95,"=✔") -> 0 | AK4: =COUNTIF(AK17,"=✔")+COUNTIF(AK23,"=✔")+COUNTIF(AK30,"=✔")+COUNTIF(AK52:AK61,"=✔")+COUNTIF(AK11,"=✔")+COUNTIF(AK39,"=✔")+COUNTIF(AK64:AK67,"=✔")+COUNTIF(AK80:AK83,"=✔")+COUNTIF(AK86:AK90,"=✔")+COUNTIF(AK70:AK77,"=✔")+COUNTIF(AK95,"=✔") -> 0 | AL4: =COUNTIF(AL17,"=✔")+COUNTIF(AL23,"=✔")+COUNTIF(AL30,"=✔")+COUNTIF(AL52:AL61,"=✔")+COUNTIF(AL11,"=✔")+COUNTIF(AL39,"=✔")+COUNTIF(AL64:AL67,"=✔")+COUNTIF(AL80:AL83,"=✔")+COUNTIF(AL86:AL90,"=✔")+COUNTIF(AL70:AL77,"=✔")+COUNTIF(AL95,"=✔") -> 0 | AM4: =COUNTIF(AM17,"=✔")+COUNTIF(AM23,"=✔")+COUNTIF(AM30,"=✔")+COUNTIF(AM52:AM61,"=✔")+COUNTIF(AM11,"=✔")+COUNTIF(AM39,"=✔")+COUNTIF(AM64:AM67,"=✔")+COUNTIF(AM80:AM83,"=✔")+COUNTIF(AM86:AM90,"=✔")+COUNTIF(AM70:AM77,"=✔")+COUNTIF(AM95,"=✔") -> 0 | AN4: =COUNTIF(AN17,"=✔")+COUNTIF(AN23,"=✔")+COUNTIF(AN30,"=✔")+COUNTIF(AN52:AN61,"=✔")+COUNTIF(AN11,"=✔")+COUNTIF(AN39,"=✔")+COUNTIF(AN64:AN67,"=✔")+COUNTIF(AN80:AN83,"=✔")+COUNTIF(AN86:AN90,"=✔")+COUNTIF(AN70:AN77,"=✔")+COUNTIF(AN95,"=✔") -> 0 | AO4: =COUNTIF(AO17,"=✔")+COUNTIF(AO23,"=✔")+COUNTIF(AO30,"=✔")+COUNTIF(AO52:AO61,"=✔")+COUNTIF(AO11,"=✔")+COUNTIF(AO39,"=✔")+COUNTIF(AO64:AO67,"=✔")+COUNTIF(AO80:AO83,"=✔")+COUNTIF(AO86:AO90,"=✔")+COUNTIF(AO70:AO77,"=✔")+COUNTIF(AO95,"=✔") -> 0 | AP4: =COUNTIF(AP17,"=✔")+COUNTIF(AP23,"=✔")+COUNTIF(AP30,"=✔")+COUNTIF(AP52:AP61,"=✔")+COUNTIF(AP11,"=✔")+COUNTIF(AP39,"=✔")+COUNTIF(AP64:AP67,"=✔")+COUNTIF(AP80:AP83,"=✔")+COUNTIF(AP86:AP90,"=✔")+COUNTIF(AP70:AP77,"=✔")+COUNTIF(AP95,"=✔") -> 0 | ... AR4: =COUNTIF(AR17,"=✔")+COUNTIF(AR23,"=✔")+COUNTIF(AR30,"=✔")+COUNTIF(AR52:AR61,"=✔")+COUNTIF(AR11,"=✔")+COUNTIF(AR39,"=✔")+COUNTIF(AR64:AR67,"=✔")+COUNTIF(AR80:AR83,"=✔")+COUNTIF(AR86:AR90,"=✔")+COUNTIF(AR70:AR77,"=✔")+COUNTIF(AR95,"=✔") -> 0 | AV4: =COUNTIF(AV17,"=✔")+COUNTIF(AV23,"=✔")+COUNTIF(AV30,"=✔")+COUNTIF(AV52:AV61,"=✔")+COUNTIF(AV11,"=✔")+COUNTIF(AV39,"=✔")+COUNTIF(AV64:AV67,"=✔")+COUNTIF(AV80:AV83,"=✔")+COUNTIF(AV86:AV90,"=✔")+COUNTIF(AV70:AV77,"=✔")+COUNTIF(AV95,"=✔") -> 8 | AW4: =COUNTIF(AW17,"=✔")+COUNTIF(AW23,"=✔")+COUNTIF(AW30,"=✔")+COUNTIF(AW52:AW61,"=✔")+COUNTIF(AW11,"=✔")+COUNTIF(AW39,"=✔")+COUNTIF(AW64:AW67,"=✔")+COUNTIF(AW80:AW83,"=✔")+COUNTIF(AW86:AW90,"=✔")+COUNTIF(AW70:AW77,"=✔")+COUNTIF(AW95,"=✔") -> 0 | AX4: =COUNTIF(AX17,"=✔")+COUNTIF(AX23,"=✔")+COUNTIF(AX30,"=✔")+COUNTIF(AX52:AX61,"=✔")+COUNTIF(AX11,"=✔")+COUNTIF(AX39,"=✔")+COUNTIF(AX64:AX67,"=✔")+COUNTIF(AX80:AX83,"=✔")+COUNTIF(AX86:AX90,"=✔")+COUNTIF(AX70:AX77,"=✔")+COUNTIF(AX95,"=✔") -> 0 | AY4: =COUNTIF(AY17,"=✔")+COUNTIF(AY23,"=✔")+COUNTIF(AY30,"=✔")+COUNTIF(AY52:AY61,"=✔")+COUNTIF(AY11,"=✔")+COUNTIF(AY39,"=✔")+COUNTIF(AY64:AY67,"=✔")+COUNTIF(AY80:AY83,"=✔")+COUNTIF(AY86:AY90,"=✔")+COUNTIF(AY70:AY77,"=✔")+COUNTIF(AY95,"=✔") -> 3 | AZ4: =COUNTIF(AZ17,"=✔")+COUNTIF(AZ23,"=✔")+COUNTIF(AZ30,"=✔")+COUNTIF(AZ52:AZ61,"=✔")+COUNTIF(AZ11,"=✔")+COUNTIF(AZ39,"=✔")+COUNTIF(AZ64:AZ67,"=✔")+COUNTIF(AZ80:AZ83,"=✔")+COUNTIF(AZ86:AZ90,"=✔")+COUNTIF(AZ70:AZ77,"=✔")+COUNTIF(AZ95,"=✔") -> 5 | BA4: =COUNTIF(BA17,"=✔")+COUNTIF(BA23,"=✔")+COUNTIF(BA30,"=✔")+COUNTIF(BA52:BA61,"=✔")+COUNTIF(BA11,"=✔")+COUNTIF(BA39,"=✔")+COUNTIF(BA64:BA67,"=✔")+COUNTIF(BA80:BA83,"=✔")+COUNTIF(BA86:BA90,"=✔")+COUNTIF(BA70:BA77,"=✔")+COUNTIF(BA95,"=✔") -> 0 | BB4: =COUNTIF(BB17,"=✔")+COUNTIF(BB23,"=✔")+COUNTIF(BB30,"=✔")+COUNTIF(BB52:BB61,"=✔")+COUNTIF(BB11,"=✔")+COUNTIF(BB39,"=✔")+COUNTIF(BB64:BB67,"=✔")+COUNTIF(BB80:BB83,"=✔")+COUNTIF(BB86:BB90,"=✔")+COUNTIF(BB70:BB77,"=✔")+COUNTIF(BB95,"=✔") -> 0 | BC4: =COUNTIF(BC17,"=✔")+COUNTIF(BC23,"=✔")+COUNTIF(BC30,"=✔")+COUNTIF(BC52:BC61,"=✔")+COUNTIF(BC11,"=✔")+COUNTIF(BC39,"=✔")+COUNTIF(BC64:BC67,"=✔")+COUNTIF(BC80:BC83,"=✔")+COUNTIF(BC86:BC90,"=✔")+COUNTIF(BC70:BC77,"=✔")+COUNTIF(BC95,"=✔") -> 0 | ... CA4: =COUNTIF(CA17,"=✔")+COUNTIF(CA23,"=✔")+COUNTIF(CA30,"=✔")+COUNTIF(CA52:CA61,"=✔")+COUNTIF(CA11,"=✔")+COUNTIF(CA39,"=✔")+COUNTIF(CA64:CA67,"=✔")+COUNTIF(CA80:CA83,"=✔")+COUNTIF(CA86:CA90,"=✔")+COUNTIF(CA70:CA77,"=✔")+COUNTIF(CA95,"=✔") -> 0 | CE4: =COUNTIF(CE17,"=✔")+COUNTIF(CE23,"=✔")+COUNTIF(CE30,"=✔")+COUNTIF(CE52:CE61,"=✔")+COUNTIF(CE11,"=✔")+COUNTIF(CE39,"=✔")+COUNTIF(CE64:CE67,"=✔")+COUNTIF(CE80:CE83,"=✔")+COUNTIF(CE86:CE90,"=✔")+COUNTIF(CE70:CE77,"=✔")+COUNTIF(CE95,"=✔") -> 20 | CF4: =COUNTIF(CF17,"=✔")+COUNTIF(CF23,"=✔")+COUNTIF(CF30,"=✔")+COUNTIF(CF52:CF61,"=✔")+COUNTIF(CF11,"=✔")+COUNTIF(CF39,"=✔")+COUNTIF(CF64:CF67,"=✔")+COUNTIF(CF80:CF83,"=✔")+COUNTIF(CF86:CF90,"=✔")+COUNTIF(CF70:CF77,"=✔")+COUNTIF(CF95,"=✔") -> 0 | CG4: =COUNTIF(CG17,"=✔")+COUNTIF(CG23,"=✔")+COUNTIF(CG30,"=✔")+COUNTIF(CG52:CG61,"=✔")+COUNTIF(CG11,"=✔")+COUNTIF(CG39,"=✔")+COUNTIF(CG64:CG67,"=✔")+COUNTIF(CG80:CG83,"=✔")+COUNTIF(CG86:CG90,"=✔")+COUNTIF(CG70:CG77,"=✔")+COUNTIF(CG95,"=✔") -> 0 | CH4: =COUNTIF(CH17,"=✔")+COUNTIF(CH23,"=✔")+COUNTIF(CH30,"=✔")+COUNTIF(CH52:CH61,"=✔")+COUNTIF(CH11,"=✔")+COUNTIF(CH39,"=✔")+COUNTIF(CH64:CH67,"=✔")+COUNTIF(CH80:CH83,"=✔")+COUNTIF(CH86:CH90,"=✔")+COUNTIF(CH70:CH77,"=✔")+COUNTIF(CH95,"=✔") -> 10 | CI4: =COUNTIF(CI17,"=✔")+COUNTIF(CI23,"=✔")+COUNTIF(CI30,"=✔")+COUNTIF(CI52:CI61,"=✔")+COUNTIF(CI11,"=✔")+COUNTIF(CI39,"=✔")+COUNTIF(CI64:CI67,"=✔")+COUNTIF(CI80:CI83,"=✔")+COUNTIF(CI86:CI90,"=✔")+COUNTIF(CI70:CI77,"=✔")+COUNTIF(CI95,"=✔") -> 10 | CJ4: =COUNTIF(CJ17,"=✔")+COUNTIF(CJ23,"=✔")+COUNTIF(CJ30,"=✔")+COUNTIF(CJ52:CJ61,"=✔")+COUNTIF(CJ11,"=✔")+COUNTIF(CJ39,"=✔")+COUNTIF(CJ64:CJ67,"=✔")+COUNTIF(CJ80:CJ83,"=✔")+COUNTIF(CJ86:CJ90,"=✔")+COUNTIF(CJ70:CJ77,"=✔")+COUNTIF(CJ95,"=✔") -> 2 | CK4: =COUNTIF(CK17,"=✔")+COUNTIF(CK23,"=✔")+COUNTIF(CK30,"=✔")+COUNTIF(CK52:CK61,"=✔")+COUNTIF(CK11,"=✔")+COUNTIF(CK39,"=✔")+COUNTIF(CK64:CK67,"=✔")+COUNTIF(CK80:CK83,"=✔")+COUNTIF(CK86:CK90,"=✔")+COUNTIF(CK70:CK77,"=✔")+COUNTIF(CK95,"=✔") -> 0 | CL4: =COUNTIF(CL17,"=✔")+COUNTIF(CL23,"=✔")+COUNTIF(CL30,"=✔")+COUNTIF(CL52:CL61,"=✔")+COUNTIF(CL11,"=✔")+COUNTIF(CL39,"=✔")+COUNTIF(CL64:CL67,"=✔")+COUNTIF(CL80:CL83,"=✔")+COUNTIF(CL86:CL90,"=✔")+COUNTIF(CL70:CL77,"=✔")+COUNTIF(CL95,"=✔") -> 0 | ... DJ4: =COUNTIF(DJ17,"=✔")+COUNTIF(DJ23,"=✔")+COUNTIF(DJ30,"=✔")+COUNTIF(DJ52:DJ61,"=✔")+COUNTIF(DJ11,"=✔")+COUNTIF(DJ39,"=✔")+COUNTIF(DJ64:DJ67,"=✔")+COUNTIF(DJ80:DJ83,"=✔")+COUNTIF(DJ86:DJ90,"=✔")+COUNTIF(DJ70:DJ77,"=✔")+COUNTIF(DJ95,"=✔") -> 0 | DN4: =COUNTIF(DN17,"=✔")+COUNTIF(DN23,"=✔")+COUNTIF(DN30,"=✔")+COUNTIF(DN52:DN61,"=✔")+COUNTIF(DN11,"=✔")+COUNTIF(DN39,"=✔")+COUNTIF(DN64:DN67,"=✔")+COUNTIF(DN80:DN83,"=✔")+COUNTIF(DN86:DN90,"=✔")+COUNTIF(DN70:DN77,"=✔")+COUNTIF(DN95,"=✔") -> 13 | DO4: =COUNTIF(DO17,"=✔")+COUNTIF(DO23,"=✔")+COUNTIF(DO30,"=✔")+COUNTIF(DO52:DO61,"=✔")+COUNTIF(DO11,"=✔")+COUNTIF(DO39,"=✔")+COUNTIF(DO64:DO67,"=✔")+COUNTIF(DO80:DO83,"=✔")+COUNTIF(DO86:DO90,"=✔")+COUNTIF(DO70:DO77,"=✔")+COUNTIF(DO95,"=✔") -> 4 | DP4: =COUNTIF(DP17,"=✔")+COUNTIF(DP23,"=✔")+COUNTIF(DP30,"=✔")+COUNTIF(DP52:DP61,"=✔")+COUNTIF(DP11,"=✔")+COUNTIF(DP39,"=✔")+COUNTIF(DP64:DP67,"=✔")+COUNTIF(DP80:DP83,"=✔")+COUNTIF(DP86:DP90,"=✔")+COUNTIF(DP70:DP77,"=✔")+COUNTIF(DP95,"=✔") -> 2 | DQ4: =COUNTIF(DQ17,"=✔")+COUNTIF(DQ23,"=✔")+COUNTIF(DQ30,"=✔")+COUNTIF(DQ52:DQ61,"=✔")+COUNTIF(DQ11,"=✔")+COUNTIF(DQ39,"=✔")+COUNTIF(DQ64:DQ67,"=✔")+COUNTIF(DQ80:DQ83,"=✔")+COUNTIF(DQ86:DQ90,"=✔")+COUNTIF(DQ70:DQ77,"=✔")+COUNTIF(DQ95,"=✔") -> 2 | DR4: =COUNTIF(DR17,"=✔")+COUNTIF(DR23,"=✔")+COUNTIF(DR30,"=✔")+COUNTIF(DR52:DR61,"=✔")+COUNTIF(DR11,"=✔")+COUNTIF(DR39,"=✔")+COUNTIF(DR64:DR67,"=✔")+COUNTIF(DR80:DR83,"=✔")+COUNTIF(DR86:DR90,"=✔")+COUNTIF(DR70:DR77,"=✔")+COUNTIF(DR95,"=✔") -> 5 | DS4: =COUNTIF(DS17,"=✔")+COUNTIF(DS23,"=✔")+COUNTIF(DS30,"=✔")+COUNTIF(DS52:DS61,"=✔")+COUNTIF(DS11,"=✔")+COUNTIF(DS39,"=✔")+COUNTIF(DS64:DS67,"=✔")+COUNTIF(DS80:DS83,"=✔")+COUNTIF(DS86:DS90,"=✔")+COUNTIF(DS70:DS77,"=✔")+COUNTIF(DS95,"=✔") -> 3 | DT4: =COUNTIF(DT17,"=✔")+COUNTIF(DT23,"=✔")+COUNTIF(DT30,"=✔")+COUNTIF(DT52:DT61,"=✔")+COUNTIF(DT11,"=✔")+COUNTIF(DT39,"=✔")+COUNTIF(DT64:DT67,"=✔")+COUNTIF(DT80:DT83,"=✔")+COUNTIF(DT86:DT90,"=✔")+COUNTIF(DT70:DT77,"=✔")+COUNTIF(DT95,"=✔") -> 0 | DU4: =COUNTIF(DU17,"=✔")+COUNTIF(DU23,"=✔")+COUNTIF(DU30,"=✔")+COUNTIF(DU52:DU61,"=✔")+COUNTIF(DU11,"=✔")+COUNTIF(DU39,"=✔")+COUNTIF(DU64:DU67,"=✔")+COUNTIF(DU80:DU83,"=✔")+COUNTIF(DU86:DU90,"=✔")+COUNTIF(DU70:DU77,"=✔")+COUNTIF(DU95,"=✔") -> 0 | ... ES4: =COUNTIF(ES17,"=✔")+COUNTIF(ES23,"=✔")+COUNTIF(ES30,"=✔")+COUNTIF(ES52:ES61,"=✔")+COUNTIF(ES11,"=✔")+COUNTIF(ES39,"=✔")+COUNTIF(ES64:ES67,"=✔")+COUNTIF(ES80:ES83,"=✔")+COUNTIF(ES86:ES90,"=✔")+COUNTIF(ES70:ES77,"=✔")+COUNTIF(ES95,"=✔") -> 0
C5: Design Fees
C9: DESIGN | F9: =F11+F17+F23+F30+F39 -> 16 | G9: =G11+G17+G23+G30+G39 -> 16 | H9: =H11+H17+H23+H30+H39 -> 16 | I9: =I11+I17+I23+I30+I39 -> 0
C11: 1 | D11: Contract + Design Brief | F11: =COUNTIF('Design Fee'!AU11,">0")+COUNTIF('Design Fee'!EO11,">0")+COUNTIF('Design Fee'!II11,">0")+COUNTIF('Design Fee'!ME11,">0") -> 1 | G11: =COUNTIF('Design Fee'!AX11,">0")+COUNTIF('Design Fee'!ER11,">0")+COUNTIF('Design Fee'!IL11,">0")+COUNTIF('Design Fee'!MF11,">0") -> 1 | H11: =COUNTIF('Design Fee'!AY11,">0")+COUNTIF('Design Fee'!ES11,">0")+COUNTIF('Design Fee'!IM11,">0")+COUNTIF('Design Fee'!MG11,">0") -> 1 | I11: =F11-G11 -> 0 | K11: =IF('Design Fee'!AU11>0,"✔","-") -> ✔ | M11: =IF('Design Fee'!AZ11>0,"✔","-") -> - | N11: =IF('Design Fee'!BA11>0,"✔","-") -> - | O11: =IF('Design Fee'!BB11>0,"✔","-") -> - | P11: =IF('Design Fee'!BC11>0,"✔","-") -> - | Q11: =IF('Design Fee'!BD11>0,"✔","-") -> - | R11: =IF('Design Fee'!BF11>0,"✔","-") -> - | S11: =IF('Design Fee'!BG11>0,"✔","-") -> - | T11: =IF('Design Fee'!BH11>0,"✔","-") -> - | U11: =IF('Design Fee'!BI11>0,"✔","-") -> - | V11: =IF('Design Fee'!BJ11>0,"✔","-") -> - | X11: =IF('Design Fee'!CE11>0,"✔","-") -> - | Y11: =IF('Design Fee'!CF11>0,"✔","-") -> - | Z11: =IF('Design Fee'!CG11>0,"✔","-") -> - | AA11: =IF('Design Fee'!CH11>0,"✔","-") -> - | AB11: =IF('Design Fee'!CI11>0,"✔","-") -> - | AC11: =IF('Design Fee'!CK11>0,"✔","-") -> - | AD11: =IF('Design Fee'!CL11>0,"✔","-") -> - | AE11: =IF('Design Fee'!CM11>0,"✔","-") -> - | AF11: =IF('Design Fee'!CN11>0,"✔","-") -> - | AG11: =IF('Design Fee'!CO11>0,"✔","-") -> - | AI11: =IF('Design Fee'!DJ11>0,"✔","-") -> - | AJ11: =IF('Design Fee'!DK11>0,"✔","-") -> - | AK11: =IF('Design Fee'!DL11>0,"✔","-") -> - | AL11: =IF('Design Fee'!DM11>0,"✔","-") -> - | AM11: =IF('Design Fee'!DN11>0,"✔","-") -> - | AN11: =IF('Design Fee'!DP11>0,"✔","-") -> - | AO11: =IF('Design Fee'!DQ11>0,"✔","-") -> - | AP11: =IF('Design Fee'!DR11>0,"✔","-") -> - | AQ11: =IF('Design Fee'!DS11>0,"✔","-") -> - | AR11: =IF('Design Fee'!DT11>0,"✔","-") -> - | AT11: =IF('Design Fee'!EO11>0,"✔","-") -> - | AV11: =IF('Design Fee'!ET11>0,"✔","-") -> - | AW11: =IF('Design Fee'!EU11>0,"✔","-") -> - | AX11: =IF('Design Fee'!EV11>0,"✔","-") -> - | AY11: =IF('Design Fee'!EW11>0,"✔","-") -> - | AZ11: =IF('Design Fee'!EX11>0,"✔","-") -> - | BA11: =IF('Design Fee'!EZ11>0,"✔","-") -> - | BB11: =IF('Design Fee'!FA11>0,"✔","-") -> - | BC11: =IF('Design Fee'!FB11>0,"✔","-") -> - | BD11: =IF('Design Fee'!FC11>0,"✔","-") -> - | BE11: =IF('Design Fee'!FD11>0,"✔","-") -> - | BG11: =IF('Design Fee'!FY11>0,"✔","-") -> - | BH11: =IF('Design Fee'!FZ11>0,"✔","-") -> - | BI11: =IF('Design Fee'!GA11>0,"✔","-") -> - | BJ11: =IF('Design Fee'!GB11>0,"✔","-") -> - | BK11: =IF('Design Fee'!GC11>0,"✔","-") -> - | BL11: =IF('Design Fee'!GE11>0,"✔","-") -> - | BM11: =IF('Design Fee'!GF11>0,"✔","-") -> - | BN11: =IF('Design Fee'!GG11>0,"✔","-") -> - | BO11: =IF('Design Fee'!GH11>0,"✔","-") -> - | BP11: =IF('Design Fee'!GI11>0,"✔","-") -> - | BR11: =IF('Design Fee'!HD11>0,"✔","-") -> - | BS11: =IF('Design Fee'!HE11>0,"✔","-") -> - | BT11: =IF('Design Fee'!HF11>0,"✔","-") -> - | BU11: =IF('Design Fee'!HG11>0,"✔","-") -> - | BV11: =IF('Design Fee'!HH11>0,"✔","-") -> - | BW11: =IF('Design Fee'!HJ11>0,"✔","-") -> - | BX11: =IF('Design Fee'!HK11>0,"✔","-") -> - | BY11: =IF('Design Fee'!HL11>0,"✔","-") -> - | BZ11: =IF('Design Fee'!HM11>0,"✔","-") -> - | CA11: =IF('Design Fee'!HN11>0,"✔","-") -> - | CC11: =IF('Design Fee'!II11>0,"✔","-") -> - | CE11: =IF('Design Fee'!IN11>0,"✔","-") -> - | CF11: =IF('Design Fee'!IO11>0,"✔","-") -> - | CG11: =IF('Design Fee'!IP11>0,"✔","-") -> - | CH11: =IF('Design Fee'!IQ11>0,"✔","-") -> - | CI11: =IF('Design Fee'!IR11>0,"✔","-") -> - | CJ11: =IF('Design Fee'!IT11>0,"✔","-") -> - | CK11: =IF('Design Fee'!IU11>0,"✔","-") -> - | CL11: =IF('Design Fee'!IV11>0,"✔","-") -> - | CM11: =IF('Design Fee'!IW11>0,"✔","-") -> - | CN11: =IF('Design Fee'!IX11>0,"✔","-") -> - | CP11: =IF('Design Fee'!JS11>0,"✔","-") -> - | CQ11: =IF('Design Fee'!JT11>0,"✔","-") -> - | CR11: =IF('Design Fee'!JU11>0,"✔","-") -> - | CS11: =IF('Design Fee'!JV11>0,"✔","-") -> - | CT11: =IF('Design Fee'!JW11>0,"✔","-") -> - | CU11: =IF('Design Fee'!JY11>0,"✔","-") -> - | CV11: =IF('Design Fee'!JZ11>0,"✔","-") -> - | CW11: =IF('Design Fee'!KA11>0,"✔","-") -> - | CX11: =IF('Design Fee'!KB11>0,"✔","-") -> - | CY11: =IF('Design Fee'!KC11>0,"✔","-") -> - | DA11: =IF('Design Fee'!KX11>0,"✔","-") -> - | DB11: =IF('Design Fee'!KY11>0,"✔","-") -> - | DC11: =IF('Design Fee'!KZ11>0,"✔","-") -> - | DD11: =IF('Design Fee'!LA11>0,"✔","-") -> - | DE11: =IF('Design Fee'!LB11>0,"✔","-") -> - | DF11: =IF('Design Fee'!LD11>0,"✔","-") -> - | DG11: =IF('Design Fee'!LE11>0,"✔","-") -> - | DH11: =IF('Design Fee'!LF11>0,"✔","-") -> - | DI11: =IF('Design Fee'!LG11>0,"✔","-") -> - | DJ11: =IF('Design Fee'!LH11>0,"✔","-") -> - | DL11: =IF('Design Fee'!MC11>0,"✔","-") -> - | DN11: =IF('Design Fee'!MH11>0,"✔","-") -> - | DO11: =IF('Design Fee'!MI11>0,"✔","-") -> - | DP11: =IF('Design Fee'!MJ11>0,"✔","-") -> - | DQ11: =IF('Design Fee'!MK11>0,"✔","-") -> - | DR11: =IF('Design Fee'!ML11>0,"✔","-") -> - | DS11: =IF('Design Fee'!MN11>0,"✔","-") -> - | DT11: =IF('Design Fee'!MO11>0,"✔","-") -> - | DU11: =IF('Design Fee'!MP11>0,"✔","-") -> - | DV11: =IF('Design Fee'!MQ11>0,"✔","-") -> - | DW11: =IF('Design Fee'!MR11>0,"✔","-") -> - | DY11: =IF('Design Fee'!NM11>0,"✔","-") -> - | DZ11: =IF('Design Fee'!NN11>0,"✔","-") -> - | EA11: =IF('Design Fee'!NO11>0,"✔","-") -> - | EB11: =IF('Design Fee'!NP11>0,"✔","-") -> - | EC11: =IF('Design Fee'!NQ11>0,"✔","-") -> - | ED11: =IF('Design Fee'!NS11>0,"✔","-") -> - | EE11: =IF('Design Fee'!NT11>0,"✔","-") -> - | EF11: =IF('Design Fee'!NU11>0,"✔","-") -> - | EG11: =IF('Design Fee'!NV11>0,"✔","-") -> - | EH11: =IF('Design Fee'!NW11>0,"✔","-") -> - | EJ11: =IF('Design Fee'!OR11>0,"✔","-") -> - | EK11: =IF('Design Fee'!OS11>0,"✔","-") -> - | EL11: =IF('Design Fee'!OT11>0,"✔","-") -> - | EM11: =IF('Design Fee'!OU11>0,"✔","-") -> - | EN11: =IF('Design Fee'!OV11>0,"✔","-") -> - | EO11: =IF('Design Fee'!OX11>0,"✔","-") -> - | EP11: =IF('Design Fee'!OY11>0,"✔","-") -> - | EQ11: =IF('Design Fee'!OZ11>0,"✔","-") -> - | ER11: =IF('Design Fee'!PA11>0,"✔","-") -> - | ES11: =IF('Design Fee'!PB11>0,"✔","-") -> -
C12: 1 | D12: Vision Statement | K12: =IF('Design Fee'!AU12>0,"✔","-") -> - | M12: =IF('Design Fee'!AZ12>0,"✔","-") -> - | N12: =IF('Design Fee'!BA12>0,"✔","-") -> - | O12: =IF('Design Fee'!BB12>0,"✔","-") -> - | P12: =IF('Design Fee'!BC12>0,"✔","-") -> - | Q12: =IF('Design Fee'!BD12>0,"✔","-") -> - | R12: =IF('Design Fee'!BF12>0,"✔","-") -> - | S12: =IF('Design Fee'!BG12>0,"✔","-") -> - | T12: =IF('Design Fee'!BH12>0,"✔","-") -> - | U12: =IF('Design Fee'!BI12>0,"✔","-") -> - | V12: =IF('Design Fee'!BJ12>0,"✔","-") -> - | X12: =IF('Design Fee'!CE12>0,"✔","-") -> - | Y12: =IF('Design Fee'!CF12>0,"✔","-") -> - | Z12: =IF('Design Fee'!CG12>0,"✔","-") -> - | AA12: =IF('Design Fee'!CH12>0,"✔","-") -> - | AB12: =IF('Design Fee'!CI12>0,"✔","-") -> - | AC12: =IF('Design Fee'!CK12>0,"✔","-") -> - | AD12: =IF('Design Fee'!CL12>0,"✔","-") -> - | AE12: =IF('Design Fee'!CM12>0,"✔","-") -> - | AF12: =IF('Design Fee'!CN12>0,"✔","-") -> - | AG12: =IF('Design Fee'!CO12>0,"✔","-") -> - | AI12: =IF('Design Fee'!DJ12>0,"✔","-") -> - | AJ12: =IF('Design Fee'!DK12>0,"✔","-") -> - | AK12: =IF('Design Fee'!DL12>0,"✔","-") -> - | AL12: =IF('Design Fee'!DM12>0,"✔","-") -> - | AM12: =IF('Design Fee'!DN12>0,"✔","-") -> - | AN12: =IF('Design Fee'!DP12>0,"✔","-") -> - | AO12: =IF('Design Fee'!DQ12>0,"✔","-") -> - | AP12: =IF('Design Fee'!DR12>0,"✔","-") -> - | AQ12: =IF('Design Fee'!DS12>0,"✔","-") -> - | AR12: =IF('Design Fee'!DT12>0,"✔","-") -> - | AT12: =IF('Design Fee'!EO12>0,"✔","-") -> - | AV12: =IF('Design Fee'!ET12>0,"✔","-") -> - | AW12: =IF('Design Fee'!EU12>0,"✔","-") -> - | AX12: =IF('Design Fee'!EV12>0,"✔","-") -> - | AY12: =IF('Design Fee'!EW12>0,"✔","-") -> - | AZ12: =IF('Design Fee'!EX12>0,"✔","-") -> - | BA12: =IF('Design Fee'!EZ12>0,"✔","-") -> - | BB12: =IF('Design Fee'!FA12>0,"✔","-") -> - | BC12: =IF('Design Fee'!FB12>0,"✔","-") -> - | BD12: =IF('Design Fee'!FC12>0,"✔","-") -> - | BE12: =IF('Design Fee'!FD12>0,"✔","-") -> - | BG12: =IF('Design Fee'!FY12>0,"✔","-") -> - | BH12: =IF('Design Fee'!FZ12>0,"✔","-") -> - | BI12: =IF('Design Fee'!GA12>0,"✔","-") -> - | BJ12: =IF('Design Fee'!GB12>0,"✔","-") -> - | BK12: =IF('Design Fee'!GC12>0,"✔","-") -> - | BL12: =IF('Design Fee'!GE12>0,"✔","-") -> - | BM12: =IF('Design Fee'!GF12>0,"✔","-") -> - | BN12: =IF('Design Fee'!GG12>0,"✔","-") -> - | BO12: =IF('Design Fee'!GH12>0,"✔","-") -> - | BP12: =IF('Design Fee'!GI12>0,"✔","-") -> - | BR12: =IF('Design Fee'!HD12>0,"✔","-") -> - | BS12: =IF('Design Fee'!HE12>0,"✔","-") -> - | BT12: =IF('Design Fee'!HF12>0,"✔","-") -> - | BU12: =IF('Design Fee'!HG12>0,"✔","-") -> - | BV12: =IF('Design Fee'!HH12>0,"✔","-") -> - | BW12: =IF('Design Fee'!HJ12>0,"✔","-") -> - | BX12: =IF('Design Fee'!HK12>0,"✔","-") -> - | BY12: =IF('Design Fee'!HL12>0,"✔","-") -> - | BZ12: =IF('Design Fee'!HM12>0,"✔","-") -> - | CA12: =IF('Design Fee'!HN12>0,"✔","-") -> - | CC12: =IF('Design Fee'!II12>0,"✔","-") -> - | CE12: =IF('Design Fee'!IN12>0,"✔","-") -> - | CF12: =IF('Design Fee'!IO12>0,"✔","-") -> - | CG12: =IF('Design Fee'!IP12>0,"✔","-") -> - | CH12: =IF('Design Fee'!IQ12>0,"✔","-") -> - | CI12: =IF('Design Fee'!IR12>0,"✔","-") -> - | CJ12: =IF('Design Fee'!IT12>0,"✔","-") -> - | CK12: =IF('Design Fee'!IU12>0,"✔","-") -> - | CL12: =IF('Design Fee'!IV12>0,"✔","-") -> - | CM12: =IF('Design Fee'!IW12>0,"✔","-") -> - | CN12: =IF('Design Fee'!IX12>0,"✔","-") -> - | CP12: =IF('Design Fee'!JS12>0,"✔","-") -> - | CQ12: =IF('Design Fee'!JT12>0,"✔","-") -> - | CR12: =IF('Design Fee'!JU12>0,"✔","-") -> - | CS12: =IF('Design Fee'!JV12>0,"✔","-") -> - | CT12: =IF('Design Fee'!JW12>0,"✔","-") -> - | CU12: =IF('Design Fee'!JY12>0,"✔","-") -> - | CV12: =IF('Design Fee'!JZ12>0,"✔","-") -> - | CW12: =IF('Design Fee'!KA12>0,"✔","-") -> - | CX12: =IF('Design Fee'!KB12>0,"✔","-") -> - | CY12: =IF('Design Fee'!KC12>0,"✔","-") -> - | DA12: =IF('Design Fee'!KX12>0,"✔","-") -> - | DB12: =IF('Design Fee'!KY12>0,"✔","-") -> - | DC12: =IF('Design Fee'!KZ12>0,"✔","-") -> - | DD12: =IF('Design Fee'!LA12>0,"✔","-") -> - | DE12: =IF('Design Fee'!LB12>0,"✔","-") -> - | DF12: =IF('Design Fee'!LD12>0,"✔","-") -> - | DG12: =IF('Design Fee'!LE12>0,"✔","-") -> - | DH12: =IF('Design Fee'!LF12>0,"✔","-") -> - | DI12: =IF('Design Fee'!LG12>0,"✔","-") -> - | DJ12: =IF('Design Fee'!LH12>0,"✔","-") -> - | DL12: =IF('Design Fee'!MC12>0,"✔","-") -> - | DN12: =IF('Design Fee'!MH12>0,"✔","-") -> - | DO12: =IF('Design Fee'!MI12>0,"✔","-") -> - | DP12: =IF('Design Fee'!MJ12>0,"✔","-") -> - | DQ12: =IF('Design Fee'!MK12>0,"✔","-") -> - | DR12: =IF('Design Fee'!ML12>0,"✔","-") -> - | DS12: =IF('Design Fee'!MN12>0,"✔","-") -> - | DT12: =IF('Design Fee'!MO12>0,"✔","-") -> - | DU12: =IF('Design Fee'!MP12>0,"✔","-") -> - | DV12: =IF('Design Fee'!MQ12>0,"✔","-") -> - | DW12: =IF('Design Fee'!MR12>0,"✔","-") -> - | DY12: =IF('Design Fee'!NM12>0,"✔","-") -> - | DZ12: =IF('Design Fee'!NN12>0,"✔","-") -> - | EA12: =IF('Design Fee'!NO12>0,"✔","-") -> - | EB12: =IF('Design Fee'!NP12>0,"✔","-") -> - | EC12: =IF('Design Fee'!NQ12>0,"✔","-") -> - | ED12: =IF('Design Fee'!NS12>0,"✔","-") -> - | EE12: =IF('Design Fee'!NT12>0,"✔","-") -> - | EF12: =IF('Design Fee'!NU12>0,"✔","-") -> - | EG12: =IF('Design Fee'!NV12>0,"✔","-") -> - | EH12: =IF('Design Fee'!NW12>0,"✔","-") -> - | EJ12: =IF('Design Fee'!OR12>0,"✔","-") -> - | EK12: =IF('Design Fee'!OS12>0,"✔","-") -> - | EL12: =IF('Design Fee'!OT12>0,"✔","-") -> - | EM12: =IF('Design Fee'!OU12>0,"✔","-") -> - | EN12: =IF('Design Fee'!OV12>0,"✔","-") -> - | EO12: =IF('Design Fee'!OX12>0,"✔","-") -> - | EP12: =IF('Design Fee'!OY12>0,"✔","-") -> - | EQ12: =IF('Design Fee'!OZ12>0,"✔","-") -> - | ER12: =IF('Design Fee'!PA12>0,"✔","-") -> - | ES12: =IF('Design Fee'!PB12>0,"✔","-") -> -
C13: 2 | D13: Land - Topographical Survey with information as per defined standard, | K13: =IF('Design Fee'!AU13>0,"✔","-") -> - | M13: =IF('Design Fee'!AZ13>0,"✔","-") -> - | N13: =IF('Design Fee'!BA13>0,"✔","-") -> - | O13: =IF('Design Fee'!BB13>0,"✔","-") -> - | P13: =IF('Design Fee'!BC13>0,"✔","-") -> - | Q13: =IF('Design Fee'!BD13>0,"✔","-") -> - | R13: =IF('Design Fee'!BF13>0,"✔","-") -> - | S13: =IF('Design Fee'!BG13>0,"✔","-") -> - | T13: =IF('Design Fee'!BH13>0,"✔","-") -> - | U13: =IF('Design Fee'!BI13>0,"✔","-") -> - | V13: =IF('Design Fee'!BJ13>0,"✔","-") -> - | X13: =IF('Design Fee'!CE13>0,"✔","-") -> - | Y13: =IF('Design Fee'!CF13>0,"✔","-") -> - | Z13: =IF('Design Fee'!CG13>0,"✔","-") -> - | AA13: =IF('Design Fee'!CH13>0,"✔","-") -> - | AB13: =IF('Design Fee'!CI13>0,"✔","-") -> - | AC13: =IF('Design Fee'!CK13>0,"✔","-") -> - | AD13: =IF('Design Fee'!CL13>0,"✔","-") -> - | AE13: =IF('Design Fee'!CM13>0,"✔","-") -> - | AF13: =IF('Design Fee'!CN13>0,"✔","-") -> - | AG13: =IF('Design Fee'!CO13>0,"✔","-") -> - | AI13: =IF('Design Fee'!DJ13>0,"✔","-") -> - | AJ13: =IF('Design Fee'!DK13>0,"✔","-") -> - | AK13: =IF('Design Fee'!DL13>0,"✔","-") -> - | AL13: =IF('Design Fee'!DM13>0,"✔","-") -> - | AM13: =IF('Design Fee'!DN13>0,"✔","-") -> - | AN13: =IF('Design Fee'!DP13>0,"✔","-") -> - | AO13: =IF('Design Fee'!DQ13>0,"✔","-") -> - | AP13: =IF('Design Fee'!DR13>0,"✔","-") -> - | AQ13: =IF('Design Fee'!DS13>0,"✔","-") -> - | AR13: =IF('Design Fee'!DT13>0,"✔","-") -> - | AT13: =IF('Design Fee'!EO13>0,"✔","-") -> - | AV13: =IF('Design Fee'!ET13>0,"✔","-") -> - | AW13: =IF('Design Fee'!EU13>0,"✔","-") -> - | AX13: =IF('Design Fee'!EV13>0,"✔","-") -> - | AY13: =IF('Design Fee'!EW13>0,"✔","-") -> - | AZ13: =IF('Design Fee'!EX13>0,"✔","-") -> - | BA13: =IF('Design Fee'!EZ13>0,"✔","-") -> - | BB13: =IF('Design Fee'!FA13>0,"✔","-") -> - | BC13: =IF('Design Fee'!FB13>0,"✔","-") -> - | BD13: =IF('Design Fee'!FC13>0,"✔","-") -> - | BE13: =IF('Design Fee'!FD13>0,"✔","-") -> - | BG13: =IF('Design Fee'!FY13>0,"✔","-") -> - | BH13: =IF('Design Fee'!FZ13>0,"✔","-") -> - | BI13: =IF('Design Fee'!GA13>0,"✔","-") -> - | BJ13: =IF('Design Fee'!GB13>0,"✔","-") -> - | BK13: =IF('Design Fee'!GC13>0,"✔","-") -> - | BL13: =IF('Design Fee'!GE13>0,"✔","-") -> - | BM13: =IF('Design Fee'!GF13>0,"✔","-") -> - | BN13: =IF('Design Fee'!GG13>0,"✔","-") -> - | BO13: =IF('Design Fee'!GH13>0,"✔","-") -> - | BP13: =IF('Design Fee'!GI13>0,"✔","-") -> - | BR13: =IF('Design Fee'!HD13>0,"✔","-") -> - | BS13: =IF('Design Fee'!HE13>0,"✔","-") -> - | BT13: =IF('Design Fee'!HF13>0,"✔","-") -> - | BU13: =IF('Design Fee'!HG13>0,"✔","-") -> - | BV13: =IF('Design Fee'!HH13>0,"✔","-") -> - | BW13: =IF('Design Fee'!HJ13>0,"✔","-") -> - | BX13: =IF('Design Fee'!HK13>0,"✔","-") -> - | BY13: =IF('Design Fee'!HL13>0,"✔","-") -> - | BZ13: =IF('Design Fee'!HM13>0,"✔","-") -> - | CA13: =IF('Design Fee'!HN13>0,"✔","-") -> - | CC13: =IF('Design Fee'!II13>0,"✔","-") -> - | CE13: =IF('Design Fee'!IN13>0,"✔","-") -> - | CF13: =IF('Design Fee'!IO13>0,"✔","-") -> - | CG13: =IF('Design Fee'!IP13>0,"✔","-") -> - | CH13: =IF('Design Fee'!IQ13>0,"✔","-") -> - | CI13: =IF('Design Fee'!IR13>0,"✔","-") -> - | CJ13: =IF('Design Fee'!IT13>0,"✔","-") -> - | CK13: =IF('Design Fee'!IU13>0,"✔","-") -> - | CL13: =IF('Design Fee'!IV13>0,"✔","-") -> - | CM13: =IF('Design Fee'!IW13>0,"✔","-") -> - | CN13: =IF('Design Fee'!IX13>0,"✔","-") -> - | CP13: =IF('Design Fee'!JS13>0,"✔","-") -> - | CQ13: =IF('Design Fee'!JT13>0,"✔","-") -> - | CR13: =IF('Design Fee'!JU13>0,"✔","-") -> - | CS13: =IF('Design Fee'!JV13>0,"✔","-") -> - | CT13: =IF('Design Fee'!JW13>0,"✔","-") -> - | CU13: =IF('Design Fee'!JY13>0,"✔","-") -> - | CV13: =IF('Design Fee'!JZ13>0,"✔","-") -> - | CW13: =IF('Design Fee'!KA13>0,"✔","-") -> - | CX13: =IF('Design Fee'!KB13>0,"✔","-") -> - | CY13: =IF('Design Fee'!KC13>0,"✔","-") -> - | DA13: =IF('Design Fee'!KX13>0,"✔","-") -> - | DB13: =IF('Design Fee'!KY13>0,"✔","-") -> - | DC13: =IF('Design Fee'!KZ13>0,"✔","-") -> - | DD13: =IF('Design Fee'!LA13>0,"✔","-") -> - | DE13: =IF('Design Fee'!LB13>0,"✔","-") -> - | DF13: =IF('Design Fee'!LD13>0,"✔","-") -> - | DG13: =IF('Design Fee'!LE13>0,"✔","-") -> - | DH13: =IF('Design Fee'!LF13>0,"✔","-") -> - | DI13: =IF('Design Fee'!LG13>0,"✔","-") -> - | DJ13: =IF('Design Fee'!LH13>0,"✔","-") -> - | DL13: =IF('Design Fee'!MC13>0,"✔","-") -> - | DN13: =IF('Design Fee'!MH13>0,"✔","-") -> - | DO13: =IF('Design Fee'!MI13>0,"✔","-") -> - | DP13: =IF('Design Fee'!MJ13>0,"✔","-") -> - | DQ13: =IF('Design Fee'!MK13>0,"✔","-") -> - | DR13: =IF('Design Fee'!ML13>0,"✔","-") -> - | DS13: =IF('Design Fee'!MN13>0,"✔","-") -> - | DT13: =IF('Design Fee'!MO13>0,"✔","-") -> - | DU13: =IF('Design Fee'!MP13>0,"✔","-") -> - | DV13: =IF('Design Fee'!MQ13>0,"✔","-") -> - | DW13: =IF('Design Fee'!MR13>0,"✔","-") -> - | DY13: =IF('Design Fee'!NM13>0,"✔","-") -> - | DZ13: =IF('Design Fee'!NN13>0,"✔","-") -> - | EA13: =IF('Design Fee'!NO13>0,"✔","-") -> - | EB13: =IF('Design Fee'!NP13>0,"✔","-") -> - | EC13: =IF('Design Fee'!NQ13>0,"✔","-") -> - | ED13: =IF('Design Fee'!NS13>0,"✔","-") -> - | EE13: =IF('Design Fee'!NT13>0,"✔","-") -> - | EF13: =IF('Design Fee'!NU13>0,"✔","-") -> - | EG13: =IF('Design Fee'!NV13>0,"✔","-") -> - | EH13: =IF('Design Fee'!NW13>0,"✔","-") -> - | EJ13: =IF('Design Fee'!OR13>0,"✔","-") -> - | EK13: =IF('Design Fee'!OS13>0,"✔","-") -> - | EL13: =IF('Design Fee'!OT13>0,"✔","-") -> - | EM13: =IF('Design Fee'!OU13>0,"✔","-") -> - | EN13: =IF('Design Fee'!OV13>0,"✔","-") -> - | EO13: =IF('Design Fee'!OX13>0,"✔","-") -> - | EP13: =IF('Design Fee'!OY13>0,"✔","-") -> - | EQ13: =IF('Design Fee'!OZ13>0,"✔","-") -> - | ER13: =IF('Design Fee'!PA13>0,"✔","-") -> - | ES13: =IF('Design Fee'!PB13>0,"✔","-") -> -
C14: 3 | D14: Zoning & Development Regulations | K14: =IF('Design Fee'!AU14>0,"✔","-") -> - | M14: =IF('Design Fee'!AZ14>0,"✔","-") -> - | N14: =IF('Design Fee'!BA14>0,"✔","-") -> - | O14: =IF('Design Fee'!BB14>0,"✔","-") -> - | P14: =IF('Design Fee'!BC14>0,"✔","-") -> - | Q14: =IF('Design Fee'!BD14>0,"✔","-") -> - | R14: =IF('Design Fee'!BF14>0,"✔","-") -> - | S14: =IF('Design Fee'!BG14>0,"✔","-") -> - | T14: =IF('Design Fee'!BH14>0,"✔","-") -> - | U14: =IF('Design Fee'!BI14>0,"✔","-") -> - | V14: =IF('Design Fee'!BJ14>0,"✔","-") -> - | X14: =IF('Design Fee'!CE14>0,"✔","-") -> - | Y14: =IF('Design Fee'!CF14>0,"✔","-") -> - | Z14: =IF('Design Fee'!CG14>0,"✔","-") -> - | AA14: =IF('Design Fee'!CH14>0,"✔","-") -> - | AB14: =IF('Design Fee'!CI14>0,"✔","-") -> - | AC14: =IF('Design Fee'!CK14>0,"✔","-") -> - | AD14: =IF('Design Fee'!CL14>0,"✔","-") -> - | AE14: =IF('Design Fee'!CM14>0,"✔","-") -> - | AF14: =IF('Design Fee'!CN14>0,"✔","-") -> - | AG14: =IF('Design Fee'!CO14>0,"✔","-") -> - | AI14: =IF('Design Fee'!DJ14>0,"✔","-") -> - | AJ14: =IF('Design Fee'!DK14>0,"✔","-") -> - | AK14: =IF('Design Fee'!DL14>0,"✔","-") -> - | AL14: =IF('Design Fee'!DM14>0,"✔","-") -> - | AM14: =IF('Design Fee'!DN14>0,"✔","-") -> - | AN14: =IF('Design Fee'!DP14>0,"✔","-") -> - | AO14: =IF('Design Fee'!DQ14>0,"✔","-") -> - | AP14: =IF('Design Fee'!DR14>0,"✔","-") -> - | AQ14: =IF('Design Fee'!DS14>0,"✔","-") -> - | AR14: =IF('Design Fee'!DT14>0,"✔","-") -> - | AT14: =IF('Design Fee'!EO14>0,"✔","-") -> - | AV14: =IF('Design Fee'!ET14>0,"✔","-") -> - | AW14: =IF('Design Fee'!EU14>0,"✔","-") -> - | AX14: =IF('Design Fee'!EV14>0,"✔","-") -> - | AY14: =IF('Design Fee'!EW14>0,"✔","-") -> - | AZ14: =IF('Design Fee'!EX14>0,"✔","-") -> - | BA14: =IF('Design Fee'!EZ14>0,"✔","-") -> - | BB14: =IF('Design Fee'!FA14>0,"✔","-") -> - | BC14: =IF('Design Fee'!FB14>0,"✔","-") -> - | BD14: =IF('Design Fee'!FC14>0,"✔","-") -> - | BE14: =IF('Design Fee'!FD14>0,"✔","-") -> - | BG14: =IF('Design Fee'!FY14>0,"✔","-") -> - | BH14: =IF('Design Fee'!FZ14>0,"✔","-") -> - | BI14: =IF('Design Fee'!GA14>0,"✔","-") -> - | BJ14: =IF('Design Fee'!GB14>0,"✔","-") -> - | BK14: =IF('Design Fee'!GC14>0,"✔","-") -> - | BL14: =IF('Design Fee'!GE14>0,"✔","-") -> - | BM14: =IF('Design Fee'!GF14>0,"✔","-") -> - | BN14: =IF('Design Fee'!GG14>0,"✔","-") -> - | BO14: =IF('Design Fee'!GH14>0,"✔","-") -> - | BP14: =IF('Design Fee'!GI14>0,"✔","-") -> - | BR14: =IF('Design Fee'!HD14>0,"✔","-") -> - | BS14: =IF('Design Fee'!HE14>0,"✔","-") -> - | BT14: =IF('Design Fee'!HF14>0,"✔","-") -> - | BU14: =IF('Design Fee'!HG14>0,"✔","-") -> - | BV14: =IF('Design Fee'!HH14>0,"✔","-") -> - | BW14: =IF('Design Fee'!HJ14>0,"✔","-") -> - | BX14: =IF('Design Fee'!HK14>0,"✔","-") -> - | BY14: =IF('Design Fee'!HL14>0,"✔","-") -> - | BZ14: =IF('Design Fee'!HM14>0,"✔","-") -> - | CA14: =IF('Design Fee'!HN14>0,"✔","-") -> - | CC14: =IF('Design Fee'!II14>0,"✔","-") -> - | CE14: =IF('Design Fee'!IN14>0,"✔","-") -> - | CF14: =IF('Design Fee'!IO14>0,"✔","-") -> - | CG14: =IF('Design Fee'!IP14>0,"✔","-") -> - | CH14: =IF('Design Fee'!IQ14>0,"✔","-") -> - | CI14: =IF('Design Fee'!IR14>0,"✔","-") -> - | CJ14: =IF('Design Fee'!IT14>0,"✔","-") -> - | CK14: =IF('Design Fee'!IU14>0,"✔","-") -> - | CL14: =IF('Design Fee'!IV14>0,"✔","-") -> - | CM14: =IF('Design Fee'!IW14>0,"✔","-") -> - | CN14: =IF('Design Fee'!IX14>0,"✔","-") -> - | CP14: =IF('Design Fee'!JS14>0,"✔","-") -> - | CQ14: =IF('Design Fee'!JT14>0,"✔","-") -> - | CR14: =IF('Design Fee'!JU14>0,"✔","-") -> - | CS14: =IF('Design Fee'!JV14>0,"✔","-") -> - | CT14: =IF('Design Fee'!JW14>0,"✔","-") -> - | CU14: =IF('Design Fee'!JY14>0,"✔","-") -> - | CV14: =IF('Design Fee'!JZ14>0,"✔","-") -> - | CW14: =IF('Design Fee'!KA14>0,"✔","-") -> - | CX14: =IF('Design Fee'!KB14>0,"✔","-") -> - | CY14: =IF('Design Fee'!KC14>0,"✔","-") -> - | DA14: =IF('Design Fee'!KX14>0,"✔","-") -> - | DB14: =IF('Design Fee'!KY14>0,"✔","-") -> - | DC14: =IF('Design Fee'!KZ14>0,"✔","-") -> - | DD14: =IF('Design Fee'!LA14>0,"✔","-") -> - | DE14: =IF('Design Fee'!LB14>0,"✔","-") -> - | DF14: =IF('Design Fee'!LD14>0,"✔","-") -> - | DG14: =IF('Design Fee'!LE14>0,"✔","-") -> - | DH14: =IF('Design Fee'!LF14>0,"✔","-") -> - | DI14: =IF('Design Fee'!LG14>0,"✔","-") -> - | DJ14: =IF('Design Fee'!LH14>0,"✔","-") -> - | DL14: =IF('Design Fee'!MC14>0,"✔","-") -> - | DN14: =IF('Design Fee'!MH14>0,"✔","-") -> - | DO14: =IF('Design Fee'!MI14>0,"✔","-") -> - | DP14: =IF('Design Fee'!MJ14>0,"✔","-") -> - | DQ14: =IF('Design Fee'!MK14>0,"✔","-") -> - | DR14: =IF('Design Fee'!ML14>0,"✔","-") -> - | DS14: =IF('Design Fee'!MN14>0,"✔","-") -> - | DT14: =IF('Design Fee'!MO14>0,"✔","-") -> - | DU14: =IF('Design Fee'!MP14>0,"✔","-") -> - | DV14: =IF('Design Fee'!MQ14>0,"✔","-") -> - | DW14: =IF('Design Fee'!MR14>0,"✔","-") -> - | DY14: =IF('Design Fee'!NM14>0,"✔","-") -> - | DZ14: =IF('Design Fee'!NN14>0,"✔","-") -> - | EA14: =IF('Design Fee'!NO14>0,"✔","-") -> - | EB14: =IF('Design Fee'!NP14>0,"✔","-") -> - | EC14: =IF('Design Fee'!NQ14>0,"✔","-") -> - | ED14: =IF('Design Fee'!NS14>0,"✔","-") -> - | EE14: =IF('Design Fee'!NT14>0,"✔","-") -> - | EF14: =IF('Design Fee'!NU14>0,"✔","-") -> - | EG14: =IF('Design Fee'!NV14>0,"✔","-") -> - | EH14: =IF('Design Fee'!NW14>0,"✔","-") -> - | EJ14: =IF('Design Fee'!OR14>0,"✔","-") -> - | EK14: =IF('Design Fee'!OS14>0,"✔","-") -> - | EL14: =IF('Design Fee'!OT14>0,"✔","-") -> - | EM14: =IF('Design Fee'!OU14>0,"✔","-") -> - | EN14: =IF('Design Fee'!OV14>0,"✔","-") -> - | EO14: =IF('Design Fee'!OX14>0,"✔","-") -> - | EP14: =IF('Design Fee'!OY14>0,"✔","-") -> - | EQ14: =IF('Design Fee'!OZ14>0,"✔","-") -> - | ER14: =IF('Design Fee'!PA14>0,"✔","-") -> - | ES14: =IF('Design Fee'!PB14>0,"✔","-") -> -
C15: 4 | D15: Design Brief | K15: =IF('Design Fee'!AU15>0,"✔","-") -> - | M15: =IF('Design Fee'!AZ15>0,"✔","-") -> - | N15: =IF('Design Fee'!BA15>0,"✔","-") -> - | O15: =IF('Design Fee'!BB15>0,"✔","-") -> - | P15: =IF('Design Fee'!BC15>0,"✔","-") -> - | Q15: =IF('Design Fee'!BD15>0,"✔","-") -> - | R15: =IF('Design Fee'!BF15>0,"✔","-") -> - | S15: =IF('Design Fee'!BG15>0,"✔","-") -> - | T15: =IF('Design Fee'!BH15>0,"✔","-") -> - | U15: =IF('Design Fee'!BI15>0,"✔","-") -> - | V15: =IF('Design Fee'!BJ15>0,"✔","-") -> - | X15: =IF('Design Fee'!CE15>0,"✔","-") -> - | Y15: =IF('Design Fee'!CF15>0,"✔","-") -> - | Z15: =IF('Design Fee'!CG15>0,"✔","-") -> - | AA15: =IF('Design Fee'!CH15>0,"✔","-") -> - | AB15: =IF('Design Fee'!CI15>0,"✔","-") -> - | AC15: =IF('Design Fee'!CK15>0,"✔","-") -> - | AD15: =IF('Design Fee'!CL15>0,"✔","-") -> - | AE15: =IF('Design Fee'!CM15>0,"✔","-") -> - | AF15: =IF('Design Fee'!CN15>0,"✔","-") -> - | AG15: =IF('Design Fee'!CO15>0,"✔","-") -> - | AI15: =IF('Design Fee'!DJ15>0,"✔","-") -> - | AJ15: =IF('Design Fee'!DK15>0,"✔","-") -> - | AK15: =IF('Design Fee'!DL15>0,"✔","-") -> - | AL15: =IF('Design Fee'!DM15>0,"✔","-") -> - | AM15: =IF('Design Fee'!DN15>0,"✔","-") -> - | AN15: =IF('Design Fee'!DP15>0,"✔","-") -> - | AO15: =IF('Design Fee'!DQ15>0,"✔","-") -> - | AP15: =IF('Design Fee'!DR15>0,"✔","-") -> - | AQ15: =IF('Design Fee'!DS15>0,"✔","-") -> - | AR15: =IF('Design Fee'!DT15>0,"✔","-") -> - | AT15: =IF('Design Fee'!EO15>0,"✔","-") -> - | AV15: =IF('Design Fee'!ET15>0,"✔","-") -> - | AW15: =IF('Design Fee'!EU15>0,"✔","-") -> - | AX15: =IF('Design Fee'!EV15>0,"✔","-") -> - | AY15: =IF('Design Fee'!EW15>0,"✔","-") -> - | AZ15: =IF('Design Fee'!EX15>0,"✔","-") -> - | BA15: =IF('Design Fee'!EZ15>0,"✔","-") -> - | BB15: =IF('Design Fee'!FA15>0,"✔","-") -> - | BC15: =IF('Design Fee'!FB15>0,"✔","-") -> - | BD15: =IF('Design Fee'!FC15>0,"✔","-") -> - | BE15: =IF('Design Fee'!FD15>0,"✔","-") -> - | BG15: =IF('Design Fee'!FY15>0,"✔","-") -> - | BH15: =IF('Design Fee'!FZ15>0,"✔","-") -> - | BI15: =IF('Design Fee'!GA15>0,"✔","-") -> - | BJ15: =IF('Design Fee'!GB15>0,"✔","-") -> - | BK15: =IF('Design Fee'!GC15>0,"✔","-") -> - | BL15: =IF('Design Fee'!GE15>0,"✔","-") -> - | BM15: =IF('Design Fee'!GF15>0,"✔","-") -> - | BN15: =IF('Design Fee'!GG15>0,"✔","-") -> - | BO15: =IF('Design Fee'!GH15>0,"✔","-") -> - | BP15: =IF('Design Fee'!GI15>0,"✔","-") -> - | BR15: =IF('Design Fee'!HD15>0,"✔","-") -> - | BS15: =IF('Design Fee'!HE15>0,"✔","-") -> - | BT15: =IF('Design Fee'!HF15>0,"✔","-") -> - | BU15: =IF('Design Fee'!HG15>0,"✔","-") -> - | BV15: =IF('Design Fee'!HH15>0,"✔","-") -> - | BW15: =IF('Design Fee'!HJ15>0,"✔","-") -> - | BX15: =IF('Design Fee'!HK15>0,"✔","-") -> - | BY15: =IF('Design Fee'!HL15>0,"✔","-") -> - | BZ15: =IF('Design Fee'!HM15>0,"✔","-") -> - | CA15: =IF('Design Fee'!HN15>0,"✔","-") -> - | CC15: =IF('Design Fee'!II15>0,"✔","-") -> - | CE15: =IF('Design Fee'!IN15>0,"✔","-") -> - | CF15: =IF('Design Fee'!IO15>0,"✔","-") -> - | CG15: =IF('Design Fee'!IP15>0,"✔","-") -> - | CH15: =IF('Design Fee'!IQ15>0,"✔","-") -> - | CI15: =IF('Design Fee'!IR15>0,"✔","-") -> - | CJ15: =IF('Design Fee'!IT15>0,"✔","-") -> - | CK15: =IF('Design Fee'!IU15>0,"✔","-") -> - | CL15: =IF('Design Fee'!IV15>0,"✔","-") -> - | CM15: =IF('Design Fee'!IW15>0,"✔","-") -> - | CN15: =IF('Design Fee'!IX15>0,"✔","-") -> - | CP15: =IF('Design Fee'!JS15>0,"✔","-") -> - | CQ15: =IF('Design Fee'!JT15>0,"✔","-") -> - | CR15: =IF('Design Fee'!JU15>0,"✔","-") -> - | CS15: =IF('Design Fee'!JV15>0,"✔","-") -> - | CT15: =IF('Design Fee'!JW15>0,"✔","-") -> - | CU15: =IF('Design Fee'!JY15>0,"✔","-") -> - | CV15: =IF('Design Fee'!JZ15>0,"✔","-") -> - | CW15: =IF('Design Fee'!KA15>0,"✔","-") -> - | CX15: =IF('Design Fee'!KB15>0,"✔","-") -> - | CY15: =IF('Design Fee'!KC15>0,"✔","-") -> - | DA15: =IF('Design Fee'!KX15>0,"✔","-") -> - | DB15: =IF('Design Fee'!KY15>0,"✔","-") -> - | DC15: =IF('Design Fee'!KZ15>0,"✔","-") -> - | DD15: =IF('Design Fee'!LA15>0,"✔","-") -> - | DE15: =IF('Design Fee'!LB15>0,"✔","-") -> - | DF15: =IF('Design Fee'!LD15>0,"✔","-") -> - | DG15: =IF('Design Fee'!LE15>0,"✔","-") -> - | DH15: =IF('Design Fee'!LF15>0,"✔","-") -> - | DI15: =IF('Design Fee'!LG15>0,"✔","-") -> - | DJ15: =IF('Design Fee'!LH15>0,"✔","-") -> - | DL15: =IF('Design Fee'!MC15>0,"✔","-") -> - | DN15: =IF('Design Fee'!MH15>0,"✔","-") -> - | DO15: =IF('Design Fee'!MI15>0,"✔","-") -> - | DP15: =IF('Design Fee'!MJ15>0,"✔","-") -> - | DQ15: =IF('Design Fee'!MK15>0,"✔","-") -> - | DR15: =IF('Design Fee'!ML15>0,"✔","-") -> - | DS15: =IF('Design Fee'!MN15>0,"✔","-") -> - | DT15: =IF('Design Fee'!MO15>0,"✔","-") -> - | DU15: =IF('Design Fee'!MP15>0,"✔","-") -> - | DV15: =IF('Design Fee'!MQ15>0,"✔","-") -> - | DW15: =IF('Design Fee'!MR15>0,"✔","-") -> - | DY15: =IF('Design Fee'!NM15>0,"✔","-") -> - | DZ15: =IF('Design Fee'!NN15>0,"✔","-") -> - | EA15: =IF('Design Fee'!NO15>0,"✔","-") -> - | EB15: =IF('Design Fee'!NP15>0,"✔","-") -> - | EC15: =IF('Design Fee'!NQ15>0,"✔","-") -> - | ED15: =IF('Design Fee'!NS15>0,"✔","-") -> - | EE15: =IF('Design Fee'!NT15>0,"✔","-") -> - | EF15: =IF('Design Fee'!NU15>0,"✔","-") -> - | EG15: =IF('Design Fee'!NV15>0,"✔","-") -> - | EH15: =IF('Design Fee'!NW15>0,"✔","-") -> - | EJ15: =IF('Design Fee'!OR15>0,"✔","-") -> - | EK15: =IF('Design Fee'!OS15>0,"✔","-") -> - | EL15: =IF('Design Fee'!OT15>0,"✔","-") -> - | EM15: =IF('Design Fee'!OU15>0,"✔","-") -> - | EN15: =IF('Design Fee'!OV15>0,"✔","-") -> - | EO15: =IF('Design Fee'!OX15>0,"✔","-") -> - | EP15: =IF('Design Fee'!OY15>0,"✔","-") -> - | EQ15: =IF('Design Fee'!OZ15>0,"✔","-") -> - | ER15: =IF('Design Fee'!PA15>0,"✔","-") -> - | ES15: =IF('Design Fee'!PB15>0,"✔","-") -> -
C17: 2 | D17: Schematic Concept | F17: =COUNTIF('Design Fee'!AU17,">0")+COUNTIF('Design Fee'!EO17,">0")+COUNTIF('Design Fee'!II17,">0")+COUNTIF('Design Fee'!ME17,">0") -> 4 | G17: =COUNTIF('Design Fee'!AX17,">0")+COUNTIF('Design Fee'!ER17,">0")+COUNTIF('Design Fee'!IL17,">0")+COUNTIF('Design Fee'!MF17,">0") -> 4 | H17: =COUNTIF('Design Fee'!AY17,">0")+COUNTIF('Design Fee'!ES17,">0")+COUNTIF('Design Fee'!IM17,">0")+COUNTIF('Design Fee'!MG17,">0") -> 4 | I17: =F17-G17 -> 0 | K17: =IF('Design Fee'!AU17>0,"✔","-") -> ✔ | M17: =IF('Design Fee'!AZ17>0,"✔","-") -> - | N17: =IF('Design Fee'!BA17>0,"✔","-") -> - | O17: =IF('Design Fee'!BB17>0,"✔","-") -> - | P17: =IF('Design Fee'!BC17>0,"✔","-") -> - | Q17: =IF('Design Fee'!BD17>0,"✔","-") -> - | R17: =IF('Design Fee'!BF17>0,"✔","-") -> - | S17: =IF('Design Fee'!BG17>0,"✔","-") -> - | T17: =IF('Design Fee'!BH17>0,"✔","-") -> - | U17: =IF('Design Fee'!BI17>0,"✔","-") -> - | V17: =IF('Design Fee'!BJ17>0,"✔","-") -> - | X17: =IF('Design Fee'!CE17>0,"✔","-") -> - | Y17: =IF('Design Fee'!CF17>0,"✔","-") -> - | Z17: =IF('Design Fee'!CG17>0,"✔","-") -> - | AA17: =IF('Design Fee'!CH17>0,"✔","-") -> - | AB17: =IF('Design Fee'!CI17>0,"✔","-") -> - | AC17: =IF('Design Fee'!CK17>0,"✔","-") -> - | AD17: =IF('Design Fee'!CL17>0,"✔","-") -> - | AE17: =IF('Design Fee'!CM17>0,"✔","-") -> - | AF17: =IF('Design Fee'!CN17>0,"✔","-") -> - | AG17: =IF('Design Fee'!CO17>0,"✔","-") -> - | AI17: =IF('Design Fee'!DJ17>0,"✔","-") -> - | AJ17: =IF('Design Fee'!DK17>0,"✔","-") -> - | AK17: =IF('Design Fee'!DL17>0,"✔","-") -> - | AL17: =IF('Design Fee'!DM17>0,"✔","-") -> - | AM17: =IF('Design Fee'!DN17>0,"✔","-") -> - | AN17: =IF('Design Fee'!DP17>0,"✔","-") -> - | AO17: =IF('Design Fee'!DQ17>0,"✔","-") -> - | AP17: =IF('Design Fee'!DR17>0,"✔","-") -> - | AQ17: =IF('Design Fee'!DS17>0,"✔","-") -> - | AR17: =IF('Design Fee'!DT17>0,"✔","-") -> - | AT17: =IF('Design Fee'!EO17>0,"✔","-") -> ✔ | AV17: =IF('Design Fee'!ET17>0,"✔","-") -> - | AW17: =IF('Design Fee'!EU17>0,"✔","-") -> - | AX17: =IF('Design Fee'!EV17>0,"✔","-") -> - | AY17: =IF('Design Fee'!EW17>0,"✔","-") -> - | AZ17: =IF('Design Fee'!EX17>0,"✔","-") -> - | BA17: =IF('Design Fee'!EZ17>0,"✔","-") -> - | BB17: =IF('Design Fee'!FA17>0,"✔","-") -> - | BC17: =IF('Design Fee'!FB17>0,"✔","-") -> - | BD17: =IF('Design Fee'!FC17>0,"✔","-") -> - | BE17: =IF('Design Fee'!FD17>0,"✔","-") -> - | BG17: =IF('Design Fee'!FY17>0,"✔","-") -> - | BH17: =IF('Design Fee'!FZ17>0,"✔","-") -> - | BI17: =IF('Design Fee'!GA17>0,"✔","-") -> - | BJ17: =IF('Design Fee'!GB17>0,"✔","-") -> - | BK17: =IF('Design Fee'!GC17>0,"✔","-") -> - | BL17: =IF('Design Fee'!GE17>0,"✔","-") -> - | BM17: =IF('Design Fee'!GF17>0,"✔","-") -> - | BN17: =IF('Design Fee'!GG17>0,"✔","-") -> - | BO17: =IF('Design Fee'!GH17>0,"✔","-") -> - | BP17: =IF('Design Fee'!GI17>0,"✔","-") -> - | BR17: =IF('Design Fee'!HD17>0,"✔","-") -> - | BS17: =IF('Design Fee'!HE17>0,"✔","-") -> - | BT17: =IF('Design Fee'!HF17>0,"✔","-") -> - | BU17: =IF('Design Fee'!HG17>0,"✔","-") -> - | BV17: =IF('Design Fee'!HH17>0,"✔","-") -> - | BW17: =IF('Design Fee'!HJ17>0,"✔","-") -> - | BX17: =IF('Design Fee'!HK17>0,"✔","-") -> - | BY17: =IF('Design Fee'!HL17>0,"✔","-") -> - | BZ17: =IF('Design Fee'!HM17>0,"✔","-") -> - | CA17: =IF('Design Fee'!HN17>0,"✔","-") -> - | CC17: =IF('Design Fee'!II17>0,"✔","-") -> ✔ | CE17: =IF('Design Fee'!IN17>0,"✔","-") -> - | CF17: =IF('Design Fee'!IO17>0,"✔","-") -> - | CG17: =IF('Design Fee'!IP17>0,"✔","-") -> - | CH17: =IF('Design Fee'!IQ17>0,"✔","-") -> - | CI17: =IF('Design Fee'!IR17>0,"✔","-") -> - | CJ17: =IF('Design Fee'!IT17>0,"✔","-") -> - | CK17: =IF('Design Fee'!IU17>0,"✔","-") -> - | CL17: =IF('Design Fee'!IV17>0,"✔","-") -> - | CM17: =IF('Design Fee'!IW17>0,"✔","-") -> - | CN17: =IF('Design Fee'!IX17>0,"✔","-") -> - | CP17: =IF('Design Fee'!JS17>0,"✔","-") -> - | CQ17: =IF('Design Fee'!JT17>0,"✔","-") -> - | CR17: =IF('Design Fee'!JU17>0,"✔","-") -> - | CS17: =IF('Design Fee'!JV17>0,"✔","-") -> - | CT17: =IF('Design Fee'!JW17>0,"✔","-") -> - | CU17: =IF('Design Fee'!JY17>0,"✔","-") -> - | CV17: =IF('Design Fee'!JZ17>0,"✔","-") -> - | CW17: =IF('Design Fee'!KA17>0,"✔","-") -> - | CX17: =IF('Design Fee'!KB17>0,"✔","-") -> - | CY17: =IF('Design Fee'!KC17>0,"✔","-") -> - | DA17: =IF('Design Fee'!KX17>0,"✔","-") -> - | DB17: =IF('Design Fee'!KY17>0,"✔","-") -> - | DC17: =IF('Design Fee'!KZ17>0,"✔","-") -> - | DD17: =IF('Design Fee'!LA17>0,"✔","-") -> - | DE17: =IF('Design Fee'!LB17>0,"✔","-") -> - | DF17: =IF('Design Fee'!LD17>0,"✔","-") -> - | DG17: =IF('Design Fee'!LE17>0,"✔","-") -> - | DH17: =IF('Design Fee'!LF17>0,"✔","-") -> - | DI17: =IF('Design Fee'!LG17>0,"✔","-") -> - | DJ17: =IF('Design Fee'!LH17>0,"✔","-") -> - | DL17: =IF('Design Fee'!MC17>0,"✔","-") -> ✔ | DN17: =IF('Design Fee'!MH17>0,"✔","-") -> - | DO17: =IF('Design Fee'!MI17>0,"✔","-") -> - | DP17: =IF('Design Fee'!MJ17>0,"✔","-") -> - | DQ17: =IF('Design Fee'!MK17>0,"✔","-") -> - | DR17: =IF('Design Fee'!ML17>0,"✔","-") -> - | DS17: =IF('Design Fee'!MN17>0,"✔","-") -> - | DT17: =IF('Design Fee'!MO17>0,"✔","-") -> - | DU17: =IF('Design Fee'!MP17>0,"✔","-") -> - | DV17: =IF('Design Fee'!MQ17>0,"✔","-") -> - | DW17: =IF('Design Fee'!MR17>0,"✔","-") -> - | DY17: =IF('Design Fee'!NM17>0,"✔","-") -> - | DZ17: =IF('Design Fee'!NN17>0,"✔","-") -> - | EA17: =IF('Design Fee'!NO17>0,"✔","-") -> - | EB17: =IF('Design Fee'!NP17>0,"✔","-") -> - | EC17: =IF('Design Fee'!NQ17>0,"✔","-") -> - | ED17: =IF('Design Fee'!NS17>0,"✔","-") -> - | EE17: =IF('Design Fee'!NT17>0,"✔","-") -> - | EF17: =IF('Design Fee'!NU17>0,"✔","-") -> - | EG17: =IF('Design Fee'!NV17>0,"✔","-") -> - | EH17: =IF('Design Fee'!NW17>0,"✔","-") -> - | EJ17: =IF('Design Fee'!OR17>0,"✔","-") -> - | EK17: =IF('Design Fee'!OS17>0,"✔","-") -> - | EL17: =IF('Design Fee'!OT17>0,"✔","-") -> - | EM17: =IF('Design Fee'!OU17>0,"✔","-") -> - | EN17: =IF('Design Fee'!OV17>0,"✔","-") -> - | EO17: =IF('Design Fee'!OX17>0,"✔","-") -> - | EP17: =IF('Design Fee'!OY17>0,"✔","-") -> - | EQ17: =IF('Design Fee'!OZ17>0,"✔","-") -> - | ER17: =IF('Design Fee'!PA17>0,"✔","-") -> - | ES17: =IF('Design Fee'!PB17>0,"✔","-") -> -
C18: 1 | D18: Master Plan | K18: =IF('Design Fee'!AU18>0,"✔","-") -> - | M18: =IF('Design Fee'!AZ18>0,"✔","-") -> - | N18: =IF('Design Fee'!BA18>0,"✔","-") -> - | O18: =IF('Design Fee'!BB18>0,"✔","-") -> - | P18: =IF('Design Fee'!BC18>0,"✔","-") -> - | Q18: =IF('Design Fee'!BD18>0,"✔","-") -> - | R18: =IF('Design Fee'!BF18>0,"✔","-") -> - | S18: =IF('Design Fee'!BG18>0,"✔","-") -> - | T18: =IF('Design Fee'!BH18>0,"✔","-") -> - | U18: =IF('Design Fee'!BI18>0,"✔","-") -> - | V18: =IF('Design Fee'!BJ18>0,"✔","-") -> - | X18: =IF('Design Fee'!CE18>0,"✔","-") -> - | Y18: =IF('Design Fee'!CF18>0,"✔","-") -> - | Z18: =IF('Design Fee'!CG18>0,"✔","-") -> - | AA18: =IF('Design Fee'!CH18>0,"✔","-") -> - | AB18: =IF('Design Fee'!CI18>0,"✔","-") -> - | AC18: =IF('Design Fee'!CK18>0,"✔","-") -> - | AD18: =IF('Design Fee'!CL18>0,"✔","-") -> - | AE18: =IF('Design Fee'!CM18>0,"✔","-") -> - | AF18: =IF('Design Fee'!CN18>0,"✔","-") -> - | AG18: =IF('Design Fee'!CO18>0,"✔","-") -> - | AI18: =IF('Design Fee'!DJ18>0,"✔","-") -> - | AJ18: =IF('Design Fee'!DK18>0,"✔","-") -> - | AK18: =IF('Design Fee'!DL18>0,"✔","-") -> - | AL18: =IF('Design Fee'!DM18>0,"✔","-") -> - | AM18: =IF('Design Fee'!DN18>0,"✔","-") -> - | AN18: =IF('Design Fee'!DP18>0,"✔","-") -> - | AO18: =IF('Design Fee'!DQ18>0,"✔","-") -> - | AP18: =IF('Design Fee'!DR18>0,"✔","-") -> - | AQ18: =IF('Design Fee'!DS18>0,"✔","-") -> - | AR18: =IF('Design Fee'!DT18>0,"✔","-") -> - | AT18: =IF('Design Fee'!EO18>0,"✔","-") -> - | AV18: =IF('Design Fee'!ET18>0,"✔","-") -> - | AW18: =IF('Design Fee'!EU18>0,"✔","-") -> - | AX18: =IF('Design Fee'!EV18>0,"✔","-") -> - | AY18: =IF('Design Fee'!EW18>0,"✔","-") -> - | AZ18: =IF('Design Fee'!EX18>0,"✔","-") -> - | BA18: =IF('Design Fee'!EZ18>0,"✔","-") -> - | BB18: =IF('Design Fee'!FA18>0,"✔","-") -> - | BC18: =IF('Design Fee'!FB18>0,"✔","-") -> - | BD18: =IF('Design Fee'!FC18>0,"✔","-") -> - | BE18: =IF('Design Fee'!FD18>0,"✔","-") -> - | BG18: =IF('Design Fee'!FY18>0,"✔","-") -> - | BH18: =IF('Design Fee'!FZ18>0,"✔","-") -> - | BI18: =IF('Design Fee'!GA18>0,"✔","-") -> - | BJ18: =IF('Design Fee'!GB18>0,"✔","-") -> - | BK18: =IF('Design Fee'!GC18>0,"✔","-") -> - | BL18: =IF('Design Fee'!GE18>0,"✔","-") -> - | BM18: =IF('Design Fee'!GF18>0,"✔","-") -> - | BN18: =IF('Design Fee'!GG18>0,"✔","-") -> - | BO18: =IF('Design Fee'!GH18>0,"✔","-") -> - | BP18: =IF('Design Fee'!GI18>0,"✔","-") -> - | BR18: =IF('Design Fee'!HD18>0,"✔","-") -> - | BS18: =IF('Design Fee'!HE18>0,"✔","-") -> - | BT18: =IF('Design Fee'!HF18>0,"✔","-") -> - | BU18: =IF('Design Fee'!HG18>0,"✔","-") -> - | BV18: =IF('Design Fee'!HH18>0,"✔","-") -> - | BW18: =IF('Design Fee'!HJ18>0,"✔","-") -> - | BX18: =IF('Design Fee'!HK18>0,"✔","-") -> - | BY18: =IF('Design Fee'!HL18>0,"✔","-") -> - | BZ18: =IF('Design Fee'!HM18>0,"✔","-") -> - | CA18: =IF('Design Fee'!HN18>0,"✔","-") -> - | CC18: =IF('Design Fee'!II18>0,"✔","-") -> - | CE18: =IF('Design Fee'!IN18>0,"✔","-") -> - | CF18: =IF('Design Fee'!IO18>0,"✔","-") -> - | CG18: =IF('Design Fee'!IP18>0,"✔","-") -> - | CH18: =IF('Design Fee'!IQ18>0,"✔","-") -> - | CI18: =IF('Design Fee'!IR18>0,"✔","-") -> - | CJ18: =IF('Design Fee'!IT18>0,"✔","-") -> - | CK18: =IF('Design Fee'!IU18>0,"✔","-") -> - | CL18: =IF('Design Fee'!IV18>0,"✔","-") -> - | CM18: =IF('Design Fee'!IW18>0,"✔","-") -> - | CN18: =IF('Design Fee'!IX18>0,"✔","-") -> - | CP18: =IF('Design Fee'!JS18>0,"✔","-") -> - | CQ18: =IF('Design Fee'!JT18>0,"✔","-") -> - | CR18: =IF('Design Fee'!JU18>0,"✔","-") -> - | CS18: =IF('Design Fee'!JV18>0,"✔","-") -> - | CT18: =IF('Design Fee'!JW18>0,"✔","-") -> - | CU18: =IF('Design Fee'!JY18>0,"✔","-") -> - | CV18: =IF('Design Fee'!JZ18>0,"✔","-") -> - | CW18: =IF('Design Fee'!KA18>0,"✔","-") -> - | CX18: =IF('Design Fee'!KB18>0,"✔","-") -> - | CY18: =IF('Design Fee'!KC18>0,"✔","-") -> - | DA18: =IF('Design Fee'!KX18>0,"✔","-") -> - | DB18: =IF('Design Fee'!KY18>0,"✔","-") -> - | DC18: =IF('Design Fee'!KZ18>0,"✔","-") -> - | DD18: =IF('Design Fee'!LA18>0,"✔","-") -> - | DE18: =IF('Design Fee'!LB18>0,"✔","-") -> - | DF18: =IF('Design Fee'!LD18>0,"✔","-") -> - | DG18: =IF('Design Fee'!LE18>0,"✔","-") -> - | DH18: =IF('Design Fee'!LF18>0,"✔","-") -> - | DI18: =IF('Design Fee'!LG18>0,"✔","-") -> - | DJ18: =IF('Design Fee'!LH18>0,"✔","-") -> - | DL18: =IF('Design Fee'!MC18>0,"✔","-") -> - | DN18: =IF('Design Fee'!MH18>0,"✔","-") -> - | DO18: =IF('Design Fee'!MI18>0,"✔","-") -> - | DP18: =IF('Design Fee'!MJ18>0,"✔","-") -> - | DQ18: =IF('Design Fee'!MK18>0,"✔","-") -> - | DR18: =IF('Design Fee'!ML18>0,"✔","-") -> - | DS18: =IF('Design Fee'!MN18>0,"✔","-") -> - | DT18: =IF('Design Fee'!MO18>0,"✔","-") -> - | DU18: =IF('Design Fee'!MP18>0,"✔","-") -> - | DV18: =IF('Design Fee'!MQ18>0,"✔","-") -> - | DW18: =IF('Design Fee'!MR18>0,"✔","-") -> - | DY18: =IF('Design Fee'!NM18>0,"✔","-") -> - | DZ18: =IF('Design Fee'!NN18>0,"✔","-") -> - | EA18: =IF('Design Fee'!NO18>0,"✔","-") -> - | EB18: =IF('Design Fee'!NP18>0,"✔","-") -> - | EC18: =IF('Design Fee'!NQ18>0,"✔","-") -> - | ED18: =IF('Design Fee'!NS18>0,"✔","-") -> - | EE18: =IF('Design Fee'!NT18>0,"✔","-") -> - | EF18: =IF('Design Fee'!NU18>0,"✔","-") -> - | EG18: =IF('Design Fee'!NV18>0,"✔","-") -> - | EH18: =IF('Design Fee'!NW18>0,"✔","-") -> - | EJ18: =IF('Design Fee'!OR18>0,"✔","-") -> - | EK18: =IF('Design Fee'!OS18>0,"✔","-") -> - | EL18: =IF('Design Fee'!OT18>0,"✔","-") -> - | EM18: =IF('Design Fee'!OU18>0,"✔","-") -> - | EN18: =IF('Design Fee'!OV18>0,"✔","-") -> - | EO18: =IF('Design Fee'!OX18>0,"✔","-") -> - | EP18: =IF('Design Fee'!OY18>0,"✔","-") -> - | EQ18: =IF('Design Fee'!OZ18>0,"✔","-") -> - | ER18: =IF('Design Fee'!PA18>0,"✔","-") -> - | ES18: =IF('Design Fee'!PB18>0,"✔","-") -> -
C19: 2 | D19: Blocks and Products | K19: =IF('Design Fee'!AU19>0,"✔","-") -> - | M19: =IF('Design Fee'!AZ19>0,"✔","-") -> - | N19: =IF('Design Fee'!BA19>0,"✔","-") -> - | O19: =IF('Design Fee'!BB19>0,"✔","-") -> - | P19: =IF('Design Fee'!BC19>0,"✔","-") -> - | Q19: =IF('Design Fee'!BD19>0,"✔","-") -> - | R19: =IF('Design Fee'!BF19>0,"✔","-") -> - | S19: =IF('Design Fee'!BG19>0,"✔","-") -> - | T19: =IF('Design Fee'!BH19>0,"✔","-") -> - | U19: =IF('Design Fee'!BI19>0,"✔","-") -> - | V19: =IF('Design Fee'!BJ19>0,"✔","-") -> - | X19: =IF('Design Fee'!CE19>0,"✔","-") -> - | Y19: =IF('Design Fee'!CF19>0,"✔","-") -> - | Z19: =IF('Design Fee'!CG19>0,"✔","-") -> - | AA19: =IF('Design Fee'!CH19>0,"✔","-") -> - | AB19: =IF('Design Fee'!CI19>0,"✔","-") -> - | AC19: =IF('Design Fee'!CK19>0,"✔","-") -> - | AD19: =IF('Design Fee'!CL19>0,"✔","-") -> - | AE19: =IF('Design Fee'!CM19>0,"✔","-") -> - | AF19: =IF('Design Fee'!CN19>0,"✔","-") -> - | AG19: =IF('Design Fee'!CO19>0,"✔","-") -> - | AI19: =IF('Design Fee'!DJ19>0,"✔","-") -> - | AJ19: =IF('Design Fee'!DK19>0,"✔","-") -> - | AK19: =IF('Design Fee'!DL19>0,"✔","-") -> - | AL19: =IF('Design Fee'!DM19>0,"✔","-") -> - | AM19: =IF('Design Fee'!DN19>0,"✔","-") -> - | AN19: =IF('Design Fee'!DP19>0,"✔","-") -> - | AO19: =IF('Design Fee'!DQ19>0,"✔","-") -> - | AP19: =IF('Design Fee'!DR19>0,"✔","-") -> - | AQ19: =IF('Design Fee'!DS19>0,"✔","-") -> - | AR19: =IF('Design Fee'!DT19>0,"✔","-") -> - | AT19: =IF('Design Fee'!EO19>0,"✔","-") -> - | AV19: =IF('Design Fee'!ET19>0,"✔","-") -> - | AW19: =IF('Design Fee'!EU19>0,"✔","-") -> - | AX19: =IF('Design Fee'!EV19>0,"✔","-") -> - | AY19: =IF('Design Fee'!EW19>0,"✔","-") -> - | AZ19: =IF('Design Fee'!EX19>0,"✔","-") -> - | BA19: =IF('Design Fee'!EZ19>0,"✔","-") -> - | BB19: =IF('Design Fee'!FA19>0,"✔","-") -> - | BC19: =IF('Design Fee'!FB19>0,"✔","-") -> - | BD19: =IF('Design Fee'!FC19>0,"✔","-") -> - | BE19: =IF('Design Fee'!FD19>0,"✔","-") -> - | BG19: =IF('Design Fee'!FY19>0,"✔","-") -> - | BH19: =IF('Design Fee'!FZ19>0,"✔","-") -> - | BI19: =IF('Design Fee'!GA19>0,"✔","-") -> - | BJ19: =IF('Design Fee'!GB19>0,"✔","-") -> - | BK19: =IF('Design Fee'!GC19>0,"✔","-") -> - | BL19: =IF('Design Fee'!GE19>0,"✔","-") -> - | BM19: =IF('Design Fee'!GF19>0,"✔","-") -> - | BN19: =IF('Design Fee'!GG19>0,"✔","-") -> - | BO19: =IF('Design Fee'!GH19>0,"✔","-") -> - | BP19: =IF('Design Fee'!GI19>0,"✔","-") -> - | BR19: =IF('Design Fee'!HD19>0,"✔","-") -> - | BS19: =IF('Design Fee'!HE19>0,"✔","-") -> - | BT19: =IF('Design Fee'!HF19>0,"✔","-") -> - | BU19: =IF('Design Fee'!HG19>0,"✔","-") -> - | BV19: =IF('Design Fee'!HH19>0,"✔","-") -> - | BW19: =IF('Design Fee'!HJ19>0,"✔","-") -> - | BX19: =IF('Design Fee'!HK19>0,"✔","-") -> - | BY19: =IF('Design Fee'!HL19>0,"✔","-") -> - | BZ19: =IF('Design Fee'!HM19>0,"✔","-") -> - | CA19: =IF('Design Fee'!HN19>0,"✔","-") -> - | CC19: =IF('Design Fee'!II19>0,"✔","-") -> - | CE19: =IF('Design Fee'!IN19>0,"✔","-") -> - | CF19: =IF('Design Fee'!IO19>0,"✔","-") -> - | CG19: =IF('Design Fee'!IP19>0,"✔","-") -> - | CH19: =IF('Design Fee'!IQ19>0,"✔","-") -> - | CI19: =IF('Design Fee'!IR19>0,"✔","-") -> - | CJ19: =IF('Design Fee'!IT19>0,"✔","-") -> - | CK19: =IF('Design Fee'!IU19>0,"✔","-") -> - | CL19: =IF('Design Fee'!IV19>0,"✔","-") -> - | CM19: =IF('Design Fee'!IW19>0,"✔","-") -> - | CN19: =IF('Design Fee'!IX19>0,"✔","-") -> - | CP19: =IF('Design Fee'!JS19>0,"✔","-") -> - | CQ19: =IF('Design Fee'!JT19>0,"✔","-") -> - | CR19: =IF('Design Fee'!JU19>0,"✔","-") -> - | CS19: =IF('Design Fee'!JV19>0,"✔","-") -> - | CT19: =IF('Design Fee'!JW19>0,"✔","-") -> - | CU19: =IF('Design Fee'!JY19>0,"✔","-") -> - | CV19: =IF('Design Fee'!JZ19>0,"✔","-") -> - | CW19: =IF('Design Fee'!KA19>0,"✔","-") -> - | CX19: =IF('Design Fee'!KB19>0,"✔","-") -> - | CY19: =IF('Design Fee'!KC19>0,"✔","-") -> - | DA19: =IF('Design Fee'!KX19>0,"✔","-") -> - | DB19: =IF('Design Fee'!KY19>0,"✔","-") -> - | DC19: =IF('Design Fee'!KZ19>0,"✔","-") -> - | DD19: =IF('Design Fee'!LA19>0,"✔","-") -> - | DE19: =IF('Design Fee'!LB19>0,"✔","-") -> - | DF19: =IF('Design Fee'!LD19>0,"✔","-") -> - | DG19: =IF('Design Fee'!LE19>0,"✔","-") -> - | DH19: =IF('Design Fee'!LF19>0,"✔","-") -> - | DI19: =IF('Design Fee'!LG19>0,"✔","-") -> - | DJ19: =IF('Design Fee'!LH19>0,"✔","-") -> - | DL19: =IF('Design Fee'!MC19>0,"✔","-") -> - | DN19: =IF('Design Fee'!MH19>0,"✔","-") -> - | DO19: =IF('Design Fee'!MI19>0,"✔","-") -> - | DP19: =IF('Design Fee'!MJ19>0,"✔","-") -> - | DQ19: =IF('Design Fee'!MK19>0,"✔","-") -> - | DR19: =IF('Design Fee'!ML19>0,"✔","-") -> - | DS19: =IF('Design Fee'!MN19>0,"✔","-") -> - | DT19: =IF('Design Fee'!MO19>0,"✔","-") -> - | DU19: =IF('Design Fee'!MP19>0,"✔","-") -> - | DV19: =IF('Design Fee'!MQ19>0,"✔","-") -> - | DW19: =IF('Design Fee'!MR19>0,"✔","-") -> - | DY19: =IF('Design Fee'!NM19>0,"✔","-") -> - | DZ19: =IF('Design Fee'!NN19>0,"✔","-") -> - | EA19: =IF('Design Fee'!NO19>0,"✔","-") -> - | EB19: =IF('Design Fee'!NP19>0,"✔","-") -> - | EC19: =IF('Design Fee'!NQ19>0,"✔","-") -> - | ED19: =IF('Design Fee'!NS19>0,"✔","-") -> - | EE19: =IF('Design Fee'!NT19>0,"✔","-") -> - | EF19: =IF('Design Fee'!NU19>0,"✔","-") -> - | EG19: =IF('Design Fee'!NV19>0,"✔","-") -> - | EH19: =IF('Design Fee'!NW19>0,"✔","-") -> - | EJ19: =IF('Design Fee'!OR19>0,"✔","-") -> - | EK19: =IF('Design Fee'!OS19>0,"✔","-") -> - | EL19: =IF('Design Fee'!OT19>0,"✔","-") -> - | EM19: =IF('Design Fee'!OU19>0,"✔","-") -> - | EN19: =IF('Design Fee'!OV19>0,"✔","-") -> - | EO19: =IF('Design Fee'!OX19>0,"✔","-") -> - | EP19: =IF('Design Fee'!OY19>0,"✔","-") -> - | EQ19: =IF('Design Fee'!OZ19>0,"✔","-") -> - | ER19: =IF('Design Fee'!PA19>0,"✔","-") -> - | ES19: =IF('Design Fee'!PB19>0,"✔","-") -> -
C20: 3 | D20: Amenities & Facilities | K20: =IF('Design Fee'!AU20>0,"✔","-") -> - | M20: =IF('Design Fee'!AZ20>0,"✔","-") -> - | N20: =IF('Design Fee'!BA20>0,"✔","-") -> - | O20: =IF('Design Fee'!BB20>0,"✔","-") -> - | P20: =IF('Design Fee'!BC20>0,"✔","-") -> - | Q20: =IF('Design Fee'!BD20>0,"✔","-") -> - | R20: =IF('Design Fee'!BF20>0,"✔","-") -> - | S20: =IF('Design Fee'!BG20>0,"✔","-") -> - | T20: =IF('Design Fee'!BH20>0,"✔","-") -> - | U20: =IF('Design Fee'!BI20>0,"✔","-") -> - | V20: =IF('Design Fee'!BJ20>0,"✔","-") -> - | X20: =IF('Design Fee'!CE20>0,"✔","-") -> - | Y20: =IF('Design Fee'!CF20>0,"✔","-") -> - | Z20: =IF('Design Fee'!CG20>0,"✔","-") -> - | AA20: =IF('Design Fee'!CH20>0,"✔","-") -> - | AB20: =IF('Design Fee'!CI20>0,"✔","-") -> - | AC20: =IF('Design Fee'!CK20>0,"✔","-") -> - | AD20: =IF('Design Fee'!CL20>0,"✔","-") -> - | AE20: =IF('Design Fee'!CM20>0,"✔","-") -> - | AF20: =IF('Design Fee'!CN20>0,"✔","-") -> - | AG20: =IF('Design Fee'!CO20>0,"✔","-") -> - | AI20: =IF('Design Fee'!DJ20>0,"✔","-") -> - | AJ20: =IF('Design Fee'!DK20>0,"✔","-") -> - | AK20: =IF('Design Fee'!DL20>0,"✔","-") -> - | AL20: =IF('Design Fee'!DM20>0,"✔","-") -> - | AM20: =IF('Design Fee'!DN20>0,"✔","-") -> - | AN20: =IF('Design Fee'!DP20>0,"✔","-") -> - | AO20: =IF('Design Fee'!DQ20>0,"✔","-") -> - | AP20: =IF('Design Fee'!DR20>0,"✔","-") -> - | AQ20: =IF('Design Fee'!DS20>0,"✔","-") -> - | AR20: =IF('Design Fee'!DT20>0,"✔","-") -> - | AT20: =IF('Design Fee'!EO20>0,"✔","-") -> - | AV20: =IF('Design Fee'!ET20>0,"✔","-") -> - | AW20: =IF('Design Fee'!EU20>0,"✔","-") -> - | AX20: =IF('Design Fee'!EV20>0,"✔","-") -> - | AY20: =IF('Design Fee'!EW20>0,"✔","-") -> - | AZ20: =IF('Design Fee'!EX20>0,"✔","-") -> - | BA20: =IF('Design Fee'!EZ20>0,"✔","-") -> - | BB20: =IF('Design Fee'!FA20>0,"✔","-") -> - | BC20: =IF('Design Fee'!FB20>0,"✔","-") -> - | BD20: =IF('Design Fee'!FC20>0,"✔","-") -> - | BE20: =IF('Design Fee'!FD20>0,"✔","-") -> - | BG20: =IF('Design Fee'!FY20>0,"✔","-") -> - | BH20: =IF('Design Fee'!FZ20>0,"✔","-") -> - | BI20: =IF('Design Fee'!GA20>0,"✔","-") -> - | BJ20: =IF('Design Fee'!GB20>0,"✔","-") -> - | BK20: =IF('Design Fee'!GC20>0,"✔","-") -> - | BL20: =IF('Design Fee'!GE20>0,"✔","-") -> - | BM20: =IF('Design Fee'!GF20>0,"✔","-") -> - | BN20: =IF('Design Fee'!GG20>0,"✔","-") -> - | BO20: =IF('Design Fee'!GH20>0,"✔","-") -> - | BP20: =IF('Design Fee'!GI20>0,"✔","-") -> - | BR20: =IF('Design Fee'!HD20>0,"✔","-") -> - | BS20: =IF('Design Fee'!HE20>0,"✔","-") -> - | BT20: =IF('Design Fee'!HF20>0,"✔","-") -> - | BU20: =IF('Design Fee'!HG20>0,"✔","-") -> - | BV20: =IF('Design Fee'!HH20>0,"✔","-") -> - | BW20: =IF('Design Fee'!HJ20>0,"✔","-") -> - | BX20: =IF('Design Fee'!HK20>0,"✔","-") -> - | BY20: =IF('Design Fee'!HL20>0,"✔","-") -> - | BZ20: =IF('Design Fee'!HM20>0,"✔","-") -> - | CA20: =IF('Design Fee'!HN20>0,"✔","-") -> - | CC20: =IF('Design Fee'!II20>0,"✔","-") -> - | CE20: =IF('Design Fee'!IN20>0,"✔","-") -> - | CF20: =IF('Design Fee'!IO20>0,"✔","-") -> - | CG20: =IF('Design Fee'!IP20>0,"✔","-") -> - | CH20: =IF('Design Fee'!IQ20>0,"✔","-") -> - | CI20: =IF('Design Fee'!IR20>0,"✔","-") -> - | CJ20: =IF('Design Fee'!IT20>0,"✔","-") -> - | CK20: =IF('Design Fee'!IU20>0,"✔","-") -> - | CL20: =IF('Design Fee'!IV20>0,"✔","-") -> - | CM20: =IF('Design Fee'!IW20>0,"✔","-") -> - | CN20: =IF('Design Fee'!IX20>0,"✔","-") -> - | CP20: =IF('Design Fee'!JS20>0,"✔","-") -> - | CQ20: =IF('Design Fee'!JT20>0,"✔","-") -> - | CR20: =IF('Design Fee'!JU20>0,"✔","-") -> - | CS20: =IF('Design Fee'!JV20>0,"✔","-") -> - | CT20: =IF('Design Fee'!JW20>0,"✔","-") -> - | CU20: =IF('Design Fee'!JY20>0,"✔","-") -> - | CV20: =IF('Design Fee'!JZ20>0,"✔","-") -> - | CW20: =IF('Design Fee'!KA20>0,"✔","-") -> - | CX20: =IF('Design Fee'!KB20>0,"✔","-") -> - | CY20: =IF('Design Fee'!KC20>0,"✔","-") -> - | DA20: =IF('Design Fee'!KX20>0,"✔","-") -> - | DB20: =IF('Design Fee'!KY20>0,"✔","-") -> - | DC20: =IF('Design Fee'!KZ20>0,"✔","-") -> - | DD20: =IF('Design Fee'!LA20>0,"✔","-") -> - | DE20: =IF('Design Fee'!LB20>0,"✔","-") -> - | DF20: =IF('Design Fee'!LD20>0,"✔","-") -> - | DG20: =IF('Design Fee'!LE20>0,"✔","-") -> - | DH20: =IF('Design Fee'!LF20>0,"✔","-") -> - | DI20: =IF('Design Fee'!LG20>0,"✔","-") -> - | DJ20: =IF('Design Fee'!LH20>0,"✔","-") -> - | DL20: =IF('Design Fee'!MC20>0,"✔","-") -> - | DN20: =IF('Design Fee'!MH20>0,"✔","-") -> - | DO20: =IF('Design Fee'!MI20>0,"✔","-") -> - | DP20: =IF('Design Fee'!MJ20>0,"✔","-") -> - | DQ20: =IF('Design Fee'!MK20>0,"✔","-") -> - | DR20: =IF('Design Fee'!ML20>0,"✔","-") -> - | DS20: =IF('Design Fee'!MN20>0,"✔","-") -> - | DT20: =IF('Design Fee'!MO20>0,"✔","-") -> - | DU20: =IF('Design Fee'!MP20>0,"✔","-") -> - | DV20: =IF('Design Fee'!MQ20>0,"✔","-") -> - | DW20: =IF('Design Fee'!MR20>0,"✔","-") -> - | DY20: =IF('Design Fee'!NM20>0,"✔","-") -> - | DZ20: =IF('Design Fee'!NN20>0,"✔","-") -> - | EA20: =IF('Design Fee'!NO20>0,"✔","-") -> - | EB20: =IF('Design Fee'!NP20>0,"✔","-") -> - | EC20: =IF('Design Fee'!NQ20>0,"✔","-") -> - | ED20: =IF('Design Fee'!NS20>0,"✔","-") -> - | EE20: =IF('Design Fee'!NT20>0,"✔","-") -> - | EF20: =IF('Design Fee'!NU20>0,"✔","-") -> - | EG20: =IF('Design Fee'!NV20>0,"✔","-") -> - | EH20: =IF('Design Fee'!NW20>0,"✔","-") -> - | EJ20: =IF('Design Fee'!OR20>0,"✔","-") -> - | EK20: =IF('Design Fee'!OS20>0,"✔","-") -> - | EL20: =IF('Design Fee'!OT20>0,"✔","-") -> - | EM20: =IF('Design Fee'!OU20>0,"✔","-") -> - | EN20: =IF('Design Fee'!OV20>0,"✔","-") -> - | EO20: =IF('Design Fee'!OX20>0,"✔","-") -> - | EP20: =IF('Design Fee'!OY20>0,"✔","-") -> - | EQ20: =IF('Design Fee'!OZ20>0,"✔","-") -> - | ER20: =IF('Design Fee'!PA20>0,"✔","-") -> - | ES20: =IF('Design Fee'!PB20>0,"✔","-") -> -
C21: 4 | D21: Design Basis | K21: =IF('Design Fee'!AU21>0,"✔","-") -> - | M21: =IF('Design Fee'!AZ21>0,"✔","-") -> - | N21: =IF('Design Fee'!BA21>0,"✔","-") -> - | O21: =IF('Design Fee'!BB21>0,"✔","-") -> - | P21: =IF('Design Fee'!BC21>0,"✔","-") -> - | Q21: =IF('Design Fee'!BD21>0,"✔","-") -> - | R21: =IF('Design Fee'!BF21>0,"✔","-") -> - | S21: =IF('Design Fee'!BG21>0,"✔","-") -> - | T21: =IF('Design Fee'!BH21>0,"✔","-") -> - | U21: =IF('Design Fee'!BI21>0,"✔","-") -> - | V21: =IF('Design Fee'!BJ21>0,"✔","-") -> - | X21: =IF('Design Fee'!CE21>0,"✔","-") -> - | Y21: =IF('Design Fee'!CF21>0,"✔","-") -> - | Z21: =IF('Design Fee'!CG21>0,"✔","-") -> - | AA21: =IF('Design Fee'!CH21>0,"✔","-") -> - | AB21: =IF('Design Fee'!CI21>0,"✔","-") -> - | AC21: =IF('Design Fee'!CK21>0,"✔","-") -> - | AD21: =IF('Design Fee'!CL21>0,"✔","-") -> - | AE21: =IF('Design Fee'!CM21>0,"✔","-") -> - | AF21: =IF('Design Fee'!CN21>0,"✔","-") -> - | AG21: =IF('Design Fee'!CO21>0,"✔","-") -> - | AI21: =IF('Design Fee'!DJ21>0,"✔","-") -> - | AJ21: =IF('Design Fee'!DK21>0,"✔","-") -> - | AK21: =IF('Design Fee'!DL21>0,"✔","-") -> - | AL21: =IF('Design Fee'!DM21>0,"✔","-") -> - | AM21: =IF('Design Fee'!DN21>0,"✔","-") -> - | AN21: =IF('Design Fee'!DP21>0,"✔","-") -> - | AO21: =IF('Design Fee'!DQ21>0,"✔","-") -> - | AP21: =IF('Design Fee'!DR21>0,"✔","-") -> - | AQ21: =IF('Design Fee'!DS21>0,"✔","-") -> - | AR21: =IF('Design Fee'!DT21>0,"✔","-") -> - | AT21: =IF('Design Fee'!EO21>0,"✔","-") -> - | AV21: =IF('Design Fee'!ET21>0,"✔","-") -> - | AW21: =IF('Design Fee'!EU21>0,"✔","-") -> - | AX21: =IF('Design Fee'!EV21>0,"✔","-") -> - | AY21: =IF('Design Fee'!EW21>0,"✔","-") -> - | AZ21: =IF('Design Fee'!EX21>0,"✔","-") -> - | BA21: =IF('Design Fee'!EZ21>0,"✔","-") -> - | BB21: =IF('Design Fee'!FA21>0,"✔","-") -> - | BC21: =IF('Design Fee'!FB21>0,"✔","-") -> - | BD21: =IF('Design Fee'!FC21>0,"✔","-") -> - | BE21: =IF('Design Fee'!FD21>0,"✔","-") -> - | BG21: =IF('Design Fee'!FY21>0,"✔","-") -> - | BH21: =IF('Design Fee'!FZ21>0,"✔","-") -> - | BI21: =IF('Design Fee'!GA21>0,"✔","-") -> - | BJ21: =IF('Design Fee'!GB21>0,"✔","-") -> - | BK21: =IF('Design Fee'!GC21>0,"✔","-") -> - | BL21: =IF('Design Fee'!GE21>0,"✔","-") -> - | BM21: =IF('Design Fee'!GF21>0,"✔","-") -> - | BN21: =IF('Design Fee'!GG21>0,"✔","-") -> - | BO21: =IF('Design Fee'!GH21>0,"✔","-") -> - | BP21: =IF('Design Fee'!GI21>0,"✔","-") -> - | BR21: =IF('Design Fee'!HD21>0,"✔","-") -> - | BS21: =IF('Design Fee'!HE21>0,"✔","-") -> - | BT21: =IF('Design Fee'!HF21>0,"✔","-") -> - | BU21: =IF('Design Fee'!HG21>0,"✔","-") -> - | BV21: =IF('Design Fee'!HH21>0,"✔","-") -> - | BW21: =IF('Design Fee'!HJ21>0,"✔","-") -> - | BX21: =IF('Design Fee'!HK21>0,"✔","-") -> - | BY21: =IF('Design Fee'!HL21>0,"✔","-") -> - | BZ21: =IF('Design Fee'!HM21>0,"✔","-") -> - | CA21: =IF('Design Fee'!HN21>0,"✔","-") -> - | CC21: =IF('Design Fee'!II21>0,"✔","-") -> - | CE21: =IF('Design Fee'!IN21>0,"✔","-") -> - | CF21: =IF('Design Fee'!IO21>0,"✔","-") -> - | CG21: =IF('Design Fee'!IP21>0,"✔","-") -> - | CH21: =IF('Design Fee'!IQ21>0,"✔","-") -> - | CI21: =IF('Design Fee'!IR21>0,"✔","-") -> - | CJ21: =IF('Design Fee'!IT21>0,"✔","-") -> - | CK21: =IF('Design Fee'!IU21>0,"✔","-") -> - | CL21: =IF('Design Fee'!IV21>0,"✔","-") -> - | CM21: =IF('Design Fee'!IW21>0,"✔","-") -> - | CN21: =IF('Design Fee'!IX21>0,"✔","-") -> - | CP21: =IF('Design Fee'!JS21>0,"✔","-") -> - | CQ21: =IF('Design Fee'!JT21>0,"✔","-") -> - | CR21: =IF('Design Fee'!JU21>0,"✔","-") -> - | CS21: =IF('Design Fee'!JV21>0,"✔","-") -> - | CT21: =IF('Design Fee'!JW21>0,"✔","-") -> - | CU21: =IF('Design Fee'!JY21>0,"✔","-") -> - | CV21: =IF('Design Fee'!JZ21>0,"✔","-") -> - | CW21: =IF('Design Fee'!KA21>0,"✔","-") -> - | CX21: =IF('Design Fee'!KB21>0,"✔","-") -> - | CY21: =IF('Design Fee'!KC21>0,"✔","-") -> - | DA21: =IF('Design Fee'!KX21>0,"✔","-") -> - | DB21: =IF('Design Fee'!KY21>0,"✔","-") -> - | DC21: =IF('Design Fee'!KZ21>0,"✔","-") -> - | DD21: =IF('Design Fee'!LA21>0,"✔","-") -> - | DE21: =IF('Design Fee'!LB21>0,"✔","-") -> - | DF21: =IF('Design Fee'!LD21>0,"✔","-") -> - | DG21: =IF('Design Fee'!LE21>0,"✔","-") -> - | DH21: =IF('Design Fee'!LF21>0,"✔","-") -> - | DI21: =IF('Design Fee'!LG21>0,"✔","-") -> - | DJ21: =IF('Design Fee'!LH21>0,"✔","-") -> - | DL21: =IF('Design Fee'!MC21>0,"✔","-") -> - | DN21: =IF('Design Fee'!MH21>0,"✔","-") -> - | DO21: =IF('Design Fee'!MI21>0,"✔","-") -> - | DP21: =IF('Design Fee'!MJ21>0,"✔","-") -> - | DQ21: =IF('Design Fee'!MK21>0,"✔","-") -> - | DR21: =IF('Design Fee'!ML21>0,"✔","-") -> - | DS21: =IF('Design Fee'!MN21>0,"✔","-") -> - | DT21: =IF('Design Fee'!MO21>0,"✔","-") -> - | DU21: =IF('Design Fee'!MP21>0,"✔","-") -> - | DV21: =IF('Design Fee'!MQ21>0,"✔","-") -> - | DW21: =IF('Design Fee'!MR21>0,"✔","-") -> - | DY21: =IF('Design Fee'!NM21>0,"✔","-") -> - | DZ21: =IF('Design Fee'!NN21>0,"✔","-") -> - | EA21: =IF('Design Fee'!NO21>0,"✔","-") -> - | EB21: =IF('Design Fee'!NP21>0,"✔","-") -> - | EC21: =IF('Design Fee'!NQ21>0,"✔","-") -> - | ED21: =IF('Design Fee'!NS21>0,"✔","-") -> - | EE21: =IF('Design Fee'!NT21>0,"✔","-") -> - | EF21: =IF('Design Fee'!NU21>0,"✔","-") -> - | EG21: =IF('Design Fee'!NV21>0,"✔","-") -> - | EH21: =IF('Design Fee'!NW21>0,"✔","-") -> - | EJ21: =IF('Design Fee'!OR21>0,"✔","-") -> - | EK21: =IF('Design Fee'!OS21>0,"✔","-") -> - | EL21: =IF('Design Fee'!OT21>0,"✔","-") -> - | EM21: =IF('Design Fee'!OU21>0,"✔","-") -> - | EN21: =IF('Design Fee'!OV21>0,"✔","-") -> - | EO21: =IF('Design Fee'!OX21>0,"✔","-") -> - | EP21: =IF('Design Fee'!OY21>0,"✔","-") -> - | EQ21: =IF('Design Fee'!OZ21>0,"✔","-") -> - | ER21: =IF('Design Fee'!PA21>0,"✔","-") -> - | ES21: =IF('Design Fee'!PB21>0,"✔","-") -> -
C23: 3 | D23: Pre Construction Set | F23: =COUNTIF('Design Fee'!AU23,">0")+COUNTIF('Design Fee'!EO23,">0")+COUNTIF('Design Fee'!II23,">0")+COUNTIF('Design Fee'!ME23,">0") -> 4 | G23: =COUNTIF('Design Fee'!AX23,">0")+COUNTIF('Design Fee'!ER23,">0")+COUNTIF('Design Fee'!IL23,">0")+COUNTIF('Design Fee'!MF23,">0") -> 4 | H23: =COUNTIF('Design Fee'!AY23,">0")+COUNTIF('Design Fee'!ES23,">0")+COUNTIF('Design Fee'!IM23,">0")+COUNTIF('Design Fee'!MG23,">0") -> 4 | I23: =F23-G23 -> 0 | K23: =IF('Design Fee'!AU23>0,"✔","-") -> ✔ | M23: =IF('Design Fee'!AZ23>0,"✔","-") -> - | N23: =IF('Design Fee'!BA23>0,"✔","-") -> - | O23: =IF('Design Fee'!BB23>0,"✔","-") -> - | P23: =IF('Design Fee'!BC23>0,"✔","-") -> - | Q23: =IF('Design Fee'!BD23>0,"✔","-") -> - | R23: =IF('Design Fee'!BF23>0,"✔","-") -> - | S23: =IF('Design Fee'!BG23>0,"✔","-") -> - | T23: =IF('Design Fee'!BH23>0,"✔","-") -> - | U23: =IF('Design Fee'!BI23>0,"✔","-") -> - | V23: =IF('Design Fee'!BJ23>0,"✔","-") -> - | X23: =IF('Design Fee'!CE23>0,"✔","-") -> - | Y23: =IF('Design Fee'!CF23>0,"✔","-") -> - | Z23: =IF('Design Fee'!CG23>0,"✔","-") -> - | AA23: =IF('Design Fee'!CH23>0,"✔","-") -> - | AB23: =IF('Design Fee'!CI23>0,"✔","-") -> - | AC23: =IF('Design Fee'!CK23>0,"✔","-") -> - | AD23: =IF('Design Fee'!CL23>0,"✔","-") -> - | AE23: =IF('Design Fee'!CM23>0,"✔","-") -> - | AF23: =IF('Design Fee'!CN23>0,"✔","-") -> - | AG23: =IF('Design Fee'!CO23>0,"✔","-") -> - | AI23: =IF('Design Fee'!DJ23>0,"✔","-") -> - | AJ23: =IF('Design Fee'!DK23>0,"✔","-") -> - | AK23: =IF('Design Fee'!DL23>0,"✔","-") -> - | AL23: =IF('Design Fee'!DM23>0,"✔","-") -> - | AM23: =IF('Design Fee'!DN23>0,"✔","-") -> - | AN23: =IF('Design Fee'!DP23>0,"✔","-") -> - | AO23: =IF('Design Fee'!DQ23>0,"✔","-") -> - | AP23: =IF('Design Fee'!DR23>0,"✔","-") -> - | AQ23: =IF('Design Fee'!DS23>0,"✔","-") -> - | AR23: =IF('Design Fee'!DT23>0,"✔","-") -> - | AT23: =IF('Design Fee'!EO23>0,"✔","-") -> ✔ | AV23: =IF('Design Fee'!ET23>0,"✔","-") -> - | AW23: =IF('Design Fee'!EU23>0,"✔","-") -> - | AX23: =IF('Design Fee'!EV23>0,"✔","-") -> - | AY23: =IF('Design Fee'!EW23>0,"✔","-") -> - | AZ23: =IF('Design Fee'!EX23>0,"✔","-") -> - | BA23: =IF('Design Fee'!EZ23>0,"✔","-") -> - | BB23: =IF('Design Fee'!FA23>0,"✔","-") -> - | BC23: =IF('Design Fee'!FB23>0,"✔","-") -> - | BD23: =IF('Design Fee'!FC23>0,"✔","-") -> - | BE23: =IF('Design Fee'!FD23>0,"✔","-") -> - | BG23: =IF('Design Fee'!FY23>0,"✔","-") -> - | BH23: =IF('Design Fee'!FZ23>0,"✔","-") -> - | BI23: =IF('Design Fee'!GA23>0,"✔","-") -> - | BJ23: =IF('Design Fee'!GB23>0,"✔","-") -> - | BK23: =IF('Design Fee'!GC23>0,"✔","-") -> - | BL23: =IF('Design Fee'!GE23>0,"✔","-") -> - | BM23: =IF('Design Fee'!GF23>0,"✔","-") -> - | BN23: =IF('Design Fee'!GG23>0,"✔","-") -> - | BO23: =IF('Design Fee'!GH23>0,"✔","-") -> - | BP23: =IF('Design Fee'!GI23>0,"✔","-") -> - | BR23: =IF('Design Fee'!HD23>0,"✔","-") -> - | BS23: =IF('Design Fee'!HE23>0,"✔","-") -> - | BT23: =IF('Design Fee'!HF23>0,"✔","-") -> - | BU23: =IF('Design Fee'!HG23>0,"✔","-") -> - | BV23: =IF('Design Fee'!HH23>0,"✔","-") -> - | BW23: =IF('Design Fee'!HJ23>0,"✔","-") -> - | BX23: =IF('Design Fee'!HK23>0,"✔","-") -> - | BY23: =IF('Design Fee'!HL23>0,"✔","-") -> - | BZ23: =IF('Design Fee'!HM23>0,"✔","-") -> - | CA23: =IF('Design Fee'!HN23>0,"✔","-") -> - | CC23: =IF('Design Fee'!II23>0,"✔","-") -> ✔ | CE23: =IF('Design Fee'!IN23>0,"✔","-") -> - | CF23: =IF('Design Fee'!IO23>0,"✔","-") -> - | CG23: =IF('Design Fee'!IP23>0,"✔","-") -> - | CH23: =IF('Design Fee'!IQ23>0,"✔","-") -> - | CI23: =IF('Design Fee'!IR23>0,"✔","-") -> - | CJ23: =IF('Design Fee'!IT23>0,"✔","-") -> - | CK23: =IF('Design Fee'!IU23>0,"✔","-") -> - | CL23: =IF('Design Fee'!IV23>0,"✔","-") -> - | CM23: =IF('Design Fee'!IW23>0,"✔","-") -> - | CN23: =IF('Design Fee'!IX23>0,"✔","-") -> - | CP23: =IF('Design Fee'!JS23>0,"✔","-") -> - | CQ23: =IF('Design Fee'!JT23>0,"✔","-") -> - | CR23: =IF('Design Fee'!JU23>0,"✔","-") -> - | CS23: =IF('Design Fee'!JV23>0,"✔","-") -> - | CT23: =IF('Design Fee'!JW23>0,"✔","-") -> - | CU23: =IF('Design Fee'!JY23>0,"✔","-") -> - | CV23: =IF('Design Fee'!JZ23>0,"✔","-") -> - | CW23: =IF('Design Fee'!KA23>0,"✔","-") -> - | CX23: =IF('Design Fee'!KB23>0,"✔","-") -> - | CY23: =IF('Design Fee'!KC23>0,"✔","-") -> - | DA23: =IF('Design Fee'!KX23>0,"✔","-") -> - | DB23: =IF('Design Fee'!KY23>0,"✔","-") -> - | DC23: =IF('Design Fee'!KZ23>0,"✔","-") -> - | DD23: =IF('Design Fee'!LA23>0,"✔","-") -> - | DE23: =IF('Design Fee'!LB23>0,"✔","-") -> - | DF23: =IF('Design Fee'!LD23>0,"✔","-") -> - | DG23: =IF('Design Fee'!LE23>0,"✔","-") -> - | DH23: =IF('Design Fee'!LF23>0,"✔","-") -> - | DI23: =IF('Design Fee'!LG23>0,"✔","-") -> - | DJ23: =IF('Design Fee'!LH23>0,"✔","-") -> - | DL23: =IF('Design Fee'!MC23>0,"✔","-") -> ✔ | DN23: =IF('Design Fee'!MH23>0,"✔","-") -> - | DO23: =IF('Design Fee'!MI23>0,"✔","-") -> - | DP23: =IF('Design Fee'!MJ23>0,"✔","-") -> - | DQ23: =IF('Design Fee'!MK23>0,"✔","-") -> - | DR23: =IF('Design Fee'!ML23>0,"✔","-") -> - | DS23: =IF('Design Fee'!MN23>0,"✔","-") -> - | DT23: =IF('Design Fee'!MO23>0,"✔","-") -> - | DU23: =IF('Design Fee'!MP23>0,"✔","-") -> - | DV23: =IF('Design Fee'!MQ23>0,"✔","-") -> - | DW23: =IF('Design Fee'!MR23>0,"✔","-") -> - | DY23: =IF('Design Fee'!NM23>0,"✔","-") -> - | DZ23: =IF('Design Fee'!NN23>0,"✔","-") -> - | EA23: =IF('Design Fee'!NO23>0,"✔","-") -> - | EB23: =IF('Design Fee'!NP23>0,"✔","-") -> - | EC23: =IF('Design Fee'!NQ23>0,"✔","-") -> - | ED23: =IF('Design Fee'!NS23>0,"✔","-") -> - | EE23: =IF('Design Fee'!NT23>0,"✔","-") -> - | EF23: =IF('Design Fee'!NU23>0,"✔","-") -> - | EG23: =IF('Design Fee'!NV23>0,"✔","-") -> - | EH23: =IF('Design Fee'!NW23>0,"✔","-") -> - | EJ23: =IF('Design Fee'!OR23>0,"✔","-") -> - | EK23: =IF('Design Fee'!OS23>0,"✔","-") -> - | EL23: =IF('Design Fee'!OT23>0,"✔","-") -> - | EM23: =IF('Design Fee'!OU23>0,"✔","-") -> - | EN23: =IF('Design Fee'!OV23>0,"✔","-") -> - | EO23: =IF('Design Fee'!OX23>0,"✔","-") -> - | EP23: =IF('Design Fee'!OY23>0,"✔","-") -> - | EQ23: =IF('Design Fee'!OZ23>0,"✔","-") -> - | ER23: =IF('Design Fee'!PA23>0,"✔","-") -> - | ES23: =IF('Design Fee'!PB23>0,"✔","-") -> -
C24: 1 | D24: Master Plan | K24: =IF('Design Fee'!AU24>0,"✔","-") -> - | M24: =IF('Design Fee'!AZ24>0,"✔","-") -> - | N24: =IF('Design Fee'!BA24>0,"✔","-") -> - | O24: =IF('Design Fee'!BB24>0,"✔","-") -> - | P24: =IF('Design Fee'!BC24>0,"✔","-") -> - | Q24: =IF('Design Fee'!BD24>0,"✔","-") -> - | R24: =IF('Design Fee'!BF24>0,"✔","-") -> - | S24: =IF('Design Fee'!BG24>0,"✔","-") -> - | T24: =IF('Design Fee'!BH24>0,"✔","-") -> - | U24: =IF('Design Fee'!BI24>0,"✔","-") -> - | V24: =IF('Design Fee'!BJ24>0,"✔","-") -> - | X24: =IF('Design Fee'!CE24>0,"✔","-") -> - | Y24: =IF('Design Fee'!CF24>0,"✔","-") -> - | Z24: =IF('Design Fee'!CG24>0,"✔","-") -> - | AA24: =IF('Design Fee'!CH24>0,"✔","-") -> - | AB24: =IF('Design Fee'!CI24>0,"✔","-") -> - | AC24: =IF('Design Fee'!CK24>0,"✔","-") -> - | AD24: =IF('Design Fee'!CL24>0,"✔","-") -> - | AE24: =IF('Design Fee'!CM24>0,"✔","-") -> - | AF24: =IF('Design Fee'!CN24>0,"✔","-") -> - | AG24: =IF('Design Fee'!CO24>0,"✔","-") -> - | AI24: =IF('Design Fee'!DJ24>0,"✔","-") -> - | AJ24: =IF('Design Fee'!DK24>0,"✔","-") -> - | AK24: =IF('Design Fee'!DL24>0,"✔","-") -> - | AL24: =IF('Design Fee'!DM24>0,"✔","-") -> - | AM24: =IF('Design Fee'!DN24>0,"✔","-") -> - | AN24: =IF('Design Fee'!DP24>0,"✔","-") -> - | AO24: =IF('Design Fee'!DQ24>0,"✔","-") -> - | AP24: =IF('Design Fee'!DR24>0,"✔","-") -> - | AQ24: =IF('Design Fee'!DS24>0,"✔","-") -> - | AR24: =IF('Design Fee'!DT24>0,"✔","-") -> - | AT24: =IF('Design Fee'!EO24>0,"✔","-") -> - | AV24: =IF('Design Fee'!ET24>0,"✔","-") -> - | AW24: =IF('Design Fee'!EU24>0,"✔","-") -> - | AX24: =IF('Design Fee'!EV24>0,"✔","-") -> - | AY24: =IF('Design Fee'!EW24>0,"✔","-") -> - | AZ24: =IF('Design Fee'!EX24>0,"✔","-") -> - | BA24: =IF('Design Fee'!EZ24>0,"✔","-") -> - | BB24: =IF('Design Fee'!FA24>0,"✔","-") -> - | BC24: =IF('Design Fee'!FB24>0,"✔","-") -> - | BD24: =IF('Design Fee'!FC24>0,"✔","-") -> - | BE24: =IF('Design Fee'!FD24>0,"✔","-") -> - | BG24: =IF('Design Fee'!FY24>0,"✔","-") -> - | BH24: =IF('Design Fee'!FZ24>0,"✔","-") -> - | BI24: =IF('Design Fee'!GA24>0,"✔","-") -> - | BJ24: =IF('Design Fee'!GB24>0,"✔","-") -> - | BK24: =IF('Design Fee'!GC24>0,"✔","-") -> - | BL24: =IF('Design Fee'!GE24>0,"✔","-") -> - | BM24: =IF('Design Fee'!GF24>0,"✔","-") -> - | BN24: =IF('Design Fee'!GG24>0,"✔","-") -> - | BO24: =IF('Design Fee'!GH24>0,"✔","-") -> - | BP24: =IF('Design Fee'!GI24>0,"✔","-") -> - | BR24: =IF('Design Fee'!HD24>0,"✔","-") -> - | BS24: =IF('Design Fee'!HE24>0,"✔","-") -> - | BT24: =IF('Design Fee'!HF24>0,"✔","-") -> - | BU24: =IF('Design Fee'!HG24>0,"✔","-") -> - | BV24: =IF('Design Fee'!HH24>0,"✔","-") -> - | BW24: =IF('Design Fee'!HJ24>0,"✔","-") -> - | BX24: =IF('Design Fee'!HK24>0,"✔","-") -> - | BY24: =IF('Design Fee'!HL24>0,"✔","-") -> - | BZ24: =IF('Design Fee'!HM24>0,"✔","-") -> - | CA24: =IF('Design Fee'!HN24>0,"✔","-") -> - | CC24: =IF('Design Fee'!II24>0,"✔","-") -> - | CE24: =IF('Design Fee'!IN24>0,"✔","-") -> - | CF24: =IF('Design Fee'!IO24>0,"✔","-") -> - | CG24: =IF('Design Fee'!IP24>0,"✔","-") -> - | CH24: =IF('Design Fee'!IQ24>0,"✔","-") -> - | CI24: =IF('Design Fee'!IR24>0,"✔","-") -> - | CJ24: =IF('Design Fee'!IT24>0,"✔","-") -> - | CK24: =IF('Design Fee'!IU24>0,"✔","-") -> - | CL24: =IF('Design Fee'!IV24>0,"✔","-") -> - | CM24: =IF('Design Fee'!IW24>0,"✔","-") -> - | CN24: =IF('Design Fee'!IX24>0,"✔","-") -> - | CP24: =IF('Design Fee'!JS24>0,"✔","-") -> - | CQ24: =IF('Design Fee'!JT24>0,"✔","-") -> - | CR24: =IF('Design Fee'!JU24>0,"✔","-") -> - | CS24: =IF('Design Fee'!JV24>0,"✔","-") -> - | CT24: =IF('Design Fee'!JW24>0,"✔","-") -> - | CU24: =IF('Design Fee'!JY24>0,"✔","-") -> - | CV24: =IF('Design Fee'!JZ24>0,"✔","-") -> - | CW24: =IF('Design Fee'!KA24>0,"✔","-") -> - | CX24: =IF('Design Fee'!KB24>0,"✔","-") -> - | CY24: =IF('Design Fee'!KC24>0,"✔","-") -> - | DA24: =IF('Design Fee'!KX24>0,"✔","-") -> - | DB24: =IF('Design Fee'!KY24>0,"✔","-") -> - | DC24: =IF('Design Fee'!KZ24>0,"✔","-") -> - | DD24: =IF('Design Fee'!LA24>0,"✔","-") -> - | DE24: =IF('Design Fee'!LB24>0,"✔","-") -> - | DF24: =IF('Design Fee'!LD24>0,"✔","-") -> - | DG24: =IF('Design Fee'!LE24>0,"✔","-") -> - | DH24: =IF('Design Fee'!LF24>0,"✔","-") -> - | DI24: =IF('Design Fee'!LG24>0,"✔","-") -> - | DJ24: =IF('Design Fee'!LH24>0,"✔","-") -> - | DL24: =IF('Design Fee'!MC24>0,"✔","-") -> - | DN24: =IF('Design Fee'!MH24>0,"✔","-") -> - | DO24: =IF('Design Fee'!MI24>0,"✔","-") -> - | DP24: =IF('Design Fee'!MJ24>0,"✔","-") -> - | DQ24: =IF('Design Fee'!MK24>0,"✔","-") -> - | DR24: =IF('Design Fee'!ML24>0,"✔","-") -> - | DS24: =IF('Design Fee'!MN24>0,"✔","-") -> - | DT24: =IF('Design Fee'!MO24>0,"✔","-") -> - | DU24: =IF('Design Fee'!MP24>0,"✔","-") -> - | DV24: =IF('Design Fee'!MQ24>0,"✔","-") -> - | DW24: =IF('Design Fee'!MR24>0,"✔","-") -> - | DY24: =IF('Design Fee'!NM24>0,"✔","-") -> - | DZ24: =IF('Design Fee'!NN24>0,"✔","-") -> - | EA24: =IF('Design Fee'!NO24>0,"✔","-") -> - | EB24: =IF('Design Fee'!NP24>0,"✔","-") -> - | EC24: =IF('Design Fee'!NQ24>0,"✔","-") -> - | ED24: =IF('Design Fee'!NS24>0,"✔","-") -> - | EE24: =IF('Design Fee'!NT24>0,"✔","-") -> - | EF24: =IF('Design Fee'!NU24>0,"✔","-") -> - | EG24: =IF('Design Fee'!NV24>0,"✔","-") -> - | EH24: =IF('Design Fee'!NW24>0,"✔","-") -> - | EJ24: =IF('Design Fee'!OR24>0,"✔","-") -> - | EK24: =IF('Design Fee'!OS24>0,"✔","-") -> - | EL24: =IF('Design Fee'!OT24>0,"✔","-") -> - | EM24: =IF('Design Fee'!OU24>0,"✔","-") -> - | EN24: =IF('Design Fee'!OV24>0,"✔","-") -> - | EO24: =IF('Design Fee'!OX24>0,"✔","-") -> - | EP24: =IF('Design Fee'!OY24>0,"✔","-") -> - | EQ24: =IF('Design Fee'!OZ24>0,"✔","-") -> - | ER24: =IF('Design Fee'!PA24>0,"✔","-") -> - | ES24: =IF('Design Fee'!PB24>0,"✔","-") -> -
C25: 2 | D25: Blocks | K25: =IF('Design Fee'!AU25>0,"✔","-") -> - | M25: =IF('Design Fee'!AZ25>0,"✔","-") -> - | N25: =IF('Design Fee'!BA25>0,"✔","-") -> - | O25: =IF('Design Fee'!BB25>0,"✔","-") -> - | P25: =IF('Design Fee'!BC25>0,"✔","-") -> - | Q25: =IF('Design Fee'!BD25>0,"✔","-") -> - | R25: =IF('Design Fee'!BF25>0,"✔","-") -> - | S25: =IF('Design Fee'!BG25>0,"✔","-") -> - | T25: =IF('Design Fee'!BH25>0,"✔","-") -> - | U25: =IF('Design Fee'!BI25>0,"✔","-") -> - | V25: =IF('Design Fee'!BJ25>0,"✔","-") -> - | X25: =IF('Design Fee'!CE25>0,"✔","-") -> - | Y25: =IF('Design Fee'!CF25>0,"✔","-") -> - | Z25: =IF('Design Fee'!CG25>0,"✔","-") -> - | AA25: =IF('Design Fee'!CH25>0,"✔","-") -> - | AB25: =IF('Design Fee'!CI25>0,"✔","-") -> - | AC25: =IF('Design Fee'!CK25>0,"✔","-") -> - | AD25: =IF('Design Fee'!CL25>0,"✔","-") -> - | AE25: =IF('Design Fee'!CM25>0,"✔","-") -> - | AF25: =IF('Design Fee'!CN25>0,"✔","-") -> - | AG25: =IF('Design Fee'!CO25>0,"✔","-") -> - | AI25: =IF('Design Fee'!DJ25>0,"✔","-") -> - | AJ25: =IF('Design Fee'!DK25>0,"✔","-") -> - | AK25: =IF('Design Fee'!DL25>0,"✔","-") -> - | AL25: =IF('Design Fee'!DM25>0,"✔","-") -> - | AM25: =IF('Design Fee'!DN25>0,"✔","-") -> - | AN25: =IF('Design Fee'!DP25>0,"✔","-") -> - | AO25: =IF('Design Fee'!DQ25>0,"✔","-") -> - | AP25: =IF('Design Fee'!DR25>0,"✔","-") -> - | AQ25: =IF('Design Fee'!DS25>0,"✔","-") -> - | AR25: =IF('Design Fee'!DT25>0,"✔","-") -> - | AT25: =IF('Design Fee'!EO25>0,"✔","-") -> - | AV25: =IF('Design Fee'!ET25>0,"✔","-") -> - | AW25: =IF('Design Fee'!EU25>0,"✔","-") -> - | AX25: =IF('Design Fee'!EV25>0,"✔","-") -> - | AY25: =IF('Design Fee'!EW25>0,"✔","-") -> - | AZ25: =IF('Design Fee'!EX25>0,"✔","-") -> - | BA25: =IF('Design Fee'!EZ25>0,"✔","-") -> - | BB25: =IF('Design Fee'!FA25>0,"✔","-") -> - | BC25: =IF('Design Fee'!FB25>0,"✔","-") -> - | BD25: =IF('Design Fee'!FC25>0,"✔","-") -> - | BE25: =IF('Design Fee'!FD25>0,"✔","-") -> - | BG25: =IF('Design Fee'!FY25>0,"✔","-") -> - | BH25: =IF('Design Fee'!FZ25>0,"✔","-") -> - | BI25: =IF('Design Fee'!GA25>0,"✔","-") -> - | BJ25: =IF('Design Fee'!GB25>0,"✔","-") -> - | BK25: =IF('Design Fee'!GC25>0,"✔","-") -> - | BL25: =IF('Design Fee'!GE25>0,"✔","-") -> - | BM25: =IF('Design Fee'!GF25>0,"✔","-") -> - | BN25: =IF('Design Fee'!GG25>0,"✔","-") -> - | BO25: =IF('Design Fee'!GH25>0,"✔","-") -> - | BP25: =IF('Design Fee'!GI25>0,"✔","-") -> - | BR25: =IF('Design Fee'!HD25>0,"✔","-") -> - | BS25: =IF('Design Fee'!HE25>0,"✔","-") -> - | BT25: =IF('Design Fee'!HF25>0,"✔","-") -> - | BU25: =IF('Design Fee'!HG25>0,"✔","-") -> - | BV25: =IF('Design Fee'!HH25>0,"✔","-") -> - | BW25: =IF('Design Fee'!HJ25>0,"✔","-") -> - | BX25: =IF('Design Fee'!HK25>0,"✔","-") -> - | BY25: =IF('Design Fee'!HL25>0,"✔","-") -> - | BZ25: =IF('Design Fee'!HM25>0,"✔","-") -> - | CA25: =IF('Design Fee'!HN25>0,"✔","-") -> - | CC25: =IF('Design Fee'!II25>0,"✔","-") -> - | CE25: =IF('Design Fee'!IN25>0,"✔","-") -> - | CF25: =IF('Design Fee'!IO25>0,"✔","-") -> - | CG25: =IF('Design Fee'!IP25>0,"✔","-") -> - | CH25: =IF('Design Fee'!IQ25>0,"✔","-") -> - | CI25: =IF('Design Fee'!IR25>0,"✔","-") -> - | CJ25: =IF('Design Fee'!IT25>0,"✔","-") -> - | CK25: =IF('Design Fee'!IU25>0,"✔","-") -> - | CL25: =IF('Design Fee'!IV25>0,"✔","-") -> - | CM25: =IF('Design Fee'!IW25>0,"✔","-") -> - | CN25: =IF('Design Fee'!IX25>0,"✔","-") -> - | CP25: =IF('Design Fee'!JS25>0,"✔","-") -> - | CQ25: =IF('Design Fee'!JT25>0,"✔","-") -> - | CR25: =IF('Design Fee'!JU25>0,"✔","-") -> - | CS25: =IF('Design Fee'!JV25>0,"✔","-") -> - | CT25: =IF('Design Fee'!JW25>0,"✔","-") -> - | CU25: =IF('Design Fee'!JY25>0,"✔","-") -> - | CV25: =IF('Design Fee'!JZ25>0,"✔","-") -> - | CW25: =IF('Design Fee'!KA25>0,"✔","-") -> - | CX25: =IF('Design Fee'!KB25>0,"✔","-") -> - | CY25: =IF('Design Fee'!KC25>0,"✔","-") -> - | DA25: =IF('Design Fee'!KX25>0,"✔","-") -> - | DB25: =IF('Design Fee'!KY25>0,"✔","-") -> - | DC25: =IF('Design Fee'!KZ25>0,"✔","-") -> - | DD25: =IF('Design Fee'!LA25>0,"✔","-") -> - | DE25: =IF('Design Fee'!LB25>0,"✔","-") -> - | DF25: =IF('Design Fee'!LD25>0,"✔","-") -> - | DG25: =IF('Design Fee'!LE25>0,"✔","-") -> - | DH25: =IF('Design Fee'!LF25>0,"✔","-") -> - | DI25: =IF('Design Fee'!LG25>0,"✔","-") -> - | DJ25: =IF('Design Fee'!LH25>0,"✔","-") -> - | DL25: =IF('Design Fee'!MC25>0,"✔","-") -> - | DN25: =IF('Design Fee'!MH25>0,"✔","-") -> - | DO25: =IF('Design Fee'!MI25>0,"✔","-") -> - | DP25: =IF('Design Fee'!MJ25>0,"✔","-") -> - | DQ25: =IF('Design Fee'!MK25>0,"✔","-") -> - | DR25: =IF('Design Fee'!ML25>0,"✔","-") -> - | DS25: =IF('Design Fee'!MN25>0,"✔","-") -> - | DT25: =IF('Design Fee'!MO25>0,"✔","-") -> - | DU25: =IF('Design Fee'!MP25>0,"✔","-") -> - | DV25: =IF('Design Fee'!MQ25>0,"✔","-") -> - | DW25: =IF('Design Fee'!MR25>0,"✔","-") -> - | DY25: =IF('Design Fee'!NM25>0,"✔","-") -> - | DZ25: =IF('Design Fee'!NN25>0,"✔","-") -> - | EA25: =IF('Design Fee'!NO25>0,"✔","-") -> - | EB25: =IF('Design Fee'!NP25>0,"✔","-") -> - | EC25: =IF('Design Fee'!NQ25>0,"✔","-") -> - | ED25: =IF('Design Fee'!NS25>0,"✔","-") -> - | EE25: =IF('Design Fee'!NT25>0,"✔","-") -> - | EF25: =IF('Design Fee'!NU25>0,"✔","-") -> - | EG25: =IF('Design Fee'!NV25>0,"✔","-") -> - | EH25: =IF('Design Fee'!NW25>0,"✔","-") -> - | EJ25: =IF('Design Fee'!OR25>0,"✔","-") -> - | EK25: =IF('Design Fee'!OS25>0,"✔","-") -> - | EL25: =IF('Design Fee'!OT25>0,"✔","-") -> - | EM25: =IF('Design Fee'!OU25>0,"✔","-") -> - | EN25: =IF('Design Fee'!OV25>0,"✔","-") -> - | EO25: =IF('Design Fee'!OX25>0,"✔","-") -> - | EP25: =IF('Design Fee'!OY25>0,"✔","-") -> - | EQ25: =IF('Design Fee'!OZ25>0,"✔","-") -> - | ER25: =IF('Design Fee'!PA25>0,"✔","-") -> - | ES25: =IF('Design Fee'!PB25>0,"✔","-") -> -
C26: 3 | D26: Products | K26: =IF('Design Fee'!AU26>0,"✔","-") -> - | M26: =IF('Design Fee'!AZ26>0,"✔","-") -> - | N26: =IF('Design Fee'!BA26>0,"✔","-") -> - | O26: =IF('Design Fee'!BB26>0,"✔","-") -> - | P26: =IF('Design Fee'!BC26>0,"✔","-") -> - | Q26: =IF('Design Fee'!BD26>0,"✔","-") -> - | R26: =IF('Design Fee'!BF26>0,"✔","-") -> - | S26: =IF('Design Fee'!BG26>0,"✔","-") -> - | T26: =IF('Design Fee'!BH26>0,"✔","-") -> - | U26: =IF('Design Fee'!BI26>0,"✔","-") -> - | V26: =IF('Design Fee'!BJ26>0,"✔","-") -> - | X26: =IF('Design Fee'!CE26>0,"✔","-") -> - | Y26: =IF('Design Fee'!CF26>0,"✔","-") -> - | Z26: =IF('Design Fee'!CG26>0,"✔","-") -> - | AA26: =IF('Design Fee'!CH26>0,"✔","-") -> - | AB26: =IF('Design Fee'!CI26>0,"✔","-") -> - | AC26: =IF('Design Fee'!CK26>0,"✔","-") -> - | AD26: =IF('Design Fee'!CL26>0,"✔","-") -> - | AE26: =IF('Design Fee'!CM26>0,"✔","-") -> - | AF26: =IF('Design Fee'!CN26>0,"✔","-") -> - | AG26: =IF('Design Fee'!CO26>0,"✔","-") -> - | AI26: =IF('Design Fee'!DJ26>0,"✔","-") -> - | AJ26: =IF('Design Fee'!DK26>0,"✔","-") -> - | AK26: =IF('Design Fee'!DL26>0,"✔","-") -> - | AL26: =IF('Design Fee'!DM26>0,"✔","-") -> - | AM26: =IF('Design Fee'!DN26>0,"✔","-") -> - | AN26: =IF('Design Fee'!DP26>0,"✔","-") -> - | AO26: =IF('Design Fee'!DQ26>0,"✔","-") -> - | AP26: =IF('Design Fee'!DR26>0,"✔","-") -> - | AQ26: =IF('Design Fee'!DS26>0,"✔","-") -> - | AR26: =IF('Design Fee'!DT26>0,"✔","-") -> - | AT26: =IF('Design Fee'!EO26>0,"✔","-") -> - | AV26: =IF('Design Fee'!ET26>0,"✔","-") -> - | AW26: =IF('Design Fee'!EU26>0,"✔","-") -> - | AX26: =IF('Design Fee'!EV26>0,"✔","-") -> - | AY26: =IF('Design Fee'!EW26>0,"✔","-") -> - | AZ26: =IF('Design Fee'!EX26>0,"✔","-") -> - | BA26: =IF('Design Fee'!EZ26>0,"✔","-") -> - | BB26: =IF('Design Fee'!FA26>0,"✔","-") -> - | BC26: =IF('Design Fee'!FB26>0,"✔","-") -> - | BD26: =IF('Design Fee'!FC26>0,"✔","-") -> - | BE26: =IF('Design Fee'!FD26>0,"✔","-") -> - | BG26: =IF('Design Fee'!FY26>0,"✔","-") -> - | BH26: =IF('Design Fee'!FZ26>0,"✔","-") -> - | BI26: =IF('Design Fee'!GA26>0,"✔","-") -> - | BJ26: =IF('Design Fee'!GB26>0,"✔","-") -> - | BK26: =IF('Design Fee'!GC26>0,"✔","-") -> - | BL26: =IF('Design Fee'!GE26>0,"✔","-") -> - | BM26: =IF('Design Fee'!GF26>0,"✔","-") -> - | BN26: =IF('Design Fee'!GG26>0,"✔","-") -> - | BO26: =IF('Design Fee'!GH26>0,"✔","-") -> - | BP26: =IF('Design Fee'!GI26>0,"✔","-") -> - | BR26: =IF('Design Fee'!HD26>0,"✔","-") -> - | BS26: =IF('Design Fee'!HE26>0,"✔","-") -> - | BT26: =IF('Design Fee'!HF26>0,"✔","-") -> - | BU26: =IF('Design Fee'!HG26>0,"✔","-") -> - | BV26: =IF('Design Fee'!HH26>0,"✔","-") -> - | BW26: =IF('Design Fee'!HJ26>0,"✔","-") -> - | BX26: =IF('Design Fee'!HK26>0,"✔","-") -> - | BY26: =IF('Design Fee'!HL26>0,"✔","-") -> - | BZ26: =IF('Design Fee'!HM26>0,"✔","-") -> - | CA26: =IF('Design Fee'!HN26>0,"✔","-") -> - | CC26: =IF('Design Fee'!II26>0,"✔","-") -> - | CE26: =IF('Design Fee'!IN26>0,"✔","-") -> - | CF26: =IF('Design Fee'!IO26>0,"✔","-") -> - | CG26: =IF('Design Fee'!IP26>0,"✔","-") -> - | CH26: =IF('Design Fee'!IQ26>0,"✔","-") -> - | CI26: =IF('Design Fee'!IR26>0,"✔","-") -> - | CJ26: =IF('Design Fee'!IT26>0,"✔","-") -> - | CK26: =IF('Design Fee'!IU26>0,"✔","-") -> - | CL26: =IF('Design Fee'!IV26>0,"✔","-") -> - | CM26: =IF('Design Fee'!IW26>0,"✔","-") -> - | CN26: =IF('Design Fee'!IX26>0,"✔","-") -> - | CP26: =IF('Design Fee'!JS26>0,"✔","-") -> - | CQ26: =IF('Design Fee'!JT26>0,"✔","-") -> - | CR26: =IF('Design Fee'!JU26>0,"✔","-") -> - | CS26: =IF('Design Fee'!JV26>0,"✔","-") -> - | CT26: =IF('Design Fee'!JW26>0,"✔","-") -> - | CU26: =IF('Design Fee'!JY26>0,"✔","-") -> - | CV26: =IF('Design Fee'!JZ26>0,"✔","-") -> - | CW26: =IF('Design Fee'!KA26>0,"✔","-") -> - | CX26: =IF('Design Fee'!KB26>0,"✔","-") -> - | CY26: =IF('Design Fee'!KC26>0,"✔","-") -> - | DA26: =IF('Design Fee'!KX26>0,"✔","-") -> - | DB26: =IF('Design Fee'!KY26>0,"✔","-") -> - | DC26: =IF('Design Fee'!KZ26>0,"✔","-") -> - | DD26: =IF('Design Fee'!LA26>0,"✔","-") -> - | DE26: =IF('Design Fee'!LB26>0,"✔","-") -> - | DF26: =IF('Design Fee'!LD26>0,"✔","-") -> - | DG26: =IF('Design Fee'!LE26>0,"✔","-") -> - | DH26: =IF('Design Fee'!LF26>0,"✔","-") -> - | DI26: =IF('Design Fee'!LG26>0,"✔","-") -> - | DJ26: =IF('Design Fee'!LH26>0,"✔","-") -> - | DL26: =IF('Design Fee'!MC26>0,"✔","-") -> - | DN26: =IF('Design Fee'!MH26>0,"✔","-") -> - | DO26: =IF('Design Fee'!MI26>0,"✔","-") -> - | DP26: =IF('Design Fee'!MJ26>0,"✔","-") -> - | DQ26: =IF('Design Fee'!MK26>0,"✔","-") -> - | DR26: =IF('Design Fee'!ML26>0,"✔","-") -> - | DS26: =IF('Design Fee'!MN26>0,"✔","-") -> - | DT26: =IF('Design Fee'!MO26>0,"✔","-") -> - | DU26: =IF('Design Fee'!MP26>0,"✔","-") -> - | DV26: =IF('Design Fee'!MQ26>0,"✔","-") -> - | DW26: =IF('Design Fee'!MR26>0,"✔","-") -> - | DY26: =IF('Design Fee'!NM26>0,"✔","-") -> - | DZ26: =IF('Design Fee'!NN26>0,"✔","-") -> - | EA26: =IF('Design Fee'!NO26>0,"✔","-") -> - | EB26: =IF('Design Fee'!NP26>0,"✔","-") -> - | EC26: =IF('Design Fee'!NQ26>0,"✔","-") -> - | ED26: =IF('Design Fee'!NS26>0,"✔","-") -> - | EE26: =IF('Design Fee'!NT26>0,"✔","-") -> - | EF26: =IF('Design Fee'!NU26>0,"✔","-") -> - | EG26: =IF('Design Fee'!NV26>0,"✔","-") -> - | EH26: =IF('Design Fee'!NW26>0,"✔","-") -> - | EJ26: =IF('Design Fee'!OR26>0,"✔","-") -> - | EK26: =IF('Design Fee'!OS26>0,"✔","-") -> - | EL26: =IF('Design Fee'!OT26>0,"✔","-") -> - | EM26: =IF('Design Fee'!OU26>0,"✔","-") -> - | EN26: =IF('Design Fee'!OV26>0,"✔","-") -> - | EO26: =IF('Design Fee'!OX26>0,"✔","-") -> - | EP26: =IF('Design Fee'!OY26>0,"✔","-") -> - | EQ26: =IF('Design Fee'!OZ26>0,"✔","-") -> - | ER26: =IF('Design Fee'!PA26>0,"✔","-") -> - | ES26: =IF('Design Fee'!PB26>0,"✔","-") -> -
C27: 4 | D27: Amenities & Facilities | K27: =IF('Design Fee'!AU27>0,"✔","-") -> - | M27: =IF('Design Fee'!AZ27>0,"✔","-") -> - | N27: =IF('Design Fee'!BA27>0,"✔","-") -> - | O27: =IF('Design Fee'!BB27>0,"✔","-") -> - | P27: =IF('Design Fee'!BC27>0,"✔","-") -> - | Q27: =IF('Design Fee'!BD27>0,"✔","-") -> - | R27: =IF('Design Fee'!BF27>0,"✔","-") -> - | S27: =IF('Design Fee'!BG27>0,"✔","-") -> - | T27: =IF('Design Fee'!BH27>0,"✔","-") -> - | U27: =IF('Design Fee'!BI27>0,"✔","-") -> - | V27: =IF('Design Fee'!BJ27>0,"✔","-") -> - | X27: =IF('Design Fee'!CE27>0,"✔","-") -> - | Y27: =IF('Design Fee'!CF27>0,"✔","-") -> - | Z27: =IF('Design Fee'!CG27>0,"✔","-") -> - | AA27: =IF('Design Fee'!CH27>0,"✔","-") -> - | AB27: =IF('Design Fee'!CI27>0,"✔","-") -> - | AC27: =IF('Design Fee'!CK27>0,"✔","-") -> - | AD27: =IF('Design Fee'!CL27>0,"✔","-") -> - | AE27: =IF('Design Fee'!CM27>0,"✔","-") -> - | AF27: =IF('Design Fee'!CN27>0,"✔","-") -> - | AG27: =IF('Design Fee'!CO27>0,"✔","-") -> - | AI27: =IF('Design Fee'!DJ27>0,"✔","-") -> - | AJ27: =IF('Design Fee'!DK27>0,"✔","-") -> - | AK27: =IF('Design Fee'!DL27>0,"✔","-") -> - | AL27: =IF('Design Fee'!DM27>0,"✔","-") -> - | AM27: =IF('Design Fee'!DN27>0,"✔","-") -> - | AN27: =IF('Design Fee'!DP27>0,"✔","-") -> - | AO27: =IF('Design Fee'!DQ27>0,"✔","-") -> - | AP27: =IF('Design Fee'!DR27>0,"✔","-") -> - | AQ27: =IF('Design Fee'!DS27>0,"✔","-") -> - | AR27: =IF('Design Fee'!DT27>0,"✔","-") -> - | AT27: =IF('Design Fee'!EO27>0,"✔","-") -> - | AV27: =IF('Design Fee'!ET27>0,"✔","-") -> - | AW27: =IF('Design Fee'!EU27>0,"✔","-") -> - | AX27: =IF('Design Fee'!EV27>0,"✔","-") -> - | AY27: =IF('Design Fee'!EW27>0,"✔","-") -> - | AZ27: =IF('Design Fee'!EX27>0,"✔","-") -> - | BA27: =IF('Design Fee'!EZ27>0,"✔","-") -> - | BB27: =IF('Design Fee'!FA27>0,"✔","-") -> - | BC27: =IF('Design Fee'!FB27>0,"✔","-") -> - | BD27: =IF('Design Fee'!FC27>0,"✔","-") -> - | BE27: =IF('Design Fee'!FD27>0,"✔","-") -> - | BG27: =IF('Design Fee'!FY27>0,"✔","-") -> - | BH27: =IF('Design Fee'!FZ27>0,"✔","-") -> - | BI27: =IF('Design Fee'!GA27>0,"✔","-") -> - | BJ27: =IF('Design Fee'!GB27>0,"✔","-") -> - | BK27: =IF('Design Fee'!GC27>0,"✔","-") -> - | BL27: =IF('Design Fee'!GE27>0,"✔","-") -> - | BM27: =IF('Design Fee'!GF27>0,"✔","-") -> - | BN27: =IF('Design Fee'!GG27>0,"✔","-") -> - | BO27: =IF('Design Fee'!GH27>0,"✔","-") -> - | BP27: =IF('Design Fee'!GI27>0,"✔","-") -> - | BR27: =IF('Design Fee'!HD27>0,"✔","-") -> - | BS27: =IF('Design Fee'!HE27>0,"✔","-") -> - | BT27: =IF('Design Fee'!HF27>0,"✔","-") -> - | BU27: =IF('Design Fee'!HG27>0,"✔","-") -> - | BV27: =IF('Design Fee'!HH27>0,"✔","-") -> - | BW27: =IF('Design Fee'!HJ27>0,"✔","-") -> - | BX27: =IF('Design Fee'!HK27>0,"✔","-") -> - | BY27: =IF('Design Fee'!HL27>0,"✔","-") -> - | BZ27: =IF('Design Fee'!HM27>0,"✔","-") -> - | CA27: =IF('Design Fee'!HN27>0,"✔","-") -> - | CC27: =IF('Design Fee'!II27>0,"✔","-") -> - | CE27: =IF('Design Fee'!IN27>0,"✔","-") -> - | CF27: =IF('Design Fee'!IO27>0,"✔","-") -> - | CG27: =IF('Design Fee'!IP27>0,"✔","-") -> - | CH27: =IF('Design Fee'!IQ27>0,"✔","-") -> - | CI27: =IF('Design Fee'!IR27>0,"✔","-") -> - | CJ27: =IF('Design Fee'!IT27>0,"✔","-") -> - | CK27: =IF('Design Fee'!IU27>0,"✔","-") -> - | CL27: =IF('Design Fee'!IV27>0,"✔","-") -> - | CM27: =IF('Design Fee'!IW27>0,"✔","-") -> - | CN27: =IF('Design Fee'!IX27>0,"✔","-") -> - | CP27: =IF('Design Fee'!JS27>0,"✔","-") -> - | CQ27: =IF('Design Fee'!JT27>0,"✔","-") -> - | CR27: =IF('Design Fee'!JU27>0,"✔","-") -> - | CS27: =IF('Design Fee'!JV27>0,"✔","-") -> - | CT27: =IF('Design Fee'!JW27>0,"✔","-") -> - | CU27: =IF('Design Fee'!JY27>0,"✔","-") -> - | CV27: =IF('Design Fee'!JZ27>0,"✔","-") -> - | CW27: =IF('Design Fee'!KA27>0,"✔","-") -> - | CX27: =IF('Design Fee'!KB27>0,"✔","-") -> - | CY27: =IF('Design Fee'!KC27>0,"✔","-") -> - | DA27: =IF('Design Fee'!KX27>0,"✔","-") -> - | DB27: =IF('Design Fee'!KY27>0,"✔","-") -> - | DC27: =IF('Design Fee'!KZ27>0,"✔","-") -> - | DD27: =IF('Design Fee'!LA27>0,"✔","-") -> - | DE27: =IF('Design Fee'!LB27>0,"✔","-") -> - | DF27: =IF('Design Fee'!LD27>0,"✔","-") -> - | DG27: =IF('Design Fee'!LE27>0,"✔","-") -> - | DH27: =IF('Design Fee'!LF27>0,"✔","-") -> - | DI27: =IF('Design Fee'!LG27>0,"✔","-") -> - | DJ27: =IF('Design Fee'!LH27>0,"✔","-") -> - | DL27: =IF('Design Fee'!MC27>0,"✔","-") -> - | DN27: =IF('Design Fee'!MH27>0,"✔","-") -> - | DO27: =IF('Design Fee'!MI27>0,"✔","-") -> - | DP27: =IF('Design Fee'!MJ27>0,"✔","-") -> - | DQ27: =IF('Design Fee'!MK27>0,"✔","-") -> - | DR27: =IF('Design Fee'!ML27>0,"✔","-") -> - | DS27: =IF('Design Fee'!MN27>0,"✔","-") -> - | DT27: =IF('Design Fee'!MO27>0,"✔","-") -> - | DU27: =IF('Design Fee'!MP27>0,"✔","-") -> - | DV27: =IF('Design Fee'!MQ27>0,"✔","-") -> - | DW27: =IF('Design Fee'!MR27>0,"✔","-") -> - | DY27: =IF('Design Fee'!NM27>0,"✔","-") -> - | DZ27: =IF('Design Fee'!NN27>0,"✔","-") -> - | EA27: =IF('Design Fee'!NO27>0,"✔","-") -> - | EB27: =IF('Design Fee'!NP27>0,"✔","-") -> - | EC27: =IF('Design Fee'!NQ27>0,"✔","-") -> - | ED27: =IF('Design Fee'!NS27>0,"✔","-") -> - | EE27: =IF('Design Fee'!NT27>0,"✔","-") -> - | EF27: =IF('Design Fee'!NU27>0,"✔","-") -> - | EG27: =IF('Design Fee'!NV27>0,"✔","-") -> - | EH27: =IF('Design Fee'!NW27>0,"✔","-") -> - | EJ27: =IF('Design Fee'!OR27>0,"✔","-") -> - | EK27: =IF('Design Fee'!OS27>0,"✔","-") -> - | EL27: =IF('Design Fee'!OT27>0,"✔","-") -> - | EM27: =IF('Design Fee'!OU27>0,"✔","-") -> - | EN27: =IF('Design Fee'!OV27>0,"✔","-") -> - | EO27: =IF('Design Fee'!OX27>0,"✔","-") -> - | EP27: =IF('Design Fee'!OY27>0,"✔","-") -> - | EQ27: =IF('Design Fee'!OZ27>0,"✔","-") -> - | ER27: =IF('Design Fee'!PA27>0,"✔","-") -> - | ES27: =IF('Design Fee'!PB27>0,"✔","-") -> -
C28: 5 | D28: Design Basis | K28: =IF('Design Fee'!AU28>0,"✔","-") -> - | M28: =IF('Design Fee'!AZ28>0,"✔","-") -> - | N28: =IF('Design Fee'!BA28>0,"✔","-") -> - | O28: =IF('Design Fee'!BB28>0,"✔","-") -> - | P28: =IF('Design Fee'!BC28>0,"✔","-") -> - | Q28: =IF('Design Fee'!BD28>0,"✔","-") -> - | R28: =IF('Design Fee'!BF28>0,"✔","-") -> - | S28: =IF('Design Fee'!BG28>0,"✔","-") -> - | T28: =IF('Design Fee'!BH28>0,"✔","-") -> - | U28: =IF('Design Fee'!BI28>0,"✔","-") -> - | V28: =IF('Design Fee'!BJ28>0,"✔","-") -> - | X28: =IF('Design Fee'!CE28>0,"✔","-") -> - | Y28: =IF('Design Fee'!CF28>0,"✔","-") -> - | Z28: =IF('Design Fee'!CG28>0,"✔","-") -> - | AA28: =IF('Design Fee'!CH28>0,"✔","-") -> - | AB28: =IF('Design Fee'!CI28>0,"✔","-") -> - | AC28: =IF('Design Fee'!CK28>0,"✔","-") -> - | AD28: =IF('Design Fee'!CL28>0,"✔","-") -> - | AE28: =IF('Design Fee'!CM28>0,"✔","-") -> - | AF28: =IF('Design Fee'!CN28>0,"✔","-") -> - | AG28: =IF('Design Fee'!CO28>0,"✔","-") -> - | AI28: =IF('Design Fee'!DJ28>0,"✔","-") -> - | AJ28: =IF('Design Fee'!DK28>0,"✔","-") -> - | AK28: =IF('Design Fee'!DL28>0,"✔","-") -> - | AL28: =IF('Design Fee'!DM28>0,"✔","-") -> - | AM28: =IF('Design Fee'!DN28>0,"✔","-") -> - | AN28: =IF('Design Fee'!DP28>0,"✔","-") -> - | AO28: =IF('Design Fee'!DQ28>0,"✔","-") -> - | AP28: =IF('Design Fee'!DR28>0,"✔","-") -> - | AQ28: =IF('Design Fee'!DS28>0,"✔","-") -> - | AR28: =IF('Design Fee'!DT28>0,"✔","-") -> - | AT28: =IF('Design Fee'!EO28>0,"✔","-") -> - | AV28: =IF('Design Fee'!ET28>0,"✔","-") -> - | AW28: =IF('Design Fee'!EU28>0,"✔","-") -> - | AX28: =IF('Design Fee'!EV28>0,"✔","-") -> - | AY28: =IF('Design Fee'!EW28>0,"✔","-") -> - | AZ28: =IF('Design Fee'!EX28>0,"✔","-") -> - | BA28: =IF('Design Fee'!EZ28>0,"✔","-") -> - | BB28: =IF('Design Fee'!FA28>0,"✔","-") -> - | BC28: =IF('Design Fee'!FB28>0,"✔","-") -> - | BD28: =IF('Design Fee'!FC28>0,"✔","-") -> - | BE28: =IF('Design Fee'!FD28>0,"✔","-") -> - | BG28: =IF('Design Fee'!FY28>0,"✔","-") -> - | BH28: =IF('Design Fee'!FZ28>0,"✔","-") -> - | BI28: =IF('Design Fee'!GA28>0,"✔","-") -> - | BJ28: =IF('Design Fee'!GB28>0,"✔","-") -> - | BK28: =IF('Design Fee'!GC28>0,"✔","-") -> - | BL28: =IF('Design Fee'!GE28>0,"✔","-") -> - | BM28: =IF('Design Fee'!GF28>0,"✔","-") -> - | BN28: =IF('Design Fee'!GG28>0,"✔","-") -> - | BO28: =IF('Design Fee'!GH28>0,"✔","-") -> - | BP28: =IF('Design Fee'!GI28>0,"✔","-") -> - | BR28: =IF('Design Fee'!HD28>0,"✔","-") -> - | BS28: =IF('Design Fee'!HE28>0,"✔","-") -> - | BT28: =IF('Design Fee'!HF28>0,"✔","-") -> - | BU28: =IF('Design Fee'!HG28>0,"✔","-") -> - | BV28: =IF('Design Fee'!HH28>0,"✔","-") -> - | BW28: =IF('Design Fee'!HJ28>0,"✔","-") -> - | BX28: =IF('Design Fee'!HK28>0,"✔","-") -> - | BY28: =IF('Design Fee'!HL28>0,"✔","-") -> - | BZ28: =IF('Design Fee'!HM28>0,"✔","-") -> - | CA28: =IF('Design Fee'!HN28>0,"✔","-") -> - | CC28: =IF('Design Fee'!II28>0,"✔","-") -> - | CE28: =IF('Design Fee'!IN28>0,"✔","-") -> - | CF28: =IF('Design Fee'!IO28>0,"✔","-") -> - | CG28: =IF('Design Fee'!IP28>0,"✔","-") -> - | CH28: =IF('Design Fee'!IQ28>0,"✔","-") -> - | CI28: =IF('Design Fee'!IR28>0,"✔","-") -> - | CJ28: =IF('Design Fee'!IT28>0,"✔","-") -> - | CK28: =IF('Design Fee'!IU28>0,"✔","-") -> - | CL28: =IF('Design Fee'!IV28>0,"✔","-") -> - | CM28: =IF('Design Fee'!IW28>0,"✔","-") -> - | CN28: =IF('Design Fee'!IX28>0,"✔","-") -> - | CP28: =IF('Design Fee'!JS28>0,"✔","-") -> - | CQ28: =IF('Design Fee'!JT28>0,"✔","-") -> - | CR28: =IF('Design Fee'!JU28>0,"✔","-") -> - | CS28: =IF('Design Fee'!JV28>0,"✔","-") -> - | CT28: =IF('Design Fee'!JW28>0,"✔","-") -> - | CU28: =IF('Design Fee'!JY28>0,"✔","-") -> - | CV28: =IF('Design Fee'!JZ28>0,"✔","-") -> - | CW28: =IF('Design Fee'!KA28>0,"✔","-") -> - | CX28: =IF('Design Fee'!KB28>0,"✔","-") -> - | CY28: =IF('Design Fee'!KC28>0,"✔","-") -> - | DA28: =IF('Design Fee'!KX28>0,"✔","-") -> - | DB28: =IF('Design Fee'!KY28>0,"✔","-") -> - | DC28: =IF('Design Fee'!KZ28>0,"✔","-") -> - | DD28: =IF('Design Fee'!LA28>0,"✔","-") -> - | DE28: =IF('Design Fee'!LB28>0,"✔","-") -> - | DF28: =IF('Design Fee'!LD28>0,"✔","-") -> - | DG28: =IF('Design Fee'!LE28>0,"✔","-") -> - | DH28: =IF('Design Fee'!LF28>0,"✔","-") -> - | DI28: =IF('Design Fee'!LG28>0,"✔","-") -> - | DJ28: =IF('Design Fee'!LH28>0,"✔","-") -> - | DL28: =IF('Design Fee'!MC28>0,"✔","-") -> - | DN28: =IF('Design Fee'!MH28>0,"✔","-") -> - | DO28: =IF('Design Fee'!MI28>0,"✔","-") -> - | DP28: =IF('Design Fee'!MJ28>0,"✔","-") -> - | DQ28: =IF('Design Fee'!MK28>0,"✔","-") -> - | DR28: =IF('Design Fee'!ML28>0,"✔","-") -> - | DS28: =IF('Design Fee'!MN28>0,"✔","-") -> - | DT28: =IF('Design Fee'!MO28>0,"✔","-") -> - | DU28: =IF('Design Fee'!MP28>0,"✔","-") -> - | DV28: =IF('Design Fee'!MQ28>0,"✔","-") -> - | DW28: =IF('Design Fee'!MR28>0,"✔","-") -> - | DY28: =IF('Design Fee'!NM28>0,"✔","-") -> - | DZ28: =IF('Design Fee'!NN28>0,"✔","-") -> - | EA28: =IF('Design Fee'!NO28>0,"✔","-") -> - | EB28: =IF('Design Fee'!NP28>0,"✔","-") -> - | EC28: =IF('Design Fee'!NQ28>0,"✔","-") -> - | ED28: =IF('Design Fee'!NS28>0,"✔","-") -> - | EE28: =IF('Design Fee'!NT28>0,"✔","-") -> - | EF28: =IF('Design Fee'!NU28>0,"✔","-") -> - | EG28: =IF('Design Fee'!NV28>0,"✔","-") -> - | EH28: =IF('Design Fee'!NW28>0,"✔","-") -> - | EJ28: =IF('Design Fee'!OR28>0,"✔","-") -> - | EK28: =IF('Design Fee'!OS28>0,"✔","-") -> - | EL28: =IF('Design Fee'!OT28>0,"✔","-") -> - | EM28: =IF('Design Fee'!OU28>0,"✔","-") -> - | EN28: =IF('Design Fee'!OV28>0,"✔","-") -> - | EO28: =IF('Design Fee'!OX28>0,"✔","-") -> - | EP28: =IF('Design Fee'!OY28>0,"✔","-") -> - | EQ28: =IF('Design Fee'!OZ28>0,"✔","-") -> - | ER28: =IF('Design Fee'!PA28>0,"✔","-") -> - | ES28: =IF('Design Fee'!PB28>0,"✔","-") -> -
C30: 4 | D30: Approvals | F30: =COUNTIF('Design Fee'!AU30,">0")+COUNTIF('Design Fee'!EO30,">0")+COUNTIF('Design Fee'!II30,">0")+COUNTIF('Design Fee'!ME30,">0") -> 3 | G30: =COUNTIF('Design Fee'!AX30,">0")+COUNTIF('Design Fee'!ER30,">0")+COUNTIF('Design Fee'!IL30,">0")+COUNTIF('Design Fee'!MF30,">0") -> 3 | H30: =COUNTIF('Design Fee'!AY30,">0")+COUNTIF('Design Fee'!ES30,">0")+COUNTIF('Design Fee'!IM30,">0")+COUNTIF('Design Fee'!MG30,">0") -> 3 | I30: =F30-G30 -> 0 | K30: =IF('Design Fee'!AU30>0,"✔","-") -> ✔ | M30: =IF('Design Fee'!AZ30>0,"✔","-") -> - | N30: =IF('Design Fee'!BA30>0,"✔","-") -> - | O30: =IF('Design Fee'!BB30>0,"✔","-") -> - | P30: =IF('Design Fee'!BC30>0,"✔","-") -> - | Q30: =IF('Design Fee'!BD30>0,"✔","-") -> - | R30: =IF('Design Fee'!BF30>0,"✔","-") -> - | S30: =IF('Design Fee'!BG30>0,"✔","-") -> - | T30: =IF('Design Fee'!BH30>0,"✔","-") -> - | U30: =IF('Design Fee'!BI30>0,"✔","-") -> - | V30: =IF('Design Fee'!BJ30>0,"✔","-") -> - | X30: =IF('Design Fee'!CE30>0,"✔","-") -> - | Y30: =IF('Design Fee'!CF30>0,"✔","-") -> - | Z30: =IF('Design Fee'!CG30>0,"✔","-") -> - | AA30: =IF('Design Fee'!CH30>0,"✔","-") -> - | AB30: =IF('Design Fee'!CI30>0,"✔","-") -> - | AC30: =IF('Design Fee'!CK30>0,"✔","-") -> - | AD30: =IF('Design Fee'!CL30>0,"✔","-") -> - | AE30: =IF('Design Fee'!CM30>0,"✔","-") -> - | AF30: =IF('Design Fee'!CN30>0,"✔","-") -> - | AG30: =IF('Design Fee'!CO30>0,"✔","-") -> - | AI30: =IF('Design Fee'!DJ30>0,"✔","-") -> - | AJ30: =IF('Design Fee'!DK30>0,"✔","-") -> - | AK30: =IF('Design Fee'!DL30>0,"✔","-") -> - | AL30: =IF('Design Fee'!DM30>0,"✔","-") -> - | AM30: =IF('Design Fee'!DN30>0,"✔","-") -> - | AN30: =IF('Design Fee'!DP30>0,"✔","-") -> - | AO30: =IF('Design Fee'!DQ30>0,"✔","-") -> - | AP30: =IF('Design Fee'!DR30>0,"✔","-") -> - | AQ30: =IF('Design Fee'!DS30>0,"✔","-") -> - | AR30: =IF('Design Fee'!DT30>0,"✔","-") -> - | AT30: =IF('Design Fee'!EO30>0,"✔","-") -> - | AV30: =IF('Design Fee'!ET30>0,"✔","-") -> - | AW30: =IF('Design Fee'!EU30>0,"✔","-") -> - | AX30: =IF('Design Fee'!EV30>0,"✔","-") -> - | AY30: =IF('Design Fee'!EW30>0,"✔","-") -> - | AZ30: =IF('Design Fee'!EX30>0,"✔","-") -> - | BA30: =IF('Design Fee'!EZ30>0,"✔","-") -> - | BB30: =IF('Design Fee'!FA30>0,"✔","-") -> - | BC30: =IF('Design Fee'!FB30>0,"✔","-") -> - | BD30: =IF('Design Fee'!FC30>0,"✔","-") -> - | BE30: =IF('Design Fee'!FD30>0,"✔","-") -> - | BG30: =IF('Design Fee'!FY30>0,"✔","-") -> - | BH30: =IF('Design Fee'!FZ30>0,"✔","-") -> - | BI30: =IF('Design Fee'!GA30>0,"✔","-") -> - | BJ30: =IF('Design Fee'!GB30>0,"✔","-") -> - | BK30: =IF('Design Fee'!GC30>0,"✔","-") -> - | BL30: =IF('Design Fee'!GE30>0,"✔","-") -> - | BM30: =IF('Design Fee'!GF30>0,"✔","-") -> - | BN30: =IF('Design Fee'!GG30>0,"✔","-") -> - | BO30: =IF('Design Fee'!GH30>0,"✔","-") -> - | BP30: =IF('Design Fee'!GI30>0,"✔","-") -> - | BR30: =IF('Design Fee'!HD30>0,"✔","-") -> - | BS30: =IF('Design Fee'!HE30>0,"✔","-") -> - | BT30: =IF('Design Fee'!HF30>0,"✔","-") -> - | BU30: =IF('Design Fee'!HG30>0,"✔","-") -> - | BV30: =IF('Design Fee'!HH30>0,"✔","-") -> - | BW30: =IF('Design Fee'!HJ30>0,"✔","-") -> - | BX30: =IF('Design Fee'!HK30>0,"✔","-") -> - | BY30: =IF('Design Fee'!HL30>0,"✔","-") -> - | BZ30: =IF('Design Fee'!HM30>0,"✔","-") -> - | CA30: =IF('Design Fee'!HN30>0,"✔","-") -> - | CC30: =IF('Design Fee'!II30>0,"✔","-") -> ✔ | CE30: =IF('Design Fee'!IN30>0,"✔","-") -> - | CF30: =IF('Design Fee'!IO30>0,"✔","-") -> - | CG30: =IF('Design Fee'!IP30>0,"✔","-") -> - | CH30: =IF('Design Fee'!IQ30>0,"✔","-") -> - | CI30: =IF('Design Fee'!IR30>0,"✔","-") -> - | CJ30: =IF('Design Fee'!IT30>0,"✔","-") -> - | CK30: =IF('Design Fee'!IU30>0,"✔","-") -> - | CL30: =IF('Design Fee'!IV30>0,"✔","-") -> - | CM30: =IF('Design Fee'!IW30>0,"✔","-") -> - | CN30: =IF('Design Fee'!IX30>0,"✔","-") -> - | CP30: =IF('Design Fee'!JS30>0,"✔","-") -> - | CQ30: =IF('Design Fee'!JT30>0,"✔","-") -> - | CR30: =IF('Design Fee'!JU30>0,"✔","-") -> - | CS30: =IF('Design Fee'!JV30>0,"✔","-") -> - | CT30: =IF('Design Fee'!JW30>0,"✔","-") -> - | CU30: =IF('Design Fee'!JY30>0,"✔","-") -> - | CV30: =IF('Design Fee'!JZ30>0,"✔","-") -> - | CW30: =IF('Design Fee'!KA30>0,"✔","-") -> - | CX30: =IF('Design Fee'!KB30>0,"✔","-") -> - | CY30: =IF('Design Fee'!KC30>0,"✔","-") -> - | DA30: =IF('Design Fee'!KX30>0,"✔","-") -> - | DB30: =IF('Design Fee'!KY30>0,"✔","-") -> - | DC30: =IF('Design Fee'!KZ30>0,"✔","-") -> - | DD30: =IF('Design Fee'!LA30>0,"✔","-") -> - | DE30: =IF('Design Fee'!LB30>0,"✔","-") -> - | DF30: =IF('Design Fee'!LD30>0,"✔","-") -> - | DG30: =IF('Design Fee'!LE30>0,"✔","-") -> - | DH30: =IF('Design Fee'!LF30>0,"✔","-") -> - | DI30: =IF('Design Fee'!LG30>0,"✔","-") -> - | DJ30: =IF('Design Fee'!LH30>0,"✔","-") -> - | DL30: =IF('Design Fee'!MC30>0,"✔","-") -> ✔ | DN30: =IF('Design Fee'!MH30>0,"✔","-") -> - | DO30: =IF('Design Fee'!MI30>0,"✔","-") -> - | DP30: =IF('Design Fee'!MJ30>0,"✔","-") -> - | DQ30: =IF('Design Fee'!MK30>0,"✔","-") -> - | DR30: =IF('Design Fee'!ML30>0,"✔","-") -> - | DS30: =IF('Design Fee'!MN30>0,"✔","-") -> - | DT30: =IF('Design Fee'!MO30>0,"✔","-") -> - | DU30: =IF('Design Fee'!MP30>0,"✔","-") -> - | DV30: =IF('Design Fee'!MQ30>0,"✔","-") -> - | DW30: =IF('Design Fee'!MR30>0,"✔","-") -> - | DY30: =IF('Design Fee'!NM30>0,"✔","-") -> - | DZ30: =IF('Design Fee'!NN30>0,"✔","-") -> - | EA30: =IF('Design Fee'!NO30>0,"✔","-") -> - | EB30: =IF('Design Fee'!NP30>0,"✔","-") -> - | EC30: =IF('Design Fee'!NQ30>0,"✔","-") -> - | ED30: =IF('Design Fee'!NS30>0,"✔","-") -> - | EE30: =IF('Design Fee'!NT30>0,"✔","-") -> - | EF30: =IF('Design Fee'!NU30>0,"✔","-") -> - | EG30: =IF('Design Fee'!NV30>0,"✔","-") -> - | EH30: =IF('Design Fee'!NW30>0,"✔","-") -> - | EJ30: =IF('Design Fee'!OR30>0,"✔","-") -> - | EK30: =IF('Design Fee'!OS30>0,"✔","-") -> - | EL30: =IF('Design Fee'!OT30>0,"✔","-") -> - | EM30: =IF('Design Fee'!OU30>0,"✔","-") -> - | EN30: =IF('Design Fee'!OV30>0,"✔","-") -> - | EO30: =IF('Design Fee'!OX30>0,"✔","-") -> - | EP30: =IF('Design Fee'!OY30>0,"✔","-") -> - | EQ30: =IF('Design Fee'!OZ30>0,"✔","-") -> - | ER30: =IF('Design Fee'!PA30>0,"✔","-") -> - | ES30: =IF('Design Fee'!PB30>0,"✔","-") -> -
C31: 1 | D31: Development Plan | K31: =IF('Design Fee'!AU31>0,"✔","-") -> - | M31: =IF('Design Fee'!AZ31>0,"✔","-") -> - | N31: =IF('Design Fee'!BA31>0,"✔","-") -> - | O31: =IF('Design Fee'!BB31>0,"✔","-") -> - | P31: =IF('Design Fee'!BC31>0,"✔","-") -> - | Q31: =IF('Design Fee'!BD31>0,"✔","-") -> - | R31: =IF('Design Fee'!BF31>0,"✔","-") -> - | S31: =IF('Design Fee'!BG31>0,"✔","-") -> - | T31: =IF('Design Fee'!BH31>0,"✔","-") -> - | U31: =IF('Design Fee'!BI31>0,"✔","-") -> - | V31: =IF('Design Fee'!BJ31>0,"✔","-") -> - | X31: =IF('Design Fee'!CE31>0,"✔","-") -> - | Y31: =IF('Design Fee'!CF31>0,"✔","-") -> - | Z31: =IF('Design Fee'!CG31>0,"✔","-") -> - | AA31: =IF('Design Fee'!CH31>0,"✔","-") -> - | AB31: =IF('Design Fee'!CI31>0,"✔","-") -> - | AC31: =IF('Design Fee'!CK31>0,"✔","-") -> - | AD31: =IF('Design Fee'!CL31>0,"✔","-") -> - | AE31: =IF('Design Fee'!CM31>0,"✔","-") -> - | AF31: =IF('Design Fee'!CN31>0,"✔","-") -> - | AG31: =IF('Design Fee'!CO31>0,"✔","-") -> - | AI31: =IF('Design Fee'!DJ31>0,"✔","-") -> - | AJ31: =IF('Design Fee'!DK31>0,"✔","-") -> - | AK31: =IF('Design Fee'!DL31>0,"✔","-") -> - | AL31: =IF('Design Fee'!DM31>0,"✔","-") -> - | AM31: =IF('Design Fee'!DN31>0,"✔","-") -> - | AN31: =IF('Design Fee'!DP31>0,"✔","-") -> - | AO31: =IF('Design Fee'!DQ31>0,"✔","-") -> - | AP31: =IF('Design Fee'!DR31>0,"✔","-") -> - | AQ31: =IF('Design Fee'!DS31>0,"✔","-") -> - | AR31: =IF('Design Fee'!DT31>0,"✔","-") -> - | AT31: =IF('Design Fee'!EO31>0,"✔","-") -> - | AV31: =IF('Design Fee'!ET31>0,"✔","-") -> - | AW31: =IF('Design Fee'!EU31>0,"✔","-") -> - | AX31: =IF('Design Fee'!EV31>0,"✔","-") -> - | AY31: =IF('Design Fee'!EW31>0,"✔","-") -> - | AZ31: =IF('Design Fee'!EX31>0,"✔","-") -> - | BA31: =IF('Design Fee'!EZ31>0,"✔","-") -> - | BB31: =IF('Design Fee'!FA31>0,"✔","-") -> - | BC31: =IF('Design Fee'!FB31>0,"✔","-") -> - | BD31: =IF('Design Fee'!FC31>0,"✔","-") -> - | BE31: =IF('Design Fee'!FD31>0,"✔","-") -> - | BG31: =IF('Design Fee'!FY31>0,"✔","-") -> - | BH31: =IF('Design Fee'!FZ31>0,"✔","-") -> - | BI31: =IF('Design Fee'!GA31>0,"✔","-") -> - | BJ31: =IF('Design Fee'!GB31>0,"✔","-") -> - | BK31: =IF('Design Fee'!GC31>0,"✔","-") -> - | BL31: =IF('Design Fee'!GE31>0,"✔","-") -> - | BM31: =IF('Design Fee'!GF31>0,"✔","-") -> - | BN31: =IF('Design Fee'!GG31>0,"✔","-") -> - | BO31: =IF('Design Fee'!GH31>0,"✔","-") -> - | BP31: =IF('Design Fee'!GI31>0,"✔","-") -> - | BR31: =IF('Design Fee'!HD31>0,"✔","-") -> - | BS31: =IF('Design Fee'!HE31>0,"✔","-") -> - | BT31: =IF('Design Fee'!HF31>0,"✔","-") -> - | BU31: =IF('Design Fee'!HG31>0,"✔","-") -> - | BV31: =IF('Design Fee'!HH31>0,"✔","-") -> - | BW31: =IF('Design Fee'!HJ31>0,"✔","-") -> - | BX31: =IF('Design Fee'!HK31>0,"✔","-") -> - | BY31: =IF('Design Fee'!HL31>0,"✔","-") -> - | BZ31: =IF('Design Fee'!HM31>0,"✔","-") -> - | CA31: =IF('Design Fee'!HN31>0,"✔","-") -> - | CC31: =IF('Design Fee'!II31>0,"✔","-") -> - | CE31: =IF('Design Fee'!IN31>0,"✔","-") -> - | CF31: =IF('Design Fee'!IO31>0,"✔","-") -> - | CG31: =IF('Design Fee'!IP31>0,"✔","-") -> - | CH31: =IF('Design Fee'!IQ31>0,"✔","-") -> - | CI31: =IF('Design Fee'!IR31>0,"✔","-") -> - | CJ31: =IF('Design Fee'!IT31>0,"✔","-") -> - | CK31: =IF('Design Fee'!IU31>0,"✔","-") -> - | CL31: =IF('Design Fee'!IV31>0,"✔","-") -> - | CM31: =IF('Design Fee'!IW31>0,"✔","-") -> - | CN31: =IF('Design Fee'!IX31>0,"✔","-") -> - | CP31: =IF('Design Fee'!JS31>0,"✔","-") -> - | CQ31: =IF('Design Fee'!JT31>0,"✔","-") -> - | CR31: =IF('Design Fee'!JU31>0,"✔","-") -> - | CS31: =IF('Design Fee'!JV31>0,"✔","-") -> - | CT31: =IF('Design Fee'!JW31>0,"✔","-") -> - | CU31: =IF('Design Fee'!JY31>0,"✔","-") -> - | CV31: =IF('Design Fee'!JZ31>0,"✔","-") -> - | CW31: =IF('Design Fee'!KA31>0,"✔","-") -> - | CX31: =IF('Design Fee'!KB31>0,"✔","-") -> - | CY31: =IF('Design Fee'!KC31>0,"✔","-") -> - | DA31: =IF('Design Fee'!KX31>0,"✔","-") -> - | DB31: =IF('Design Fee'!KY31>0,"✔","-") -> - | DC31: =IF('Design Fee'!KZ31>0,"✔","-") -> - | DD31: =IF('Design Fee'!LA31>0,"✔","-") -> - | DE31: =IF('Design Fee'!LB31>0,"✔","-") -> - | DF31: =IF('Design Fee'!LD31>0,"✔","-") -> - | DG31: =IF('Design Fee'!LE31>0,"✔","-") -> - | DH31: =IF('Design Fee'!LF31>0,"✔","-") -> - | DI31: =IF('Design Fee'!LG31>0,"✔","-") -> - | DJ31: =IF('Design Fee'!LH31>0,"✔","-") -> - | DL31: =IF('Design Fee'!MC31>0,"✔","-") -> - | DN31: =IF('Design Fee'!MH31>0,"✔","-") -> - | DO31: =IF('Design Fee'!MI31>0,"✔","-") -> - | DP31: =IF('Design Fee'!MJ31>0,"✔","-") -> - | DQ31: =IF('Design Fee'!MK31>0,"✔","-") -> - | DR31: =IF('Design Fee'!ML31>0,"✔","-") -> - | DS31: =IF('Design Fee'!MN31>0,"✔","-") -> - | DT31: =IF('Design Fee'!MO31>0,"✔","-") -> - | DU31: =IF('Design Fee'!MP31>0,"✔","-") -> - | DV31: =IF('Design Fee'!MQ31>0,"✔","-") -> - | DW31: =IF('Design Fee'!MR31>0,"✔","-") -> - | DY31: =IF('Design Fee'!NM31>0,"✔","-") -> - | DZ31: =IF('Design Fee'!NN31>0,"✔","-") -> - | EA31: =IF('Design Fee'!NO31>0,"✔","-") -> - | EB31: =IF('Design Fee'!NP31>0,"✔","-") -> - | EC31: =IF('Design Fee'!NQ31>0,"✔","-") -> - | ED31: =IF('Design Fee'!NS31>0,"✔","-") -> - | EE31: =IF('Design Fee'!NT31>0,"✔","-") -> - | EF31: =IF('Design Fee'!NU31>0,"✔","-") -> - | EG31: =IF('Design Fee'!NV31>0,"✔","-") -> - | EH31: =IF('Design Fee'!NW31>0,"✔","-") -> - | EJ31: =IF('Design Fee'!OR31>0,"✔","-") -> - | EK31: =IF('Design Fee'!OS31>0,"✔","-") -> - | EL31: =IF('Design Fee'!OT31>0,"✔","-") -> - | EM31: =IF('Design Fee'!OU31>0,"✔","-") -> - | EN31: =IF('Design Fee'!OV31>0,"✔","-") -> - | EO31: =IF('Design Fee'!OX31>0,"✔","-") -> - | EP31: =IF('Design Fee'!OY31>0,"✔","-") -> - | EQ31: =IF('Design Fee'!OZ31>0,"✔","-") -> - | ER31: =IF('Design Fee'!PA31>0,"✔","-") -> - | ES31: =IF('Design Fee'!PB31>0,"✔","-") -> -
C32: 2 | D32: Building Plan | K32: =IF('Design Fee'!AU32>0,"✔","-") -> - | M32: =IF('Design Fee'!AZ32>0,"✔","-") -> - | N32: =IF('Design Fee'!BA32>0,"✔","-") -> - | O32: =IF('Design Fee'!BB32>0,"✔","-") -> - | P32: =IF('Design Fee'!BC32>0,"✔","-") -> - | Q32: =IF('Design Fee'!BD32>0,"✔","-") -> - | R32: =IF('Design Fee'!BF32>0,"✔","-") -> - | S32: =IF('Design Fee'!BG32>0,"✔","-") -> - | T32: =IF('Design Fee'!BH32>0,"✔","-") -> - | U32: =IF('Design Fee'!BI32>0,"✔","-") -> - | V32: =IF('Design Fee'!BJ32>0,"✔","-") -> - | X32: =IF('Design Fee'!CE32>0,"✔","-") -> - | Y32: =IF('Design Fee'!CF32>0,"✔","-") -> - | Z32: =IF('Design Fee'!CG32>0,"✔","-") -> - | AA32: =IF('Design Fee'!CH32>0,"✔","-") -> - | AB32: =IF('Design Fee'!CI32>0,"✔","-") -> - | AC32: =IF('Design Fee'!CK32>0,"✔","-") -> - | AD32: =IF('Design Fee'!CL32>0,"✔","-") -> - | AE32: =IF('Design Fee'!CM32>0,"✔","-") -> - | AF32: =IF('Design Fee'!CN32>0,"✔","-") -> - | AG32: =IF('Design Fee'!CO32>0,"✔","-") -> - | AI32: =IF('Design Fee'!DJ32>0,"✔","-") -> - | AJ32: =IF('Design Fee'!DK32>0,"✔","-") -> - | AK32: =IF('Design Fee'!DL32>0,"✔","-") -> - | AL32: =IF('Design Fee'!DM32>0,"✔","-") -> - | AM32: =IF('Design Fee'!DN32>0,"✔","-") -> - | AN32: =IF('Design Fee'!DP32>0,"✔","-") -> - | AO32: =IF('Design Fee'!DQ32>0,"✔","-") -> - | AP32: =IF('Design Fee'!DR32>0,"✔","-") -> - | AQ32: =IF('Design Fee'!DS32>0,"✔","-") -> - | AR32: =IF('Design Fee'!DT32>0,"✔","-") -> - | AT32: =IF('Design Fee'!EO32>0,"✔","-") -> - | AV32: =IF('Design Fee'!ET32>0,"✔","-") -> - | AW32: =IF('Design Fee'!EU32>0,"✔","-") -> - | AX32: =IF('Design Fee'!EV32>0,"✔","-") -> - | AY32: =IF('Design Fee'!EW32>0,"✔","-") -> - | AZ32: =IF('Design Fee'!EX32>0,"✔","-") -> - | BA32: =IF('Design Fee'!EZ32>0,"✔","-") -> - | BB32: =IF('Design Fee'!FA32>0,"✔","-") -> - | BC32: =IF('Design Fee'!FB32>0,"✔","-") -> - | BD32: =IF('Design Fee'!FC32>0,"✔","-") -> - | BE32: =IF('Design Fee'!FD32>0,"✔","-") -> - | BG32: =IF('Design Fee'!FY32>0,"✔","-") -> - | BH32: =IF('Design Fee'!FZ32>0,"✔","-") -> - | BI32: =IF('Design Fee'!GA32>0,"✔","-") -> - | BJ32: =IF('Design Fee'!GB32>0,"✔","-") -> - | BK32: =IF('Design Fee'!GC32>0,"✔","-") -> - | BL32: =IF('Design Fee'!GE32>0,"✔","-") -> - | BM32: =IF('Design Fee'!GF32>0,"✔","-") -> - | BN32: =IF('Design Fee'!GG32>0,"✔","-") -> - | BO32: =IF('Design Fee'!GH32>0,"✔","-") -> - | BP32: =IF('Design Fee'!GI32>0,"✔","-") -> - | BR32: =IF('Design Fee'!HD32>0,"✔","-") -> - | BS32: =IF('Design Fee'!HE32>0,"✔","-") -> - | BT32: =IF('Design Fee'!HF32>0,"✔","-") -> - | BU32: =IF('Design Fee'!HG32>0,"✔","-") -> - | BV32: =IF('Design Fee'!HH32>0,"✔","-") -> - | BW32: =IF('Design Fee'!HJ32>0,"✔","-") -> - | BX32: =IF('Design Fee'!HK32>0,"✔","-") -> - | BY32: =IF('Design Fee'!HL32>0,"✔","-") -> - | BZ32: =IF('Design Fee'!HM32>0,"✔","-") -> - | CA32: =IF('Design Fee'!HN32>0,"✔","-") -> - | CC32: =IF('Design Fee'!II32>0,"✔","-") -> - | CE32: =IF('Design Fee'!IN32>0,"✔","-") -> - | CF32: =IF('Design Fee'!IO32>0,"✔","-") -> - | CG32: =IF('Design Fee'!IP32>0,"✔","-") -> - | CH32: =IF('Design Fee'!IQ32>0,"✔","-") -> - | CI32: =IF('Design Fee'!IR32>0,"✔","-") -> - | CJ32: =IF('Design Fee'!IT32>0,"✔","-") -> - | CK32: =IF('Design Fee'!IU32>0,"✔","-") -> - | CL32: =IF('Design Fee'!IV32>0,"✔","-") -> - | CM32: =IF('Design Fee'!IW32>0,"✔","-") -> - | CN32: =IF('Design Fee'!IX32>0,"✔","-") -> - | CP32: =IF('Design Fee'!JS32>0,"✔","-") -> - | CQ32: =IF('Design Fee'!JT32>0,"✔","-") -> - | CR32: =IF('Design Fee'!JU32>0,"✔","-") -> - | CS32: =IF('Design Fee'!JV32>0,"✔","-") -> - | CT32: =IF('Design Fee'!JW32>0,"✔","-") -> - | CU32: =IF('Design Fee'!JY32>0,"✔","-") -> - | CV32: =IF('Design Fee'!JZ32>0,"✔","-") -> - | CW32: =IF('Design Fee'!KA32>0,"✔","-") -> - | CX32: =IF('Design Fee'!KB32>0,"✔","-") -> - | CY32: =IF('Design Fee'!KC32>0,"✔","-") -> - | DA32: =IF('Design Fee'!KX32>0,"✔","-") -> - | DB32: =IF('Design Fee'!KY32>0,"✔","-") -> - | DC32: =IF('Design Fee'!KZ32>0,"✔","-") -> - | DD32: =IF('Design Fee'!LA32>0,"✔","-") -> - | DE32: =IF('Design Fee'!LB32>0,"✔","-") -> - | DF32: =IF('Design Fee'!LD32>0,"✔","-") -> - | DG32: =IF('Design Fee'!LE32>0,"✔","-") -> - | DH32: =IF('Design Fee'!LF32>0,"✔","-") -> - | DI32: =IF('Design Fee'!LG32>0,"✔","-") -> - | DJ32: =IF('Design Fee'!LH32>0,"✔","-") -> - | DL32: =IF('Design Fee'!MC32>0,"✔","-") -> - | DN32: =IF('Design Fee'!MH32>0,"✔","-") -> - | DO32: =IF('Design Fee'!MI32>0,"✔","-") -> - | DP32: =IF('Design Fee'!MJ32>0,"✔","-") -> - | DQ32: =IF('Design Fee'!MK32>0,"✔","-") -> - | DR32: =IF('Design Fee'!ML32>0,"✔","-") -> - | DS32: =IF('Design Fee'!MN32>0,"✔","-") -> - | DT32: =IF('Design Fee'!MO32>0,"✔","-") -> - | DU32: =IF('Design Fee'!MP32>0,"✔","-") -> - | DV32: =IF('Design Fee'!MQ32>0,"✔","-") -> - | DW32: =IF('Design Fee'!MR32>0,"✔","-") -> - | DY32: =IF('Design Fee'!NM32>0,"✔","-") -> - | DZ32: =IF('Design Fee'!NN32>0,"✔","-") -> - | EA32: =IF('Design Fee'!NO32>0,"✔","-") -> - | EB32: =IF('Design Fee'!NP32>0,"✔","-") -> - | EC32: =IF('Design Fee'!NQ32>0,"✔","-") -> - | ED32: =IF('Design Fee'!NS32>0,"✔","-") -> - | EE32: =IF('Design Fee'!NT32>0,"✔","-") -> - | EF32: =IF('Design Fee'!NU32>0,"✔","-") -> - | EG32: =IF('Design Fee'!NV32>0,"✔","-") -> - | EH32: =IF('Design Fee'!NW32>0,"✔","-") -> - | EJ32: =IF('Design Fee'!OR32>0,"✔","-") -> - | EK32: =IF('Design Fee'!OS32>0,"✔","-") -> - | EL32: =IF('Design Fee'!OT32>0,"✔","-") -> - | EM32: =IF('Design Fee'!OU32>0,"✔","-") -> - | EN32: =IF('Design Fee'!OV32>0,"✔","-") -> - | EO32: =IF('Design Fee'!OX32>0,"✔","-") -> - | EP32: =IF('Design Fee'!OY32>0,"✔","-") -> - | EQ32: =IF('Design Fee'!OZ32>0,"✔","-") -> - | ER32: =IF('Design Fee'!PA32>0,"✔","-") -> - | ES32: =IF('Design Fee'!PB32>0,"✔","-") -> -
C33: 3 | D33: Fire Safety | K33: =IF('Design Fee'!AU33>0,"✔","-") -> - | M33: =IF('Design Fee'!AZ33>0,"✔","-") -> - | N33: =IF('Design Fee'!BA33>0,"✔","-") -> - | O33: =IF('Design Fee'!BB33>0,"✔","-") -> - | P33: =IF('Design Fee'!BC33>0,"✔","-") -> - | Q33: =IF('Design Fee'!BD33>0,"✔","-") -> - | R33: =IF('Design Fee'!BF33>0,"✔","-") -> - | S33: =IF('Design Fee'!BG33>0,"✔","-") -> - | T33: =IF('Design Fee'!BH33>0,"✔","-") -> - | U33: =IF('Design Fee'!BI33>0,"✔","-") -> - | V33: =IF('Design Fee'!BJ33>0,"✔","-") -> - | X33: =IF('Design Fee'!CE33>0,"✔","-") -> - | Y33: =IF('Design Fee'!CF33>0,"✔","-") -> - | Z33: =IF('Design Fee'!CG33>0,"✔","-") -> - | AA33: =IF('Design Fee'!CH33>0,"✔","-") -> - | AB33: =IF('Design Fee'!CI33>0,"✔","-") -> - | AC33: =IF('Design Fee'!CK33>0,"✔","-") -> - | AD33: =IF('Design Fee'!CL33>0,"✔","-") -> - | AE33: =IF('Design Fee'!CM33>0,"✔","-") -> - | AF33: =IF('Design Fee'!CN33>0,"✔","-") -> - | AG33: =IF('Design Fee'!CO33>0,"✔","-") -> - | AI33: =IF('Design Fee'!DJ33>0,"✔","-") -> - | AJ33: =IF('Design Fee'!DK33>0,"✔","-") -> - | AK33: =IF('Design Fee'!DL33>0,"✔","-") -> - | AL33: =IF('Design Fee'!DM33>0,"✔","-") -> - | AM33: =IF('Design Fee'!DN33>0,"✔","-") -> - | AN33: =IF('Design Fee'!DP33>0,"✔","-") -> - | AO33: =IF('Design Fee'!DQ33>0,"✔","-") -> - | AP33: =IF('Design Fee'!DR33>0,"✔","-") -> - | AQ33: =IF('Design Fee'!DS33>0,"✔","-") -> - | AR33: =IF('Design Fee'!DT33>0,"✔","-") -> - | AT33: =IF('Design Fee'!EO33>0,"✔","-") -> - | AV33: =IF('Design Fee'!ET33>0,"✔","-") -> - | AW33: =IF('Design Fee'!EU33>0,"✔","-") -> - | AX33: =IF('Design Fee'!EV33>0,"✔","-") -> - | AY33: =IF('Design Fee'!EW33>0,"✔","-") -> - | AZ33: =IF('Design Fee'!EX33>0,"✔","-") -> - | BA33: =IF('Design Fee'!EZ33>0,"✔","-") -> - | BB33: =IF('Design Fee'!FA33>0,"✔","-") -> - | BC33: =IF('Design Fee'!FB33>0,"✔","-") -> - | BD33: =IF('Design Fee'!FC33>0,"✔","-") -> - | BE33: =IF('Design Fee'!FD33>0,"✔","-") -> - | BG33: =IF('Design Fee'!FY33>0,"✔","-") -> - | BH33: =IF('Design Fee'!FZ33>0,"✔","-") -> - | BI33: =IF('Design Fee'!GA33>0,"✔","-") -> - | BJ33: =IF('Design Fee'!GB33>0,"✔","-") -> - | BK33: =IF('Design Fee'!GC33>0,"✔","-") -> - | BL33: =IF('Design Fee'!GE33>0,"✔","-") -> - | BM33: =IF('Design Fee'!GF33>0,"✔","-") -> - | BN33: =IF('Design Fee'!GG33>0,"✔","-") -> - | BO33: =IF('Design Fee'!GH33>0,"✔","-") -> - | BP33: =IF('Design Fee'!GI33>0,"✔","-") -> - | BR33: =IF('Design Fee'!HD33>0,"✔","-") -> - | BS33: =IF('Design Fee'!HE33>0,"✔","-") -> - | BT33: =IF('Design Fee'!HF33>0,"✔","-") -> - | BU33: =IF('Design Fee'!HG33>0,"✔","-") -> - | BV33: =IF('Design Fee'!HH33>0,"✔","-") -> - | BW33: =IF('Design Fee'!HJ33>0,"✔","-") -> - | BX33: =IF('Design Fee'!HK33>0,"✔","-") -> - | BY33: =IF('Design Fee'!HL33>0,"✔","-") -> - | BZ33: =IF('Design Fee'!HM33>0,"✔","-") -> - | CA33: =IF('Design Fee'!HN33>0,"✔","-") -> - | CC33: =IF('Design Fee'!II33>0,"✔","-") -> - | CE33: =IF('Design Fee'!IN33>0,"✔","-") -> - | CF33: =IF('Design Fee'!IO33>0,"✔","-") -> - | CG33: =IF('Design Fee'!IP33>0,"✔","-") -> - | CH33: =IF('Design Fee'!IQ33>0,"✔","-") -> - | CI33: =IF('Design Fee'!IR33>0,"✔","-") -> - | CJ33: =IF('Design Fee'!IT33>0,"✔","-") -> - | CK33: =IF('Design Fee'!IU33>0,"✔","-") -> - | CL33: =IF('Design Fee'!IV33>0,"✔","-") -> - | CM33: =IF('Design Fee'!IW33>0,"✔","-") -> - | CN33: =IF('Design Fee'!IX33>0,"✔","-") -> - | CP33: =IF('Design Fee'!JS33>0,"✔","-") -> - | CQ33: =IF('Design Fee'!JT33>0,"✔","-") -> - | CR33: =IF('Design Fee'!JU33>0,"✔","-") -> - | CS33: =IF('Design Fee'!JV33>0,"✔","-") -> - | CT33: =IF('Design Fee'!JW33>0,"✔","-") -> - | CU33: =IF('Design Fee'!JY33>0,"✔","-") -> - | CV33: =IF('Design Fee'!JZ33>0,"✔","-") -> - | CW33: =IF('Design Fee'!KA33>0,"✔","-") -> - | CX33: =IF('Design Fee'!KB33>0,"✔","-") -> - | CY33: =IF('Design Fee'!KC33>0,"✔","-") -> - | DA33: =IF('Design Fee'!KX33>0,"✔","-") -> - | DB33: =IF('Design Fee'!KY33>0,"✔","-") -> - | DC33: =IF('Design Fee'!KZ33>0,"✔","-") -> - | DD33: =IF('Design Fee'!LA33>0,"✔","-") -> - | DE33: =IF('Design Fee'!LB33>0,"✔","-") -> - | DF33: =IF('Design Fee'!LD33>0,"✔","-") -> - | DG33: =IF('Design Fee'!LE33>0,"✔","-") -> - | DH33: =IF('Design Fee'!LF33>0,"✔","-") -> - | DI33: =IF('Design Fee'!LG33>0,"✔","-") -> - | DJ33: =IF('Design Fee'!LH33>0,"✔","-") -> - | DL33: =IF('Design Fee'!MC33>0,"✔","-") -> - | DN33: =IF('Design Fee'!MH33>0,"✔","-") -> - | DO33: =IF('Design Fee'!MI33>0,"✔","-") -> - | DP33: =IF('Design Fee'!MJ33>0,"✔","-") -> - | DQ33: =IF('Design Fee'!MK33>0,"✔","-") -> - | DR33: =IF('Design Fee'!ML33>0,"✔","-") -> - | DS33: =IF('Design Fee'!MN33>0,"✔","-") -> - | DT33: =IF('Design Fee'!MO33>0,"✔","-") -> - | DU33: =IF('Design Fee'!MP33>0,"✔","-") -> - | DV33: =IF('Design Fee'!MQ33>0,"✔","-") -> - | DW33: =IF('Design Fee'!MR33>0,"✔","-") -> - | DY33: =IF('Design Fee'!NM33>0,"✔","-") -> - | DZ33: =IF('Design Fee'!NN33>0,"✔","-") -> - | EA33: =IF('Design Fee'!NO33>0,"✔","-") -> - | EB33: =IF('Design Fee'!NP33>0,"✔","-") -> - | EC33: =IF('Design Fee'!NQ33>0,"✔","-") -> - | ED33: =IF('Design Fee'!NS33>0,"✔","-") -> - | EE33: =IF('Design Fee'!NT33>0,"✔","-") -> - | EF33: =IF('Design Fee'!NU33>0,"✔","-") -> - | EG33: =IF('Design Fee'!NV33>0,"✔","-") -> - | EH33: =IF('Design Fee'!NW33>0,"✔","-") -> - | EJ33: =IF('Design Fee'!OR33>0,"✔","-") -> - | EK33: =IF('Design Fee'!OS33>0,"✔","-") -> - | EL33: =IF('Design Fee'!OT33>0,"✔","-") -> - | EM33: =IF('Design Fee'!OU33>0,"✔","-") -> - | EN33: =IF('Design Fee'!OV33>0,"✔","-") -> - | EO33: =IF('Design Fee'!OX33>0,"✔","-") -> - | EP33: =IF('Design Fee'!OY33>0,"✔","-") -> - | EQ33: =IF('Design Fee'!OZ33>0,"✔","-") -> - | ER33: =IF('Design Fee'!PA33>0,"✔","-") -> - | ES33: =IF('Design Fee'!PB33>0,"✔","-") -> -
C34: 4 | D34: Environment | K34: =IF('Design Fee'!AU34>0,"✔","-") -> - | M34: =IF('Design Fee'!AZ34>0,"✔","-") -> - | N34: =IF('Design Fee'!BA34>0,"✔","-") -> - | O34: =IF('Design Fee'!BB34>0,"✔","-") -> - | P34: =IF('Design Fee'!BC34>0,"✔","-") -> - | Q34: =IF('Design Fee'!BD34>0,"✔","-") -> - | R34: =IF('Design Fee'!BF34>0,"✔","-") -> - | S34: =IF('Design Fee'!BG34>0,"✔","-") -> - | T34: =IF('Design Fee'!BH34>0,"✔","-") -> - | U34: =IF('Design Fee'!BI34>0,"✔","-") -> - | V34: =IF('Design Fee'!BJ34>0,"✔","-") -> - | X34: =IF('Design Fee'!CE34>0,"✔","-") -> - | Y34: =IF('Design Fee'!CF34>0,"✔","-") -> - | Z34: =IF('Design Fee'!CG34>0,"✔","-") -> - | AA34: =IF('Design Fee'!CH34>0,"✔","-") -> - | AB34: =IF('Design Fee'!CI34>0,"✔","-") -> - | AC34: =IF('Design Fee'!CK34>0,"✔","-") -> - | AD34: =IF('Design Fee'!CL34>0,"✔","-") -> - | AE34: =IF('Design Fee'!CM34>0,"✔","-") -> - | AF34: =IF('Design Fee'!CN34>0,"✔","-") -> - | AG34: =IF('Design Fee'!CO34>0,"✔","-") -> - | AI34: =IF('Design Fee'!DJ34>0,"✔","-") -> - | AJ34: =IF('Design Fee'!DK34>0,"✔","-") -> - | AK34: =IF('Design Fee'!DL34>0,"✔","-") -> - | AL34: =IF('Design Fee'!DM34>0,"✔","-") -> - | AM34: =IF('Design Fee'!DN34>0,"✔","-") -> - | AN34: =IF('Design Fee'!DP34>0,"✔","-") -> - | AO34: =IF('Design Fee'!DQ34>0,"✔","-") -> - | AP34: =IF('Design Fee'!DR34>0,"✔","-") -> - | AQ34: =IF('Design Fee'!DS34>0,"✔","-") -> - | AR34: =IF('Design Fee'!DT34>0,"✔","-") -> - | AT34: =IF('Design Fee'!EO34>0,"✔","-") -> - | AV34: =IF('Design Fee'!ET34>0,"✔","-") -> - | AW34: =IF('Design Fee'!EU34>0,"✔","-") -> - | AX34: =IF('Design Fee'!EV34>0,"✔","-") -> - | AY34: =IF('Design Fee'!EW34>0,"✔","-") -> - | AZ34: =IF('Design Fee'!EX34>0,"✔","-") -> - | BA34: =IF('Design Fee'!EZ34>0,"✔","-") -> - | BB34: =IF('Design Fee'!FA34>0,"✔","-") -> - | BC34: =IF('Design Fee'!FB34>0,"✔","-") -> - | BD34: =IF('Design Fee'!FC34>0,"✔","-") -> - | BE34: =IF('Design Fee'!FD34>0,"✔","-") -> - | BG34: =IF('Design Fee'!FY34>0,"✔","-") -> - | BH34: =IF('Design Fee'!FZ34>0,"✔","-") -> - | BI34: =IF('Design Fee'!GA34>0,"✔","-") -> - | BJ34: =IF('Design Fee'!GB34>0,"✔","-") -> - | BK34: =IF('Design Fee'!GC34>0,"✔","-") -> - | BL34: =IF('Design Fee'!GE34>0,"✔","-") -> - | BM34: =IF('Design Fee'!GF34>0,"✔","-") -> - | BN34: =IF('Design Fee'!GG34>0,"✔","-") -> - | BO34: =IF('Design Fee'!GH34>0,"✔","-") -> - | BP34: =IF('Design Fee'!GI34>0,"✔","-") -> - | BR34: =IF('Design Fee'!HD34>0,"✔","-") -> - | BS34: =IF('Design Fee'!HE34>0,"✔","-") -> - | BT34: =IF('Design Fee'!HF34>0,"✔","-") -> - | BU34: =IF('Design Fee'!HG34>0,"✔","-") -> - | BV34: =IF('Design Fee'!HH34>0,"✔","-") -> - | BW34: =IF('Design Fee'!HJ34>0,"✔","-") -> - | BX34: =IF('Design Fee'!HK34>0,"✔","-") -> - | BY34: =IF('Design Fee'!HL34>0,"✔","-") -> - | BZ34: =IF('Design Fee'!HM34>0,"✔","-") -> - | CA34: =IF('Design Fee'!HN34>0,"✔","-") -> - | CC34: =IF('Design Fee'!II34>0,"✔","-") -> - | CE34: =IF('Design Fee'!IN34>0,"✔","-") -> - | CF34: =IF('Design Fee'!IO34>0,"✔","-") -> - | CG34: =IF('Design Fee'!IP34>0,"✔","-") -> - | CH34: =IF('Design Fee'!IQ34>0,"✔","-") -> - | CI34: =IF('Design Fee'!IR34>0,"✔","-") -> - | CJ34: =IF('Design Fee'!IT34>0,"✔","-") -> - | CK34: =IF('Design Fee'!IU34>0,"✔","-") -> - | CL34: =IF('Design Fee'!IV34>0,"✔","-") -> - | CM34: =IF('Design Fee'!IW34>0,"✔","-") -> - | CN34: =IF('Design Fee'!IX34>0,"✔","-") -> - | CP34: =IF('Design Fee'!JS34>0,"✔","-") -> - | CQ34: =IF('Design Fee'!JT34>0,"✔","-") -> - | CR34: =IF('Design Fee'!JU34>0,"✔","-") -> - | CS34: =IF('Design Fee'!JV34>0,"✔","-") -> - | CT34: =IF('Design Fee'!JW34>0,"✔","-") -> - | CU34: =IF('Design Fee'!JY34>0,"✔","-") -> - | CV34: =IF('Design Fee'!JZ34>0,"✔","-") -> - | CW34: =IF('Design Fee'!KA34>0,"✔","-") -> - | CX34: =IF('Design Fee'!KB34>0,"✔","-") -> - | CY34: =IF('Design Fee'!KC34>0,"✔","-") -> - | DA34: =IF('Design Fee'!KX34>0,"✔","-") -> - | DB34: =IF('Design Fee'!KY34>0,"✔","-") -> - | DC34: =IF('Design Fee'!KZ34>0,"✔","-") -> - | DD34: =IF('Design Fee'!LA34>0,"✔","-") -> - | DE34: =IF('Design Fee'!LB34>0,"✔","-") -> - | DF34: =IF('Design Fee'!LD34>0,"✔","-") -> - | DG34: =IF('Design Fee'!LE34>0,"✔","-") -> - | DH34: =IF('Design Fee'!LF34>0,"✔","-") -> - | DI34: =IF('Design Fee'!LG34>0,"✔","-") -> - | DJ34: =IF('Design Fee'!LH34>0,"✔","-") -> - | DL34: =IF('Design Fee'!MC34>0,"✔","-") -> - | DN34: =IF('Design Fee'!MH34>0,"✔","-") -> - | DO34: =IF('Design Fee'!MI34>0,"✔","-") -> - | DP34: =IF('Design Fee'!MJ34>0,"✔","-") -> - | DQ34: =IF('Design Fee'!MK34>0,"✔","-") -> - | DR34: =IF('Design Fee'!ML34>0,"✔","-") -> - | DS34: =IF('Design Fee'!MN34>0,"✔","-") -> - | DT34: =IF('Design Fee'!MO34>0,"✔","-") -> - | DU34: =IF('Design Fee'!MP34>0,"✔","-") -> - | DV34: =IF('Design Fee'!MQ34>0,"✔","-") -> - | DW34: =IF('Design Fee'!MR34>0,"✔","-") -> - | DY34: =IF('Design Fee'!NM34>0,"✔","-") -> - | DZ34: =IF('Design Fee'!NN34>0,"✔","-") -> - | EA34: =IF('Design Fee'!NO34>0,"✔","-") -> - | EB34: =IF('Design Fee'!NP34>0,"✔","-") -> - | EC34: =IF('Design Fee'!NQ34>0,"✔","-") -> - | ED34: =IF('Design Fee'!NS34>0,"✔","-") -> - | EE34: =IF('Design Fee'!NT34>0,"✔","-") -> - | EF34: =IF('Design Fee'!NU34>0,"✔","-") -> - | EG34: =IF('Design Fee'!NV34>0,"✔","-") -> - | EH34: =IF('Design Fee'!NW34>0,"✔","-") -> - | EJ34: =IF('Design Fee'!OR34>0,"✔","-") -> - | EK34: =IF('Design Fee'!OS34>0,"✔","-") -> - | EL34: =IF('Design Fee'!OT34>0,"✔","-") -> - | EM34: =IF('Design Fee'!OU34>0,"✔","-") -> - | EN34: =IF('Design Fee'!OV34>0,"✔","-") -> - | EO34: =IF('Design Fee'!OX34>0,"✔","-") -> - | EP34: =IF('Design Fee'!OY34>0,"✔","-") -> - | EQ34: =IF('Design Fee'!OZ34>0,"✔","-") -> - | ER34: =IF('Design Fee'!PA34>0,"✔","-") -> - | ES34: =IF('Design Fee'!PB34>0,"✔","-") -> -
C35: 5 | D35: Water Supply and Sewerage | K35: =IF('Design Fee'!AU35>0,"✔","-") -> - | M35: =IF('Design Fee'!AZ35>0,"✔","-") -> - | N35: =IF('Design Fee'!BA35>0,"✔","-") -> - | O35: =IF('Design Fee'!BB35>0,"✔","-") -> - | P35: =IF('Design Fee'!BC35>0,"✔","-") -> - | Q35: =IF('Design Fee'!BD35>0,"✔","-") -> - | R35: =IF('Design Fee'!BF35>0,"✔","-") -> - | S35: =IF('Design Fee'!BG35>0,"✔","-") -> - | T35: =IF('Design Fee'!BH35>0,"✔","-") -> - | U35: =IF('Design Fee'!BI35>0,"✔","-") -> - | V35: =IF('Design Fee'!BJ35>0,"✔","-") -> - | X35: =IF('Design Fee'!CE35>0,"✔","-") -> - | Y35: =IF('Design Fee'!CF35>0,"✔","-") -> - | Z35: =IF('Design Fee'!CG35>0,"✔","-") -> - | AA35: =IF('Design Fee'!CH35>0,"✔","-") -> - | AB35: =IF('Design Fee'!CI35>0,"✔","-") -> - | AC35: =IF('Design Fee'!CK35>0,"✔","-") -> - | AD35: =IF('Design Fee'!CL35>0,"✔","-") -> - | AE35: =IF('Design Fee'!CM35>0,"✔","-") -> - | AF35: =IF('Design Fee'!CN35>0,"✔","-") -> - | AG35: =IF('Design Fee'!CO35>0,"✔","-") -> - | AI35: =IF('Design Fee'!DJ35>0,"✔","-") -> - | AJ35: =IF('Design Fee'!DK35>0,"✔","-") -> - | AK35: =IF('Design Fee'!DL35>0,"✔","-") -> - | AL35: =IF('Design Fee'!DM35>0,"✔","-") -> - | AM35: =IF('Design Fee'!DN35>0,"✔","-") -> - | AN35: =IF('Design Fee'!DP35>0,"✔","-") -> - | AO35: =IF('Design Fee'!DQ35>0,"✔","-") -> - | AP35: =IF('Design Fee'!DR35>0,"✔","-") -> - | AQ35: =IF('Design Fee'!DS35>0,"✔","-") -> - | AR35: =IF('Design Fee'!DT35>0,"✔","-") -> - | AT35: =IF('Design Fee'!EO35>0,"✔","-") -> - | AV35: =IF('Design Fee'!ET35>0,"✔","-") -> - | AW35: =IF('Design Fee'!EU35>0,"✔","-") -> - | AX35: =IF('Design Fee'!EV35>0,"✔","-") -> - | AY35: =IF('Design Fee'!EW35>0,"✔","-") -> - | AZ35: =IF('Design Fee'!EX35>0,"✔","-") -> - | BA35: =IF('Design Fee'!EZ35>0,"✔","-") -> - | BB35: =IF('Design Fee'!FA35>0,"✔","-") -> - | BC35: =IF('Design Fee'!FB35>0,"✔","-") -> - | BD35: =IF('Design Fee'!FC35>0,"✔","-") -> - | BE35: =IF('Design Fee'!FD35>0,"✔","-") -> - | BG35: =IF('Design Fee'!FY35>0,"✔","-") -> - | BH35: =IF('Design Fee'!FZ35>0,"✔","-") -> - | BI35: =IF('Design Fee'!GA35>0,"✔","-") -> - | BJ35: =IF('Design Fee'!GB35>0,"✔","-") -> - | BK35: =IF('Design Fee'!GC35>0,"✔","-") -> - | BL35: =IF('Design Fee'!GE35>0,"✔","-") -> - | BM35: =IF('Design Fee'!GF35>0,"✔","-") -> - | BN35: =IF('Design Fee'!GG35>0,"✔","-") -> - | BO35: =IF('Design Fee'!GH35>0,"✔","-") -> - | BP35: =IF('Design Fee'!GI35>0,"✔","-") -> - | BR35: =IF('Design Fee'!HD35>0,"✔","-") -> - | BS35: =IF('Design Fee'!HE35>0,"✔","-") -> - | BT35: =IF('Design Fee'!HF35>0,"✔","-") -> - | BU35: =IF('Design Fee'!HG35>0,"✔","-") -> - | BV35: =IF('Design Fee'!HH35>0,"✔","-") -> - | BW35: =IF('Design Fee'!HJ35>0,"✔","-") -> - | BX35: =IF('Design Fee'!HK35>0,"✔","-") -> - | BY35: =IF('Design Fee'!HL35>0,"✔","-") -> - | BZ35: =IF('Design Fee'!HM35>0,"✔","-") -> - | CA35: =IF('Design Fee'!HN35>0,"✔","-") -> - | CC35: =IF('Design Fee'!II35>0,"✔","-") -> - | CE35: =IF('Design Fee'!IN35>0,"✔","-") -> - | CF35: =IF('Design Fee'!IO35>0,"✔","-") -> - | CG35: =IF('Design Fee'!IP35>0,"✔","-") -> - | CH35: =IF('Design Fee'!IQ35>0,"✔","-") -> - | CI35: =IF('Design Fee'!IR35>0,"✔","-") -> - | CJ35: =IF('Design Fee'!IT35>0,"✔","-") -> - | CK35: =IF('Design Fee'!IU35>0,"✔","-") -> - | CL35: =IF('Design Fee'!IV35>0,"✔","-") -> - | CM35: =IF('Design Fee'!IW35>0,"✔","-") -> - | CN35: =IF('Design Fee'!IX35>0,"✔","-") -> - | CP35: =IF('Design Fee'!JS35>0,"✔","-") -> - | CQ35: =IF('Design Fee'!JT35>0,"✔","-") -> - | CR35: =IF('Design Fee'!JU35>0,"✔","-") -> - | CS35: =IF('Design Fee'!JV35>0,"✔","-") -> - | CT35: =IF('Design Fee'!JW35>0,"✔","-") -> - | CU35: =IF('Design Fee'!JY35>0,"✔","-") -> - | CV35: =IF('Design Fee'!JZ35>0,"✔","-") -> - | CW35: =IF('Design Fee'!KA35>0,"✔","-") -> - | CX35: =IF('Design Fee'!KB35>0,"✔","-") -> - | CY35: =IF('Design Fee'!KC35>0,"✔","-") -> - | DA35: =IF('Design Fee'!KX35>0,"✔","-") -> - | DB35: =IF('Design Fee'!KY35>0,"✔","-") -> - | DC35: =IF('Design Fee'!KZ35>0,"✔","-") -> - | DD35: =IF('Design Fee'!LA35>0,"✔","-") -> - | DE35: =IF('Design Fee'!LB35>0,"✔","-") -> - | DF35: =IF('Design Fee'!LD35>0,"✔","-") -> - | DG35: =IF('Design Fee'!LE35>0,"✔","-") -> - | DH35: =IF('Design Fee'!LF35>0,"✔","-") -> - | DI35: =IF('Design Fee'!LG35>0,"✔","-") -> - | DJ35: =IF('Design Fee'!LH35>0,"✔","-") -> - | DL35: =IF('Design Fee'!MC35>0,"✔","-") -> - | DN35: =IF('Design Fee'!MH35>0,"✔","-") -> - | DO35: =IF('Design Fee'!MI35>0,"✔","-") -> - | DP35: =IF('Design Fee'!MJ35>0,"✔","-") -> - | DQ35: =IF('Design Fee'!MK35>0,"✔","-") -> - | DR35: =IF('Design Fee'!ML35>0,"✔","-") -> - | DS35: =IF('Design Fee'!MN35>0,"✔","-") -> - | DT35: =IF('Design Fee'!MO35>0,"✔","-") -> - | DU35: =IF('Design Fee'!MP35>0,"✔","-") -> - | DV35: =IF('Design Fee'!MQ35>0,"✔","-") -> - | DW35: =IF('Design Fee'!MR35>0,"✔","-") -> - | DY35: =IF('Design Fee'!NM35>0,"✔","-") -> - | DZ35: =IF('Design Fee'!NN35>0,"✔","-") -> - | EA35: =IF('Design Fee'!NO35>0,"✔","-") -> - | EB35: =IF('Design Fee'!NP35>0,"✔","-") -> - | EC35: =IF('Design Fee'!NQ35>0,"✔","-") -> - | ED35: =IF('Design Fee'!NS35>0,"✔","-") -> - | EE35: =IF('Design Fee'!NT35>0,"✔","-") -> - | EF35: =IF('Design Fee'!NU35>0,"✔","-") -> - | EG35: =IF('Design Fee'!NV35>0,"✔","-") -> - | EH35: =IF('Design Fee'!NW35>0,"✔","-") -> - | EJ35: =IF('Design Fee'!OR35>0,"✔","-") -> - | EK35: =IF('Design Fee'!OS35>0,"✔","-") -> - | EL35: =IF('Design Fee'!OT35>0,"✔","-") -> - | EM35: =IF('Design Fee'!OU35>0,"✔","-") -> - | EN35: =IF('Design Fee'!OV35>0,"✔","-") -> - | EO35: =IF('Design Fee'!OX35>0,"✔","-") -> - | EP35: =IF('Design Fee'!OY35>0,"✔","-") -> - | EQ35: =IF('Design Fee'!OZ35>0,"✔","-") -> - | ER35: =IF('Design Fee'!PA35>0,"✔","-") -> - | ES35: =IF('Design Fee'!PB35>0,"✔","-") -> -
C36: 6 | D36: Power Supply | K36: =IF('Design Fee'!AU36>0,"✔","-") -> - | M36: =IF('Design Fee'!AZ36>0,"✔","-") -> - | N36: =IF('Design Fee'!BA36>0,"✔","-") -> - | O36: =IF('Design Fee'!BB36>0,"✔","-") -> - | P36: =IF('Design Fee'!BC36>0,"✔","-") -> - | Q36: =IF('Design Fee'!BD36>0,"✔","-") -> - | R36: =IF('Design Fee'!BF36>0,"✔","-") -> - | S36: =IF('Design Fee'!BG36>0,"✔","-") -> - | T36: =IF('Design Fee'!BH36>0,"✔","-") -> - | U36: =IF('Design Fee'!BI36>0,"✔","-") -> - | V36: =IF('Design Fee'!BJ36>0,"✔","-") -> - | X36: =IF('Design Fee'!CE36>0,"✔","-") -> - | Y36: =IF('Design Fee'!CF36>0,"✔","-") -> - | Z36: =IF('Design Fee'!CG36>0,"✔","-") -> - | AA36: =IF('Design Fee'!CH36>0,"✔","-") -> - | AB36: =IF('Design Fee'!CI36>0,"✔","-") -> - | AC36: =IF('Design Fee'!CK36>0,"✔","-") -> - | AD36: =IF('Design Fee'!CL36>0,"✔","-") -> - | AE36: =IF('Design Fee'!CM36>0,"✔","-") -> - | AF36: =IF('Design Fee'!CN36>0,"✔","-") -> - | AG36: =IF('Design Fee'!CO36>0,"✔","-") -> - | AI36: =IF('Design Fee'!DJ36>0,"✔","-") -> - | AJ36: =IF('Design Fee'!DK36>0,"✔","-") -> - | AK36: =IF('Design Fee'!DL36>0,"✔","-") -> - | AL36: =IF('Design Fee'!DM36>0,"✔","-") -> - | AM36: =IF('Design Fee'!DN36>0,"✔","-") -> - | AN36: =IF('Design Fee'!DP36>0,"✔","-") -> - | AO36: =IF('Design Fee'!DQ36>0,"✔","-") -> - | AP36: =IF('Design Fee'!DR36>0,"✔","-") -> - | AQ36: =IF('Design Fee'!DS36>0,"✔","-") -> - | AR36: =IF('Design Fee'!DT36>0,"✔","-") -> - | AT36: =IF('Design Fee'!EO36>0,"✔","-") -> - | AV36: =IF('Design Fee'!ET36>0,"✔","-") -> - | AW36: =IF('Design Fee'!EU36>0,"✔","-") -> - | AX36: =IF('Design Fee'!EV36>0,"✔","-") -> - | AY36: =IF('Design Fee'!EW36>0,"✔","-") -> - | AZ36: =IF('Design Fee'!EX36>0,"✔","-") -> - | BA36: =IF('Design Fee'!EZ36>0,"✔","-") -> - | BB36: =IF('Design Fee'!FA36>0,"✔","-") -> - | BC36: =IF('Design Fee'!FB36>0,"✔","-") -> - | BD36: =IF('Design Fee'!FC36>0,"✔","-") -> - | BE36: =IF('Design Fee'!FD36>0,"✔","-") -> - | BG36: =IF('Design Fee'!FY36>0,"✔","-") -> - | BH36: =IF('Design Fee'!FZ36>0,"✔","-") -> - | BI36: =IF('Design Fee'!GA36>0,"✔","-") -> - | BJ36: =IF('Design Fee'!GB36>0,"✔","-") -> - | BK36: =IF('Design Fee'!GC36>0,"✔","-") -> - | BL36: =IF('Design Fee'!GE36>0,"✔","-") -> - | BM36: =IF('Design Fee'!GF36>0,"✔","-") -> - | BN36: =IF('Design Fee'!GG36>0,"✔","-") -> - | BO36: =IF('Design Fee'!GH36>0,"✔","-") -> - | BP36: =IF('Design Fee'!GI36>0,"✔","-") -> - | BR36: =IF('Design Fee'!HD36>0,"✔","-") -> - | BS36: =IF('Design Fee'!HE36>0,"✔","-") -> - | BT36: =IF('Design Fee'!HF36>0,"✔","-") -> - | BU36: =IF('Design Fee'!HG36>0,"✔","-") -> - | BV36: =IF('Design Fee'!HH36>0,"✔","-") -> - | BW36: =IF('Design Fee'!HJ36>0,"✔","-") -> - | BX36: =IF('Design Fee'!HK36>0,"✔","-") -> - | BY36: =IF('Design Fee'!HL36>0,"✔","-") -> - | BZ36: =IF('Design Fee'!HM36>0,"✔","-") -> - | CA36: =IF('Design Fee'!HN36>0,"✔","-") -> - | CC36: =IF('Design Fee'!II36>0,"✔","-") -> - | CE36: =IF('Design Fee'!IN36>0,"✔","-") -> - | CF36: =IF('Design Fee'!IO36>0,"✔","-") -> - | CG36: =IF('Design Fee'!IP36>0,"✔","-") -> - | CH36: =IF('Design Fee'!IQ36>0,"✔","-") -> - | CI36: =IF('Design Fee'!IR36>0,"✔","-") -> - | CJ36: =IF('Design Fee'!IT36>0,"✔","-") -> - | CK36: =IF('Design Fee'!IU36>0,"✔","-") -> - | CL36: =IF('Design Fee'!IV36>0,"✔","-") -> - | CM36: =IF('Design Fee'!IW36>0,"✔","-") -> - | CN36: =IF('Design Fee'!IX36>0,"✔","-") -> - | CP36: =IF('Design Fee'!JS36>0,"✔","-") -> - | CQ36: =IF('Design Fee'!JT36>0,"✔","-") -> - | CR36: =IF('Design Fee'!JU36>0,"✔","-") -> - | CS36: =IF('Design Fee'!JV36>0,"✔","-") -> - | CT36: =IF('Design Fee'!JW36>0,"✔","-") -> - | CU36: =IF('Design Fee'!JY36>0,"✔","-") -> - | CV36: =IF('Design Fee'!JZ36>0,"✔","-") -> - | CW36: =IF('Design Fee'!KA36>0,"✔","-") -> - | CX36: =IF('Design Fee'!KB36>0,"✔","-") -> - | CY36: =IF('Design Fee'!KC36>0,"✔","-") -> - | DA36: =IF('Design Fee'!KX36>0,"✔","-") -> - | DB36: =IF('Design Fee'!KY36>0,"✔","-") -> - | DC36: =IF('Design Fee'!KZ36>0,"✔","-") -> - | DD36: =IF('Design Fee'!LA36>0,"✔","-") -> - | DE36: =IF('Design Fee'!LB36>0,"✔","-") -> - | DF36: =IF('Design Fee'!LD36>0,"✔","-") -> - | DG36: =IF('Design Fee'!LE36>0,"✔","-") -> - | DH36: =IF('Design Fee'!LF36>0,"✔","-") -> - | DI36: =IF('Design Fee'!LG36>0,"✔","-") -> - | DJ36: =IF('Design Fee'!LH36>0,"✔","-") -> - | DL36: =IF('Design Fee'!MC36>0,"✔","-") -> - | DN36: =IF('Design Fee'!MH36>0,"✔","-") -> - | DO36: =IF('Design Fee'!MI36>0,"✔","-") -> - | DP36: =IF('Design Fee'!MJ36>0,"✔","-") -> - | DQ36: =IF('Design Fee'!MK36>0,"✔","-") -> - | DR36: =IF('Design Fee'!ML36>0,"✔","-") -> - | DS36: =IF('Design Fee'!MN36>0,"✔","-") -> - | DT36: =IF('Design Fee'!MO36>0,"✔","-") -> - | DU36: =IF('Design Fee'!MP36>0,"✔","-") -> - | DV36: =IF('Design Fee'!MQ36>0,"✔","-") -> - | DW36: =IF('Design Fee'!MR36>0,"✔","-") -> - | DY36: =IF('Design Fee'!NM36>0,"✔","-") -> - | DZ36: =IF('Design Fee'!NN36>0,"✔","-") -> - | EA36: =IF('Design Fee'!NO36>0,"✔","-") -> - | EB36: =IF('Design Fee'!NP36>0,"✔","-") -> - | EC36: =IF('Design Fee'!NQ36>0,"✔","-") -> - | ED36: =IF('Design Fee'!NS36>0,"✔","-") -> - | EE36: =IF('Design Fee'!NT36>0,"✔","-") -> - | EF36: =IF('Design Fee'!NU36>0,"✔","-") -> - | EG36: =IF('Design Fee'!NV36>0,"✔","-") -> - | EH36: =IF('Design Fee'!NW36>0,"✔","-") -> - | EJ36: =IF('Design Fee'!OR36>0,"✔","-") -> - | EK36: =IF('Design Fee'!OS36>0,"✔","-") -> - | EL36: =IF('Design Fee'!OT36>0,"✔","-") -> - | EM36: =IF('Design Fee'!OU36>0,"✔","-") -> - | EN36: =IF('Design Fee'!OV36>0,"✔","-") -> - | EO36: =IF('Design Fee'!OX36>0,"✔","-") -> - | EP36: =IF('Design Fee'!OY36>0,"✔","-") -> - | EQ36: =IF('Design Fee'!OZ36>0,"✔","-") -> - | ER36: =IF('Design Fee'!PA36>0,"✔","-") -> - | ES36: =IF('Design Fee'!PB36>0,"✔","-") -> -
C37: 7 | D37: Airport Authority | K37: =IF('Design Fee'!AU37>0,"✔","-") -> - | M37: =IF('Design Fee'!AZ37>0,"✔","-") -> - | N37: =IF('Design Fee'!BA37>0,"✔","-") -> - | O37: =IF('Design Fee'!BB37>0,"✔","-") -> - | P37: =IF('Design Fee'!BC37>0,"✔","-") -> - | Q37: =IF('Design Fee'!BD37>0,"✔","-") -> - | R37: =IF('Design Fee'!BF37>0,"✔","-") -> - | S37: =IF('Design Fee'!BG37>0,"✔","-") -> - | T37: =IF('Design Fee'!BH37>0,"✔","-") -> - | U37: =IF('Design Fee'!BI37>0,"✔","-") -> - | V37: =IF('Design Fee'!BJ37>0,"✔","-") -> - | X37: =IF('Design Fee'!CE37>0,"✔","-") -> - | Y37: =IF('Design Fee'!CF37>0,"✔","-") -> - | Z37: =IF('Design Fee'!CG37>0,"✔","-") -> - | AA37: =IF('Design Fee'!CH37>0,"✔","-") -> - | AB37: =IF('Design Fee'!CI37>0,"✔","-") -> - | AC37: =IF('Design Fee'!CK37>0,"✔","-") -> - | AD37: =IF('Design Fee'!CL37>0,"✔","-") -> - | AE37: =IF('Design Fee'!CM37>0,"✔","-") -> - | AF37: =IF('Design Fee'!CN37>0,"✔","-") -> - | AG37: =IF('Design Fee'!CO37>0,"✔","-") -> - | AI37: =IF('Design Fee'!DJ37>0,"✔","-") -> - | AJ37: =IF('Design Fee'!DK37>0,"✔","-") -> - | AK37: =IF('Design Fee'!DL37>0,"✔","-") -> - | AL37: =IF('Design Fee'!DM37>0,"✔","-") -> - | AM37: =IF('Design Fee'!DN37>0,"✔","-") -> - | AN37: =IF('Design Fee'!DP37>0,"✔","-") -> - | AO37: =IF('Design Fee'!DQ37>0,"✔","-") -> - | AP37: =IF('Design Fee'!DR37>0,"✔","-") -> - | AQ37: =IF('Design Fee'!DS37>0,"✔","-") -> - | AR37: =IF('Design Fee'!DT37>0,"✔","-") -> - | AT37: =IF('Design Fee'!EO37>0,"✔","-") -> - | AV37: =IF('Design Fee'!ET37>0,"✔","-") -> - | AW37: =IF('Design Fee'!EU37>0,"✔","-") -> - | AX37: =IF('Design Fee'!EV37>0,"✔","-") -> - | AY37: =IF('Design Fee'!EW37>0,"✔","-") -> - | AZ37: =IF('Design Fee'!EX37>0,"✔","-") -> - | BA37: =IF('Design Fee'!EZ37>0,"✔","-") -> - | BB37: =IF('Design Fee'!FA37>0,"✔","-") -> - | BC37: =IF('Design Fee'!FB37>0,"✔","-") -> - | BD37: =IF('Design Fee'!FC37>0,"✔","-") -> - | BE37: =IF('Design Fee'!FD37>0,"✔","-") -> - | BG37: =IF('Design Fee'!FY37>0,"✔","-") -> - | BH37: =IF('Design Fee'!FZ37>0,"✔","-") -> - | BI37: =IF('Design Fee'!GA37>0,"✔","-") -> - | BJ37: =IF('Design Fee'!GB37>0,"✔","-") -> - | BK37: =IF('Design Fee'!GC37>0,"✔","-") -> - | BL37: =IF('Design Fee'!GE37>0,"✔","-") -> - | BM37: =IF('Design Fee'!GF37>0,"✔","-") -> - | BN37: =IF('Design Fee'!GG37>0,"✔","-") -> - | BO37: =IF('Design Fee'!GH37>0,"✔","-") -> - | BP37: =IF('Design Fee'!GI37>0,"✔","-") -> - | BR37: =IF('Design Fee'!HD37>0,"✔","-") -> - | BS37: =IF('Design Fee'!HE37>0,"✔","-") -> - | BT37: =IF('Design Fee'!HF37>0,"✔","-") -> - | BU37: =IF('Design Fee'!HG37>0,"✔","-") -> - | BV37: =IF('Design Fee'!HH37>0,"✔","-") -> - | BW37: =IF('Design Fee'!HJ37>0,"✔","-") -> - | BX37: =IF('Design Fee'!HK37>0,"✔","-") -> - | BY37: =IF('Design Fee'!HL37>0,"✔","-") -> - | BZ37: =IF('Design Fee'!HM37>0,"✔","-") -> - | CA37: =IF('Design Fee'!HN37>0,"✔","-") -> - | CC37: =IF('Design Fee'!II37>0,"✔","-") -> - | CE37: =IF('Design Fee'!IN37>0,"✔","-") -> - | CF37: =IF('Design Fee'!IO37>0,"✔","-") -> - | CG37: =IF('Design Fee'!IP37>0,"✔","-") -> - | CH37: =IF('Design Fee'!IQ37>0,"✔","-") -> - | CI37: =IF('Design Fee'!IR37>0,"✔","-") -> - | CJ37: =IF('Design Fee'!IT37>0,"✔","-") -> - | CK37: =IF('Design Fee'!IU37>0,"✔","-") -> - | CL37: =IF('Design Fee'!IV37>0,"✔","-") -> - | CM37: =IF('Design Fee'!IW37>0,"✔","-") -> - | CN37: =IF('Design Fee'!IX37>0,"✔","-") -> - | CP37: =IF('Design Fee'!JS37>0,"✔","-") -> - | CQ37: =IF('Design Fee'!JT37>0,"✔","-") -> - | CR37: =IF('Design Fee'!JU37>0,"✔","-") -> - | CS37: =IF('Design Fee'!JV37>0,"✔","-") -> - | CT37: =IF('Design Fee'!JW37>0,"✔","-") -> - | CU37: =IF('Design Fee'!JY37>0,"✔","-") -> - | CV37: =IF('Design Fee'!JZ37>0,"✔","-") -> - | CW37: =IF('Design Fee'!KA37>0,"✔","-") -> - | CX37: =IF('Design Fee'!KB37>0,"✔","-") -> - | CY37: =IF('Design Fee'!KC37>0,"✔","-") -> - | DA37: =IF('Design Fee'!KX37>0,"✔","-") -> - | DB37: =IF('Design Fee'!KY37>0,"✔","-") -> - | DC37: =IF('Design Fee'!KZ37>0,"✔","-") -> - | DD37: =IF('Design Fee'!LA37>0,"✔","-") -> - | DE37: =IF('Design Fee'!LB37>0,"✔","-") -> - | DF37: =IF('Design Fee'!LD37>0,"✔","-") -> - | DG37: =IF('Design Fee'!LE37>0,"✔","-") -> - | DH37: =IF('Design Fee'!LF37>0,"✔","-") -> - | DI37: =IF('Design Fee'!LG37>0,"✔","-") -> - | DJ37: =IF('Design Fee'!LH37>0,"✔","-") -> - | DL37: =IF('Design Fee'!MC37>0,"✔","-") -> - | DN37: =IF('Design Fee'!MH37>0,"✔","-") -> - | DO37: =IF('Design Fee'!MI37>0,"✔","-") -> - | DP37: =IF('Design Fee'!MJ37>0,"✔","-") -> - | DQ37: =IF('Design Fee'!MK37>0,"✔","-") -> - | DR37: =IF('Design Fee'!ML37>0,"✔","-") -> - | DS37: =IF('Design Fee'!MN37>0,"✔","-") -> - | DT37: =IF('Design Fee'!MO37>0,"✔","-") -> - | DU37: =IF('Design Fee'!MP37>0,"✔","-") -> - | DV37: =IF('Design Fee'!MQ37>0,"✔","-") -> - | DW37: =IF('Design Fee'!MR37>0,"✔","-") -> - | DY37: =IF('Design Fee'!NM37>0,"✔","-") -> - | DZ37: =IF('Design Fee'!NN37>0,"✔","-") -> - | EA37: =IF('Design Fee'!NO37>0,"✔","-") -> - | EB37: =IF('Design Fee'!NP37>0,"✔","-") -> - | EC37: =IF('Design Fee'!NQ37>0,"✔","-") -> - | ED37: =IF('Design Fee'!NS37>0,"✔","-") -> - | EE37: =IF('Design Fee'!NT37>0,"✔","-") -> - | EF37: =IF('Design Fee'!NU37>0,"✔","-") -> - | EG37: =IF('Design Fee'!NV37>0,"✔","-") -> - | EH37: =IF('Design Fee'!NW37>0,"✔","-") -> - | EJ37: =IF('Design Fee'!OR37>0,"✔","-") -> - | EK37: =IF('Design Fee'!OS37>0,"✔","-") -> - | EL37: =IF('Design Fee'!OT37>0,"✔","-") -> - | EM37: =IF('Design Fee'!OU37>0,"✔","-") -> - | EN37: =IF('Design Fee'!OV37>0,"✔","-") -> - | EO37: =IF('Design Fee'!OX37>0,"✔","-") -> - | EP37: =IF('Design Fee'!OY37>0,"✔","-") -> - | EQ37: =IF('Design Fee'!OZ37>0,"✔","-") -> - | ER37: =IF('Design Fee'!PA37>0,"✔","-") -> - | ES37: =IF('Design Fee'!PB37>0,"✔","-") -> -
C39: 5 | D39: Marketing and Sales | F39: =COUNTIF('Design Fee'!AU39,">0")+COUNTIF('Design Fee'!EO39,">0")+COUNTIF('Design Fee'!II39,">0")+COUNTIF('Design Fee'!ME39,">0") -> 4 | G39: =COUNTIF('Design Fee'!AX39,">0")+COUNTIF('Design Fee'!ER39,">0")+COUNTIF('Design Fee'!IL39,">0")+COUNTIF('Design Fee'!MF39,">0") -> 4 | H39: =COUNTIF('Design Fee'!AY39,">0")+COUNTIF('Design Fee'!ES39,">0")+COUNTIF('Design Fee'!IM39,">0")+COUNTIF('Design Fee'!MG39,">0") -> 4 | I39: =F39-G39 -> 0 | K39: =IF('Design Fee'!AU44>0,"✔","-") -> ✔ | M39: =IF('Design Fee'!AZ44>0,"✔","-") -> - | N39: =IF('Design Fee'!BA44>0,"✔","-") -> - | O39: =IF('Design Fee'!BB44>0,"✔","-") -> - | P39: =IF('Design Fee'!BC44>0,"✔","-") -> - | Q39: =IF('Design Fee'!BD44>0,"✔","-") -> - | R39: =IF('Design Fee'!BF44>0,"✔","-") -> - | S39: =IF('Design Fee'!BG44>0,"✔","-") -> - | T39: =IF('Design Fee'!BH44>0,"✔","-") -> - | U39: =IF('Design Fee'!BI44>0,"✔","-") -> - | V39: =IF('Design Fee'!BJ44>0,"✔","-") -> - | X39: =IF('Design Fee'!CE44>0,"✔","-") -> - | Y39: =IF('Design Fee'!CF44>0,"✔","-") -> - | Z39: =IF('Design Fee'!CG44>0,"✔","-") -> - | AA39: =IF('Design Fee'!CH44>0,"✔","-") -> - | AB39: =IF('Design Fee'!CI44>0,"✔","-") -> - | AC39: =IF('Design Fee'!CK44>0,"✔","-") -> - | AD39: =IF('Design Fee'!CL44>0,"✔","-") -> - | AE39: =IF('Design Fee'!CM44>0,"✔","-") -> - | AF39: =IF('Design Fee'!CN44>0,"✔","-") -> - | AG39: =IF('Design Fee'!CO44>0,"✔","-") -> - | AI39: =IF('Design Fee'!DJ44>0,"✔","-") -> - | AJ39: =IF('Design Fee'!DK44>0,"✔","-") -> - | AK39: =IF('Design Fee'!DL44>0,"✔","-") -> - | AL39: =IF('Design Fee'!DM44>0,"✔","-") -> - | AM39: =IF('Design Fee'!DN44>0,"✔","-") -> - | AN39: =IF('Design Fee'!DP44>0,"✔","-") -> - | AO39: =IF('Design Fee'!DQ44>0,"✔","-") -> - | AP39: =IF('Design Fee'!DR44>0,"✔","-") -> - | AQ39: =IF('Design Fee'!DS44>0,"✔","-") -> - | AR39: =IF('Design Fee'!DT44>0,"✔","-") -> - | AT39: =IF('Design Fee'!EO44>0,"✔","-") -> - | AV39: =IF('Design Fee'!ET44>0,"✔","-") -> - | AW39: =IF('Design Fee'!EU44>0,"✔","-") -> - | AX39: =IF('Design Fee'!EV44>0,"✔","-") -> - | AY39: =IF('Design Fee'!EW44>0,"✔","-") -> - | AZ39: =IF('Design Fee'!EX44>0,"✔","-") -> - | BA39: =IF('Design Fee'!EZ44>0,"✔","-") -> - | BB39: =IF('Design Fee'!FA44>0,"✔","-") -> - | BC39: =IF('Design Fee'!FB44>0,"✔","-") -> - | BD39: =IF('Design Fee'!FC44>0,"✔","-") -> - | BE39: =IF('Design Fee'!FD44>0,"✔","-") -> - | BG39: =IF('Design Fee'!FY44>0,"✔","-") -> - | BH39: =IF('Design Fee'!FZ44>0,"✔","-") -> - | BI39: =IF('Design Fee'!GA44>0,"✔","-") -> - | BJ39: =IF('Design Fee'!GB44>0,"✔","-") -> - | BK39: =IF('Design Fee'!GC44>0,"✔","-") -> - | BL39: =IF('Design Fee'!GE44>0,"✔","-") -> - | BM39: =IF('Design Fee'!GF44>0,"✔","-") -> - | BN39: =IF('Design Fee'!GG44>0,"✔","-") -> - | BO39: =IF('Design Fee'!GH44>0,"✔","-") -> - | BP39: =IF('Design Fee'!GI44>0,"✔","-") -> - | BR39: =IF('Design Fee'!HD44>0,"✔","-") -> - | BS39: =IF('Design Fee'!HE44>0,"✔","-") -> - | BT39: =IF('Design Fee'!HF44>0,"✔","-") -> - | BU39: =IF('Design Fee'!HG44>0,"✔","-") -> - | BV39: =IF('Design Fee'!HH44>0,"✔","-") -> - | BW39: =IF('Design Fee'!HJ44>0,"✔","-") -> - | BX39: =IF('Design Fee'!HK44>0,"✔","-") -> - | BY39: =IF('Design Fee'!HL44>0,"✔","-") -> - | BZ39: =IF('Design Fee'!HM44>0,"✔","-") -> - | CA39: =IF('Design Fee'!HN44>0,"✔","-") -> - | CC39: =IF('Design Fee'!II44>0,"✔","-") -> - | CE39: =IF('Design Fee'!IN44>0,"✔","-") -> - | CF39: =IF('Design Fee'!IO44>0,"✔","-") -> - | CG39: =IF('Design Fee'!IP44>0,"✔","-") -> - | CH39: =IF('Design Fee'!IQ44>0,"✔","-") -> - | CI39: =IF('Design Fee'!IR44>0,"✔","-") -> - | CJ39: =IF('Design Fee'!IT44>0,"✔","-") -> - | CK39: =IF('Design Fee'!IU44>0,"✔","-") -> - | CL39: =IF('Design Fee'!IV44>0,"✔","-") -> - | CM39: =IF('Design Fee'!IW44>0,"✔","-") -> - | CN39: =IF('Design Fee'!IX44>0,"✔","-") -> - | CP39: =IF('Design Fee'!JS44>0,"✔","-") -> - | CQ39: =IF('Design Fee'!JT44>0,"✔","-") -> - | CR39: =IF('Design Fee'!JU44>0,"✔","-") -> - | CS39: =IF('Design Fee'!JV44>0,"✔","-") -> - | CT39: =IF('Design Fee'!JW44>0,"✔","-") -> - | CU39: =IF('Design Fee'!JY44>0,"✔","-") -> - | CV39: =IF('Design Fee'!JZ44>0,"✔","-") -> - | CW39: =IF('Design Fee'!KA44>0,"✔","-") -> - | CX39: =IF('Design Fee'!KB44>0,"✔","-") -> - | CY39: =IF('Design Fee'!KC44>0,"✔","-") -> - | DA39: =IF('Design Fee'!KX44>0,"✔","-") -> - | DB39: =IF('Design Fee'!KY44>0,"✔","-") -> - | DC39: =IF('Design Fee'!KZ44>0,"✔","-") -> - | DD39: =IF('Design Fee'!LA44>0,"✔","-") -> - | DE39: =IF('Design Fee'!LB44>0,"✔","-") -> - | DF39: =IF('Design Fee'!LD44>0,"✔","-") -> - | DG39: =IF('Design Fee'!LE44>0,"✔","-") -> - | DH39: =IF('Design Fee'!LF44>0,"✔","-") -> - | DI39: =IF('Design Fee'!LG44>0,"✔","-") -> - | DJ39: =IF('Design Fee'!LH44>0,"✔","-") -> - | DL39: =IF('Design Fee'!MC44>0,"✔","-") -> ✔ | DN39: =IF('Design Fee'!MH44>0,"✔","-") -> - | DO39: =IF('Design Fee'!MI44>0,"✔","-") -> - | DP39: =IF('Design Fee'!MJ44>0,"✔","-") -> - | DQ39: =IF('Design Fee'!MK44>0,"✔","-") -> - | DR39: =IF('Design Fee'!ML44>0,"✔","-") -> - | DS39: =IF('Design Fee'!MN44>0,"✔","-") -> - | DT39: =IF('Design Fee'!MO44>0,"✔","-") -> - | DU39: =IF('Design Fee'!MP44>0,"✔","-") -> - | DV39: =IF('Design Fee'!MQ44>0,"✔","-") -> - | DW39: =IF('Design Fee'!MR44>0,"✔","-") -> - | DY39: =IF('Design Fee'!NM44>0,"✔","-") -> - | DZ39: =IF('Design Fee'!NN44>0,"✔","-") -> - | EA39: =IF('Design Fee'!NO44>0,"✔","-") -> - | EB39: =IF('Design Fee'!NP44>0,"✔","-") -> - | EC39: =IF('Design Fee'!NQ44>0,"✔","-") -> - | ED39: =IF('Design Fee'!NS44>0,"✔","-") -> - | EE39: =IF('Design Fee'!NT44>0,"✔","-") -> - | EF39: =IF('Design Fee'!NU44>0,"✔","-") -> - | EG39: =IF('Design Fee'!NV44>0,"✔","-") -> - | EH39: =IF('Design Fee'!NW44>0,"✔","-") -> - | EJ39: =IF('Design Fee'!OR44>0,"✔","-") -> - | EK39: =IF('Design Fee'!OS44>0,"✔","-") -> - | EL39: =IF('Design Fee'!OT44>0,"✔","-") -> - | EM39: =IF('Design Fee'!OU44>0,"✔","-") -> - | EN39: =IF('Design Fee'!OV44>0,"✔","-") -> - | EO39: =IF('Design Fee'!OX44>0,"✔","-") -> - | EP39: =IF('Design Fee'!OY44>0,"✔","-") -> - | EQ39: =IF('Design Fee'!OZ44>0,"✔","-") -> - | ER39: =IF('Design Fee'!PA44>0,"✔","-") -> - | ES39: =IF('Design Fee'!PB44>0,"✔","-") -> -
C40: 1 | D40: Masterplan | K40: =IF('Design Fee'!AU45>0,"✔","-") -> - | M40: =IF('Design Fee'!AZ45>0,"✔","-") -> - | N40: =IF('Design Fee'!BA45>0,"✔","-") -> - | O40: =IF('Design Fee'!BB45>0,"✔","-") -> - | P40: =IF('Design Fee'!BC45>0,"✔","-") -> - | Q40: =IF('Design Fee'!BD45>0,"✔","-") -> - | R40: =IF('Design Fee'!BF45>0,"✔","-") -> - | S40: =IF('Design Fee'!BG45>0,"✔","-") -> - | T40: =IF('Design Fee'!BH45>0,"✔","-") -> - | U40: =IF('Design Fee'!BI45>0,"✔","-") -> - | V40: =IF('Design Fee'!BJ45>0,"✔","-") -> - | X40: =IF('Design Fee'!CE45>0,"✔","-") -> - | Y40: =IF('Design Fee'!CF45>0,"✔","-") -> - | Z40: =IF('Design Fee'!CG45>0,"✔","-") -> - | AA40: =IF('Design Fee'!CH45>0,"✔","-") -> - | AB40: =IF('Design Fee'!CI45>0,"✔","-") -> - | AC40: =IF('Design Fee'!CK45>0,"✔","-") -> - | AD40: =IF('Design Fee'!CL45>0,"✔","-") -> - | AE40: =IF('Design Fee'!CM45>0,"✔","-") -> - | AF40: =IF('Design Fee'!CN45>0,"✔","-") -> - | AG40: =IF('Design Fee'!CO45>0,"✔","-") -> - | AI40: =IF('Design Fee'!DJ45>0,"✔","-") -> - | AJ40: =IF('Design Fee'!DK45>0,"✔","-") -> - | AK40: =IF('Design Fee'!DL45>0,"✔","-") -> - | AL40: =IF('Design Fee'!DM45>0,"✔","-") -> - | AM40: =IF('Design Fee'!DN45>0,"✔","-") -> - | AN40: =IF('Design Fee'!DP45>0,"✔","-") -> - | AO40: =IF('Design Fee'!DQ45>0,"✔","-") -> - | AP40: =IF('Design Fee'!DR45>0,"✔","-") -> - | AQ40: =IF('Design Fee'!DS45>0,"✔","-") -> - | AR40: =IF('Design Fee'!DT45>0,"✔","-") -> - | AT40: =IF('Design Fee'!EO45>0,"✔","-") -> - | AV40: =IF('Design Fee'!ET45>0,"✔","-") -> - | AW40: =IF('Design Fee'!EU45>0,"✔","-") -> - | AX40: =IF('Design Fee'!EV45>0,"✔","-") -> - | AY40: =IF('Design Fee'!EW45>0,"✔","-") -> - | AZ40: =IF('Design Fee'!EX45>0,"✔","-") -> - | BA40: =IF('Design Fee'!EZ45>0,"✔","-") -> - | BB40: =IF('Design Fee'!FA45>0,"✔","-") -> - | BC40: =IF('Design Fee'!FB45>0,"✔","-") -> - | BD40: =IF('Design Fee'!FC45>0,"✔","-") -> - | BE40: =IF('Design Fee'!FD45>0,"✔","-") -> - | BG40: =IF('Design Fee'!FY45>0,"✔","-") -> - | BH40: =IF('Design Fee'!FZ45>0,"✔","-") -> - | BI40: =IF('Design Fee'!GA45>0,"✔","-") -> - | BJ40: =IF('Design Fee'!GB45>0,"✔","-") -> - | BK40: =IF('Design Fee'!GC45>0,"✔","-") -> - | BL40: =IF('Design Fee'!GE45>0,"✔","-") -> - | BM40: =IF('Design Fee'!GF45>0,"✔","-") -> - | BN40: =IF('Design Fee'!GG45>0,"✔","-") -> - | BO40: =IF('Design Fee'!GH45>0,"✔","-") -> - | BP40: =IF('Design Fee'!GI45>0,"✔","-") -> - | BR40: =IF('Design Fee'!HD45>0,"✔","-") -> - | BS40: =IF('Design Fee'!HE45>0,"✔","-") -> - | BT40: =IF('Design Fee'!HF45>0,"✔","-") -> - | BU40: =IF('Design Fee'!HG45>0,"✔","-") -> - | BV40: =IF('Design Fee'!HH45>0,"✔","-") -> - | BW40: =IF('Design Fee'!HJ45>0,"✔","-") -> - | BX40: =IF('Design Fee'!HK45>0,"✔","-") -> - | BY40: =IF('Design Fee'!HL45>0,"✔","-") -> - | BZ40: =IF('Design Fee'!HM45>0,"✔","-") -> - | CA40: =IF('Design Fee'!HN45>0,"✔","-") -> - | CC40: =IF('Design Fee'!II45>0,"✔","-") -> - | CE40: =IF('Design Fee'!IN45>0,"✔","-") -> - | CF40: =IF('Design Fee'!IO45>0,"✔","-") -> - | CG40: =IF('Design Fee'!IP45>0,"✔","-") -> - | CH40: =IF('Design Fee'!IQ45>0,"✔","-") -> - | CI40: =IF('Design Fee'!IR45>0,"✔","-") -> - | CJ40: =IF('Design Fee'!IT45>0,"✔","-") -> - | CK40: =IF('Design Fee'!IU45>0,"✔","-") -> - | CL40: =IF('Design Fee'!IV45>0,"✔","-") -> - | CM40: =IF('Design Fee'!IW45>0,"✔","-") -> - | CN40: =IF('Design Fee'!IX45>0,"✔","-") -> - | CP40: =IF('Design Fee'!JS45>0,"✔","-") -> - | CQ40: =IF('Design Fee'!JT45>0,"✔","-") -> - | CR40: =IF('Design Fee'!JU45>0,"✔","-") -> - | CS40: =IF('Design Fee'!JV45>0,"✔","-") -> - | CT40: =IF('Design Fee'!JW45>0,"✔","-") -> - | CU40: =IF('Design Fee'!JY45>0,"✔","-") -> - | CV40: =IF('Design Fee'!JZ45>0,"✔","-") -> - | CW40: =IF('Design Fee'!KA45>0,"✔","-") -> - | CX40: =IF('Design Fee'!KB45>0,"✔","-") -> - | CY40: =IF('Design Fee'!KC45>0,"✔","-") -> - | DA40: =IF('Design Fee'!KX45>0,"✔","-") -> - | DB40: =IF('Design Fee'!KY45>0,"✔","-") -> - | DC40: =IF('Design Fee'!KZ45>0,"✔","-") -> - | DD40: =IF('Design Fee'!LA45>0,"✔","-") -> - | DE40: =IF('Design Fee'!LB45>0,"✔","-") -> - | DF40: =IF('Design Fee'!LD45>0,"✔","-") -> - | DG40: =IF('Design Fee'!LE45>0,"✔","-") -> - | DH40: =IF('Design Fee'!LF45>0,"✔","-") -> - | DI40: =IF('Design Fee'!LG45>0,"✔","-") -> - | DJ40: =IF('Design Fee'!LH45>0,"✔","-") -> - | DL40: =IF('Design Fee'!MC45>0,"✔","-") -> - | DN40: =IF('Design Fee'!MH45>0,"✔","-") -> - | DO40: =IF('Design Fee'!MI45>0,"✔","-") -> - | DP40: =IF('Design Fee'!MJ45>0,"✔","-") -> - | DQ40: =IF('Design Fee'!MK45>0,"✔","-") -> - | DR40: =IF('Design Fee'!ML45>0,"✔","-") -> - | DS40: =IF('Design Fee'!MN45>0,"✔","-") -> - | DT40: =IF('Design Fee'!MO45>0,"✔","-") -> - | DU40: =IF('Design Fee'!MP45>0,"✔","-") -> - | DV40: =IF('Design Fee'!MQ45>0,"✔","-") -> - | DW40: =IF('Design Fee'!MR45>0,"✔","-") -> - | DY40: =IF('Design Fee'!NM45>0,"✔","-") -> - | DZ40: =IF('Design Fee'!NN45>0,"✔","-") -> - | EA40: =IF('Design Fee'!NO45>0,"✔","-") -> - | EB40: =IF('Design Fee'!NP45>0,"✔","-") -> - | EC40: =IF('Design Fee'!NQ45>0,"✔","-") -> - | ED40: =IF('Design Fee'!NS45>0,"✔","-") -> - | EE40: =IF('Design Fee'!NT45>0,"✔","-") -> - | EF40: =IF('Design Fee'!NU45>0,"✔","-") -> - | EG40: =IF('Design Fee'!NV45>0,"✔","-") -> - | EH40: =IF('Design Fee'!NW45>0,"✔","-") -> - | EJ40: =IF('Design Fee'!OR45>0,"✔","-") -> - | EK40: =IF('Design Fee'!OS45>0,"✔","-") -> - | EL40: =IF('Design Fee'!OT45>0,"✔","-") -> - | EM40: =IF('Design Fee'!OU45>0,"✔","-") -> - | EN40: =IF('Design Fee'!OV45>0,"✔","-") -> - | EO40: =IF('Design Fee'!OX45>0,"✔","-") -> - | EP40: =IF('Design Fee'!OY45>0,"✔","-") -> - | EQ40: =IF('Design Fee'!OZ45>0,"✔","-") -> - | ER40: =IF('Design Fee'!PA45>0,"✔","-") -> - | ES40: =IF('Design Fee'!PB45>0,"✔","-") -> -
C41: 2 | D41: Blocks | K41: =IF('Design Fee'!AU46>0,"✔","-") -> - | M41: =IF('Design Fee'!AZ46>0,"✔","-") -> - | N41: =IF('Design Fee'!BA46>0,"✔","-") -> - | O41: =IF('Design Fee'!BB46>0,"✔","-") -> - | P41: =IF('Design Fee'!BC46>0,"✔","-") -> - | Q41: =IF('Design Fee'!BD46>0,"✔","-") -> - | R41: =IF('Design Fee'!BF46>0,"✔","-") -> - | S41: =IF('Design Fee'!BG46>0,"✔","-") -> - | T41: =IF('Design Fee'!BH46>0,"✔","-") -> - | U41: =IF('Design Fee'!BI46>0,"✔","-") -> - | V41: =IF('Design Fee'!BJ46>0,"✔","-") -> - | X41: =IF('Design Fee'!CE46>0,"✔","-") -> - | Y41: =IF('Design Fee'!CF46>0,"✔","-") -> - | Z41: =IF('Design Fee'!CG46>0,"✔","-") -> - | AA41: =IF('Design Fee'!CH46>0,"✔","-") -> - | AB41: =IF('Design Fee'!CI46>0,"✔","-") -> - | AC41: =IF('Design Fee'!CK46>0,"✔","-") -> - | AD41: =IF('Design Fee'!CL46>0,"✔","-") -> - | AE41: =IF('Design Fee'!CM46>0,"✔","-") -> - | AF41: =IF('Design Fee'!CN46>0,"✔","-") -> - | AG41: =IF('Design Fee'!CO46>0,"✔","-") -> - | AI41: =IF('Design Fee'!DJ46>0,"✔","-") -> - | AJ41: =IF('Design Fee'!DK46>0,"✔","-") -> - | AK41: =IF('Design Fee'!DL46>0,"✔","-") -> - | AL41: =IF('Design Fee'!DM46>0,"✔","-") -> - | AM41: =IF('Design Fee'!DN46>0,"✔","-") -> - | AN41: =IF('Design Fee'!DP46>0,"✔","-") -> - | AO41: =IF('Design Fee'!DQ46>0,"✔","-") -> - | AP41: =IF('Design Fee'!DR46>0,"✔","-") -> - | AQ41: =IF('Design Fee'!DS46>0,"✔","-") -> - | AR41: =IF('Design Fee'!DT46>0,"✔","-") -> - | AT41: =IF('Design Fee'!EO46>0,"✔","-") -> - | AV41: =IF('Design Fee'!ET46>0,"✔","-") -> - | AW41: =IF('Design Fee'!EU46>0,"✔","-") -> - | AX41: =IF('Design Fee'!EV46>0,"✔","-") -> - | AY41: =IF('Design Fee'!EW46>0,"✔","-") -> - | AZ41: =IF('Design Fee'!EX46>0,"✔","-") -> - | BA41: =IF('Design Fee'!EZ46>0,"✔","-") -> - | BB41: =IF('Design Fee'!FA46>0,"✔","-") -> - | BC41: =IF('Design Fee'!FB46>0,"✔","-") -> - | BD41: =IF('Design Fee'!FC46>0,"✔","-") -> - | BE41: =IF('Design Fee'!FD46>0,"✔","-") -> - | BG41: =IF('Design Fee'!FY46>0,"✔","-") -> - | BH41: =IF('Design Fee'!FZ46>0,"✔","-") -> - | BI41: =IF('Design Fee'!GA46>0,"✔","-") -> - | BJ41: =IF('Design Fee'!GB46>0,"✔","-") -> - | BK41: =IF('Design Fee'!GC46>0,"✔","-") -> - | BL41: =IF('Design Fee'!GE46>0,"✔","-") -> - | BM41: =IF('Design Fee'!GF46>0,"✔","-") -> - | BN41: =IF('Design Fee'!GG46>0,"✔","-") -> - | BO41: =IF('Design Fee'!GH46>0,"✔","-") -> - | BP41: =IF('Design Fee'!GI46>0,"✔","-") -> - | BR41: =IF('Design Fee'!HD46>0,"✔","-") -> - | BS41: =IF('Design Fee'!HE46>0,"✔","-") -> - | BT41: =IF('Design Fee'!HF46>0,"✔","-") -> - | BU41: =IF('Design Fee'!HG46>0,"✔","-") -> - | BV41: =IF('Design Fee'!HH46>0,"✔","-") -> - | BW41: =IF('Design Fee'!HJ46>0,"✔","-") -> - | BX41: =IF('Design Fee'!HK46>0,"✔","-") -> - | BY41: =IF('Design Fee'!HL46>0,"✔","-") -> - | BZ41: =IF('Design Fee'!HM46>0,"✔","-") -> - | CA41: =IF('Design Fee'!HN46>0,"✔","-") -> - | CC41: =IF('Design Fee'!II46>0,"✔","-") -> - | CE41: =IF('Design Fee'!IN46>0,"✔","-") -> - | CF41: =IF('Design Fee'!IO46>0,"✔","-") -> - | CG41: =IF('Design Fee'!IP46>0,"✔","-") -> - | CH41: =IF('Design Fee'!IQ46>0,"✔","-") -> - | CI41: =IF('Design Fee'!IR46>0,"✔","-") -> - | CJ41: =IF('Design Fee'!IT46>0,"✔","-") -> - | CK41: =IF('Design Fee'!IU46>0,"✔","-") -> - | CL41: =IF('Design Fee'!IV46>0,"✔","-") -> - | CM41: =IF('Design Fee'!IW46>0,"✔","-") -> - | CN41: =IF('Design Fee'!IX46>0,"✔","-") -> - | CP41: =IF('Design Fee'!JS46>0,"✔","-") -> - | CQ41: =IF('Design Fee'!JT46>0,"✔","-") -> - | CR41: =IF('Design Fee'!JU46>0,"✔","-") -> - | CS41: =IF('Design Fee'!JV46>0,"✔","-") -> - | CT41: =IF('Design Fee'!JW46>0,"✔","-") -> - | CU41: =IF('Design Fee'!JY46>0,"✔","-") -> - | CV41: =IF('Design Fee'!JZ46>0,"✔","-") -> - | CW41: =IF('Design Fee'!KA46>0,"✔","-") -> - | CX41: =IF('Design Fee'!KB46>0,"✔","-") -> - | CY41: =IF('Design Fee'!KC46>0,"✔","-") -> - | DA41: =IF('Design Fee'!KX46>0,"✔","-") -> - | DB41: =IF('Design Fee'!KY46>0,"✔","-") -> - | DC41: =IF('Design Fee'!KZ46>0,"✔","-") -> - | DD41: =IF('Design Fee'!LA46>0,"✔","-") -> - | DE41: =IF('Design Fee'!LB46>0,"✔","-") -> - | DF41: =IF('Design Fee'!LD46>0,"✔","-") -> - | DG41: =IF('Design Fee'!LE46>0,"✔","-") -> - | DH41: =IF('Design Fee'!LF46>0,"✔","-") -> - | DI41: =IF('Design Fee'!LG46>0,"✔","-") -> - | DJ41: =IF('Design Fee'!LH46>0,"✔","-") -> - | DL41: =IF('Design Fee'!MC46>0,"✔","-") -> - | DN41: =IF('Design Fee'!MH46>0,"✔","-") -> - | DO41: =IF('Design Fee'!MI46>0,"✔","-") -> - | DP41: =IF('Design Fee'!MJ46>0,"✔","-") -> - | DQ41: =IF('Design Fee'!MK46>0,"✔","-") -> - | DR41: =IF('Design Fee'!ML46>0,"✔","-") -> - | DS41: =IF('Design Fee'!MN46>0,"✔","-") -> - | DT41: =IF('Design Fee'!MO46>0,"✔","-") -> - | DU41: =IF('Design Fee'!MP46>0,"✔","-") -> - | DV41: =IF('Design Fee'!MQ46>0,"✔","-") -> - | DW41: =IF('Design Fee'!MR46>0,"✔","-") -> - | DY41: =IF('Design Fee'!NM46>0,"✔","-") -> - | DZ41: =IF('Design Fee'!NN46>0,"✔","-") -> - | EA41: =IF('Design Fee'!NO46>0,"✔","-") -> - | EB41: =IF('Design Fee'!NP46>0,"✔","-") -> - | EC41: =IF('Design Fee'!NQ46>0,"✔","-") -> - | ED41: =IF('Design Fee'!NS46>0,"✔","-") -> - | EE41: =IF('Design Fee'!NT46>0,"✔","-") -> - | EF41: =IF('Design Fee'!NU46>0,"✔","-") -> - | EG41: =IF('Design Fee'!NV46>0,"✔","-") -> - | EH41: =IF('Design Fee'!NW46>0,"✔","-") -> - | EJ41: =IF('Design Fee'!OR46>0,"✔","-") -> - | EK41: =IF('Design Fee'!OS46>0,"✔","-") -> - | EL41: =IF('Design Fee'!OT46>0,"✔","-") -> - | EM41: =IF('Design Fee'!OU46>0,"✔","-") -> - | EN41: =IF('Design Fee'!OV46>0,"✔","-") -> - | EO41: =IF('Design Fee'!OX46>0,"✔","-") -> - | EP41: =IF('Design Fee'!OY46>0,"✔","-") -> - | EQ41: =IF('Design Fee'!OZ46>0,"✔","-") -> - | ER41: =IF('Design Fee'!PA46>0,"✔","-") -> - | ES41: =IF('Design Fee'!PB46>0,"✔","-") -> -
C42: 3 | D42: Products | K42: =IF('Design Fee'!AU47>0,"✔","-") -> - | M42: =IF('Design Fee'!AZ47>0,"✔","-") -> - | N42: =IF('Design Fee'!BA47>0,"✔","-") -> - | O42: =IF('Design Fee'!BB47>0,"✔","-") -> - | P42: =IF('Design Fee'!BC47>0,"✔","-") -> - | Q42: =IF('Design Fee'!BD47>0,"✔","-") -> - | R42: =IF('Design Fee'!BF47>0,"✔","-") -> - | S42: =IF('Design Fee'!BG47>0,"✔","-") -> - | T42: =IF('Design Fee'!BH47>0,"✔","-") -> - | U42: =IF('Design Fee'!BI47>0,"✔","-") -> - | V42: =IF('Design Fee'!BJ47>0,"✔","-") -> - | X42: =IF('Design Fee'!CE47>0,"✔","-") -> - | Y42: =IF('Design Fee'!CF47>0,"✔","-") -> - | Z42: =IF('Design Fee'!CG47>0,"✔","-") -> - | AA42: =IF('Design Fee'!CH47>0,"✔","-") -> - | AB42: =IF('Design Fee'!CI47>0,"✔","-") -> - | AC42: =IF('Design Fee'!CK47>0,"✔","-") -> - | AD42: =IF('Design Fee'!CL47>0,"✔","-") -> - | AE42: =IF('Design Fee'!CM47>0,"✔","-") -> - | AF42: =IF('Design Fee'!CN47>0,"✔","-") -> - | AG42: =IF('Design Fee'!CO47>0,"✔","-") -> - | AI42: =IF('Design Fee'!DJ47>0,"✔","-") -> - | AJ42: =IF('Design Fee'!DK47>0,"✔","-") -> - | AK42: =IF('Design Fee'!DL47>0,"✔","-") -> - | AL42: =IF('Design Fee'!DM47>0,"✔","-") -> - | AM42: =IF('Design Fee'!DN47>0,"✔","-") -> - | AN42: =IF('Design Fee'!DP47>0,"✔","-") -> - | AO42: =IF('Design Fee'!DQ47>0,"✔","-") -> - | AP42: =IF('Design Fee'!DR47>0,"✔","-") -> - | AQ42: =IF('Design Fee'!DS47>0,"✔","-") -> - | AR42: =IF('Design Fee'!DT47>0,"✔","-") -> - | AT42: =IF('Design Fee'!EO47>0,"✔","-") -> - | AV42: =IF('Design Fee'!ET47>0,"✔","-") -> - | AW42: =IF('Design Fee'!EU47>0,"✔","-") -> - | AX42: =IF('Design Fee'!EV47>0,"✔","-") -> - | AY42: =IF('Design Fee'!EW47>0,"✔","-") -> - | AZ42: =IF('Design Fee'!EX47>0,"✔","-") -> - | BA42: =IF('Design Fee'!EZ47>0,"✔","-") -> - | BB42: =IF('Design Fee'!FA47>0,"✔","-") -> - | BC42: =IF('Design Fee'!FB47>0,"✔","-") -> - | BD42: =IF('Design Fee'!FC47>0,"✔","-") -> - | BE42: =IF('Design Fee'!FD47>0,"✔","-") -> - | BG42: =IF('Design Fee'!FY47>0,"✔","-") -> - | BH42: =IF('Design Fee'!FZ47>0,"✔","-") -> - | BI42: =IF('Design Fee'!GA47>0,"✔","-") -> - | BJ42: =IF('Design Fee'!GB47>0,"✔","-") -> - | BK42: =IF('Design Fee'!GC47>0,"✔","-") -> - | BL42: =IF('Design Fee'!GE47>0,"✔","-") -> - | BM42: =IF('Design Fee'!GF47>0,"✔","-") -> - | BN42: =IF('Design Fee'!GG47>0,"✔","-") -> - | BO42: =IF('Design Fee'!GH47>0,"✔","-") -> - | BP42: =IF('Design Fee'!GI47>0,"✔","-") -> - | BR42: =IF('Design Fee'!HD47>0,"✔","-") -> - | BS42: =IF('Design Fee'!HE47>0,"✔","-") -> - | BT42: =IF('Design Fee'!HF47>0,"✔","-") -> - | BU42: =IF('Design Fee'!HG47>0,"✔","-") -> - | BV42: =IF('Design Fee'!HH47>0,"✔","-") -> - | BW42: =IF('Design Fee'!HJ47>0,"✔","-") -> - | BX42: =IF('Design Fee'!HK47>0,"✔","-") -> - | BY42: =IF('Design Fee'!HL47>0,"✔","-") -> - | BZ42: =IF('Design Fee'!HM47>0,"✔","-") -> - | CA42: =IF('Design Fee'!HN47>0,"✔","-") -> - | CC42: =IF('Design Fee'!II47>0,"✔","-") -> - | CE42: =IF('Design Fee'!IN47>0,"✔","-") -> - | CF42: =IF('Design Fee'!IO47>0,"✔","-") -> - | CG42: =IF('Design Fee'!IP47>0,"✔","-") -> - | CH42: =IF('Design Fee'!IQ47>0,"✔","-") -> - | CI42: =IF('Design Fee'!IR47>0,"✔","-") -> - | CJ42: =IF('Design Fee'!IT47>0,"✔","-") -> - | CK42: =IF('Design Fee'!IU47>0,"✔","-") -> - | CL42: =IF('Design Fee'!IV47>0,"✔","-") -> - | CM42: =IF('Design Fee'!IW47>0,"✔","-") -> - | CN42: =IF('Design Fee'!IX47>0,"✔","-") -> - | CP42: =IF('Design Fee'!JS47>0,"✔","-") -> - | CQ42: =IF('Design Fee'!JT47>0,"✔","-") -> - | CR42: =IF('Design Fee'!JU47>0,"✔","-") -> - | CS42: =IF('Design Fee'!JV47>0,"✔","-") -> - | CT42: =IF('Design Fee'!JW47>0,"✔","-") -> - | CU42: =IF('Design Fee'!JY47>0,"✔","-") -> - | CV42: =IF('Design Fee'!JZ47>0,"✔","-") -> - | CW42: =IF('Design Fee'!KA47>0,"✔","-") -> - | CX42: =IF('Design Fee'!KB47>0,"✔","-") -> - | CY42: =IF('Design Fee'!KC47>0,"✔","-") -> - | DA42: =IF('Design Fee'!KX47>0,"✔","-") -> - | DB42: =IF('Design Fee'!KY47>0,"✔","-") -> - | DC42: =IF('Design Fee'!KZ47>0,"✔","-") -> - | DD42: =IF('Design Fee'!LA47>0,"✔","-") -> - | DE42: =IF('Design Fee'!LB47>0,"✔","-") -> - | DF42: =IF('Design Fee'!LD47>0,"✔","-") -> - | DG42: =IF('Design Fee'!LE47>0,"✔","-") -> - | DH42: =IF('Design Fee'!LF47>0,"✔","-") -> - | DI42: =IF('Design Fee'!LG47>0,"✔","-") -> - | DJ42: =IF('Design Fee'!LH47>0,"✔","-") -> - | DL42: =IF('Design Fee'!MC47>0,"✔","-") -> - | DN42: =IF('Design Fee'!MH47>0,"✔","-") -> - | DO42: =IF('Design Fee'!MI47>0,"✔","-") -> - | DP42: =IF('Design Fee'!MJ47>0,"✔","-") -> - | DQ42: =IF('Design Fee'!MK47>0,"✔","-") -> - | DR42: =IF('Design Fee'!ML47>0,"✔","-") -> - | DS42: =IF('Design Fee'!MN47>0,"✔","-") -> - | DT42: =IF('Design Fee'!MO47>0,"✔","-") -> - | DU42: =IF('Design Fee'!MP47>0,"✔","-") -> - | DV42: =IF('Design Fee'!MQ47>0,"✔","-") -> - | DW42: =IF('Design Fee'!MR47>0,"✔","-") -> - | DY42: =IF('Design Fee'!NM47>0,"✔","-") -> - | DZ42: =IF('Design Fee'!NN47>0,"✔","-") -> - | EA42: =IF('Design Fee'!NO47>0,"✔","-") -> - | EB42: =IF('Design Fee'!NP47>0,"✔","-") -> - | EC42: =IF('Design Fee'!NQ47>0,"✔","-") -> - | ED42: =IF('Design Fee'!NS47>0,"✔","-") -> - | EE42: =IF('Design Fee'!NT47>0,"✔","-") -> - | EF42: =IF('Design Fee'!NU47>0,"✔","-") -> - | EG42: =IF('Design Fee'!NV47>0,"✔","-") -> - | EH42: =IF('Design Fee'!NW47>0,"✔","-") -> - | EJ42: =IF('Design Fee'!OR47>0,"✔","-") -> - | EK42: =IF('Design Fee'!OS47>0,"✔","-") -> - | EL42: =IF('Design Fee'!OT47>0,"✔","-") -> - | EM42: =IF('Design Fee'!OU47>0,"✔","-") -> - | EN42: =IF('Design Fee'!OV47>0,"✔","-") -> - | EO42: =IF('Design Fee'!OX47>0,"✔","-") -> - | EP42: =IF('Design Fee'!OY47>0,"✔","-") -> - | EQ42: =IF('Design Fee'!OZ47>0,"✔","-") -> - | ER42: =IF('Design Fee'!PA47>0,"✔","-") -> - | ES42: =IF('Design Fee'!PB47>0,"✔","-") -> -
C43: 4 | D43: Specifications | K43: =IF('Design Fee'!AU48>0,"✔","-") -> - | M43: =IF('Design Fee'!AZ48>0,"✔","-") -> - | N43: =IF('Design Fee'!BA48>0,"✔","-") -> - | O43: =IF('Design Fee'!BB48>0,"✔","-") -> - | P43: =IF('Design Fee'!BC48>0,"✔","-") -> - | Q43: =IF('Design Fee'!BD48>0,"✔","-") -> - | R43: =IF('Design Fee'!BF48>0,"✔","-") -> - | S43: =IF('Design Fee'!BG48>0,"✔","-") -> - | T43: =IF('Design Fee'!BH48>0,"✔","-") -> - | U43: =IF('Design Fee'!BI48>0,"✔","-") -> - | V43: =IF('Design Fee'!BJ48>0,"✔","-") -> - | X43: =IF('Design Fee'!CE48>0,"✔","-") -> - | Y43: =IF('Design Fee'!CF48>0,"✔","-") -> - | Z43: =IF('Design Fee'!CG48>0,"✔","-") -> - | AA43: =IF('Design Fee'!CH48>0,"✔","-") -> - | AB43: =IF('Design Fee'!CI48>0,"✔","-") -> - | AC43: =IF('Design Fee'!CK48>0,"✔","-") -> - | AD43: =IF('Design Fee'!CL48>0,"✔","-") -> - | AE43: =IF('Design Fee'!CM48>0,"✔","-") -> - | AF43: =IF('Design Fee'!CN48>0,"✔","-") -> - | AG43: =IF('Design Fee'!CO48>0,"✔","-") -> - | AI43: =IF('Design Fee'!DJ48>0,"✔","-") -> - | AJ43: =IF('Design Fee'!DK48>0,"✔","-") -> - | AK43: =IF('Design Fee'!DL48>0,"✔","-") -> - | AL43: =IF('Design Fee'!DM48>0,"✔","-") -> - | AM43: =IF('Design Fee'!DN48>0,"✔","-") -> - | AN43: =IF('Design Fee'!DP48>0,"✔","-") -> - | AO43: =IF('Design Fee'!DQ48>0,"✔","-") -> - | AP43: =IF('Design Fee'!DR48>0,"✔","-") -> - | AQ43: =IF('Design Fee'!DS48>0,"✔","-") -> - | AR43: =IF('Design Fee'!DT48>0,"✔","-") -> - | AT43: =IF('Design Fee'!EO48>0,"✔","-") -> - | AV43: =IF('Design Fee'!ET48>0,"✔","-") -> - | AW43: =IF('Design Fee'!EU48>0,"✔","-") -> - | AX43: =IF('Design Fee'!EV48>0,"✔","-") -> - | AY43: =IF('Design Fee'!EW48>0,"✔","-") -> - | AZ43: =IF('Design Fee'!EX48>0,"✔","-") -> - | BA43: =IF('Design Fee'!EZ48>0,"✔","-") -> - | BB43: =IF('Design Fee'!FA48>0,"✔","-") -> - | BC43: =IF('Design Fee'!FB48>0,"✔","-") -> - | BD43: =IF('Design Fee'!FC48>0,"✔","-") -> - | BE43: =IF('Design Fee'!FD48>0,"✔","-") -> - | BG43: =IF('Design Fee'!FY48>0,"✔","-") -> - | BH43: =IF('Design Fee'!FZ48>0,"✔","-") -> - | BI43: =IF('Design Fee'!GA48>0,"✔","-") -> - | BJ43: =IF('Design Fee'!GB48>0,"✔","-") -> - | BK43: =IF('Design Fee'!GC48>0,"✔","-") -> - | BL43: =IF('Design Fee'!GE48>0,"✔","-") -> - | BM43: =IF('Design Fee'!GF48>0,"✔","-") -> - | BN43: =IF('Design Fee'!GG48>0,"✔","-") -> - | BO43: =IF('Design Fee'!GH48>0,"✔","-") -> - | BP43: =IF('Design Fee'!GI48>0,"✔","-") -> - | BR43: =IF('Design Fee'!HD48>0,"✔","-") -> - | BS43: =IF('Design Fee'!HE48>0,"✔","-") -> - | BT43: =IF('Design Fee'!HF48>0,"✔","-") -> - | BU43: =IF('Design Fee'!HG48>0,"✔","-") -> - | BV43: =IF('Design Fee'!HH48>0,"✔","-") -> - | BW43: =IF('Design Fee'!HJ48>0,"✔","-") -> - | BX43: =IF('Design Fee'!HK48>0,"✔","-") -> - | BY43: =IF('Design Fee'!HL48>0,"✔","-") -> - | BZ43: =IF('Design Fee'!HM48>0,"✔","-") -> - | CA43: =IF('Design Fee'!HN48>0,"✔","-") -> - | CC43: =IF('Design Fee'!II48>0,"✔","-") -> - | CE43: =IF('Design Fee'!IN48>0,"✔","-") -> - | CF43: =IF('Design Fee'!IO48>0,"✔","-") -> - | CG43: =IF('Design Fee'!IP48>0,"✔","-") -> - | CH43: =IF('Design Fee'!IQ48>0,"✔","-") -> - | CI43: =IF('Design Fee'!IR48>0,"✔","-") -> - | CJ43: =IF('Design Fee'!IT48>0,"✔","-") -> - | CK43: =IF('Design Fee'!IU48>0,"✔","-") -> - | CL43: =IF('Design Fee'!IV48>0,"✔","-") -> - | CM43: =IF('Design Fee'!IW48>0,"✔","-") -> - | CN43: =IF('Design Fee'!IX48>0,"✔","-") -> - | CP43: =IF('Design Fee'!JS48>0,"✔","-") -> - | CQ43: =IF('Design Fee'!JT48>0,"✔","-") -> - | CR43: =IF('Design Fee'!JU48>0,"✔","-") -> - | CS43: =IF('Design Fee'!JV48>0,"✔","-") -> - | CT43: =IF('Design Fee'!JW48>0,"✔","-") -> - | CU43: =IF('Design Fee'!JY48>0,"✔","-") -> - | CV43: =IF('Design Fee'!JZ48>0,"✔","-") -> - | CW43: =IF('Design Fee'!KA48>0,"✔","-") -> - | CX43: =IF('Design Fee'!KB48>0,"✔","-") -> - | CY43: =IF('Design Fee'!KC48>0,"✔","-") -> - | DA43: =IF('Design Fee'!KX48>0,"✔","-") -> - | DB43: =IF('Design Fee'!KY48>0,"✔","-") -> - | DC43: =IF('Design Fee'!KZ48>0,"✔","-") -> - | DD43: =IF('Design Fee'!LA48>0,"✔","-") -> - | DE43: =IF('Design Fee'!LB48>0,"✔","-") -> - | DF43: =IF('Design Fee'!LD48>0,"✔","-") -> - | DG43: =IF('Design Fee'!LE48>0,"✔","-") -> - | DH43: =IF('Design Fee'!LF48>0,"✔","-") -> - | DI43: =IF('Design Fee'!LG48>0,"✔","-") -> - | DJ43: =IF('Design Fee'!LH48>0,"✔","-") -> - | DL43: =IF('Design Fee'!MC48>0,"✔","-") -> - | DN43: =IF('Design Fee'!MH48>0,"✔","-") -> - | DO43: =IF('Design Fee'!MI48>0,"✔","-") -> - | DP43: =IF('Design Fee'!MJ48>0,"✔","-") -> - | DQ43: =IF('Design Fee'!MK48>0,"✔","-") -> - | DR43: =IF('Design Fee'!ML48>0,"✔","-") -> - | DS43: =IF('Design Fee'!MN48>0,"✔","-") -> - | DT43: =IF('Design Fee'!MO48>0,"✔","-") -> - | DU43: =IF('Design Fee'!MP48>0,"✔","-") -> - | DV43: =IF('Design Fee'!MQ48>0,"✔","-") -> - | DW43: =IF('Design Fee'!MR48>0,"✔","-") -> - | DY43: =IF('Design Fee'!NM48>0,"✔","-") -> - | DZ43: =IF('Design Fee'!NN48>0,"✔","-") -> - | EA43: =IF('Design Fee'!NO48>0,"✔","-") -> - | EB43: =IF('Design Fee'!NP48>0,"✔","-") -> - | EC43: =IF('Design Fee'!NQ48>0,"✔","-") -> - | ED43: =IF('Design Fee'!NS48>0,"✔","-") -> - | EE43: =IF('Design Fee'!NT48>0,"✔","-") -> - | EF43: =IF('Design Fee'!NU48>0,"✔","-") -> - | EG43: =IF('Design Fee'!NV48>0,"✔","-") -> - | EH43: =IF('Design Fee'!NW48>0,"✔","-") -> - | EJ43: =IF('Design Fee'!OR48>0,"✔","-") -> - | EK43: =IF('Design Fee'!OS48>0,"✔","-") -> - | EL43: =IF('Design Fee'!OT48>0,"✔","-") -> - | EM43: =IF('Design Fee'!OU48>0,"✔","-") -> - | EN43: =IF('Design Fee'!OV48>0,"✔","-") -> - | EO43: =IF('Design Fee'!OX48>0,"✔","-") -> - | EP43: =IF('Design Fee'!OY48>0,"✔","-") -> - | EQ43: =IF('Design Fee'!OZ48>0,"✔","-") -> - | ER43: =IF('Design Fee'!PA48>0,"✔","-") -> - | ES43: =IF('Design Fee'!PB48>0,"✔","-") -> -
C44: 5 | D44: Clubhouse Design with list of Amenities | K44: =IF('Design Fee'!AU49>0,"✔","-") -> - | M44: =IF('Design Fee'!AZ49>0,"✔","-") -> - | N44: =IF('Design Fee'!BA49>0,"✔","-") -> - | O44: =IF('Design Fee'!BB49>0,"✔","-") -> - | P44: =IF('Design Fee'!BC49>0,"✔","-") -> - | Q44: =IF('Design Fee'!BD49>0,"✔","-") -> - | R44: =IF('Design Fee'!BF49>0,"✔","-") -> - | S44: =IF('Design Fee'!BG49>0,"✔","-") -> - | T44: =IF('Design Fee'!BH49>0,"✔","-") -> - | U44: =IF('Design Fee'!BI49>0,"✔","-") -> - | V44: =IF('Design Fee'!BJ49>0,"✔","-") -> - | X44: =IF('Design Fee'!CE49>0,"✔","-") -> - | Y44: =IF('Design Fee'!CF49>0,"✔","-") -> - | Z44: =IF('Design Fee'!CG49>0,"✔","-") -> - | AA44: =IF('Design Fee'!CH49>0,"✔","-") -> - | AB44: =IF('Design Fee'!CI49>0,"✔","-") -> - | AC44: =IF('Design Fee'!CK49>0,"✔","-") -> - | AD44: =IF('Design Fee'!CL49>0,"✔","-") -> - | AE44: =IF('Design Fee'!CM49>0,"✔","-") -> - | AF44: =IF('Design Fee'!CN49>0,"✔","-") -> - | AG44: =IF('Design Fee'!CO49>0,"✔","-") -> - | AI44: =IF('Design Fee'!DJ49>0,"✔","-") -> - | AJ44: =IF('Design Fee'!DK49>0,"✔","-") -> - | AK44: =IF('Design Fee'!DL49>0,"✔","-") -> - | AL44: =IF('Design Fee'!DM49>0,"✔","-") -> - | AM44: =IF('Design Fee'!DN49>0,"✔","-") -> - | AN44: =IF('Design Fee'!DP49>0,"✔","-") -> - | AO44: =IF('Design Fee'!DQ49>0,"✔","-") -> - | AP44: =IF('Design Fee'!DR49>0,"✔","-") -> - | AQ44: =IF('Design Fee'!DS49>0,"✔","-") -> - | AR44: =IF('Design Fee'!DT49>0,"✔","-") -> - | AT44: =IF('Design Fee'!EO49>0,"✔","-") -> - | AV44: =IF('Design Fee'!ET49>0,"✔","-") -> - | AW44: =IF('Design Fee'!EU49>0,"✔","-") -> - | AX44: =IF('Design Fee'!EV49>0,"✔","-") -> - | AY44: =IF('Design Fee'!EW49>0,"✔","-") -> - | AZ44: =IF('Design Fee'!EX49>0,"✔","-") -> - | BA44: =IF('Design Fee'!EZ49>0,"✔","-") -> - | BB44: =IF('Design Fee'!FA49>0,"✔","-") -> - | BC44: =IF('Design Fee'!FB49>0,"✔","-") -> - | BD44: =IF('Design Fee'!FC49>0,"✔","-") -> - | BE44: =IF('Design Fee'!FD49>0,"✔","-") -> - | BG44: =IF('Design Fee'!FY49>0,"✔","-") -> - | BH44: =IF('Design Fee'!FZ49>0,"✔","-") -> - | BI44: =IF('Design Fee'!GA49>0,"✔","-") -> - | BJ44: =IF('Design Fee'!GB49>0,"✔","-") -> - | BK44: =IF('Design Fee'!GC49>0,"✔","-") -> - | BL44: =IF('Design Fee'!GE49>0,"✔","-") -> - | BM44: =IF('Design Fee'!GF49>0,"✔","-") -> - | BN44: =IF('Design Fee'!GG49>0,"✔","-") -> - | BO44: =IF('Design Fee'!GH49>0,"✔","-") -> - | BP44: =IF('Design Fee'!GI49>0,"✔","-") -> - | BR44: =IF('Design Fee'!HD49>0,"✔","-") -> - | BS44: =IF('Design Fee'!HE49>0,"✔","-") -> - | BT44: =IF('Design Fee'!HF49>0,"✔","-") -> - | BU44: =IF('Design Fee'!HG49>0,"✔","-") -> - | BV44: =IF('Design Fee'!HH49>0,"✔","-") -> - | BW44: =IF('Design Fee'!HJ49>0,"✔","-") -> - | BX44: =IF('Design Fee'!HK49>0,"✔","-") -> - | BY44: =IF('Design Fee'!HL49>0,"✔","-") -> - | BZ44: =IF('Design Fee'!HM49>0,"✔","-") -> - | CA44: =IF('Design Fee'!HN49>0,"✔","-") -> - | CC44: =IF('Design Fee'!II49>0,"✔","-") -> - | CE44: =IF('Design Fee'!IN49>0,"✔","-") -> - | CF44: =IF('Design Fee'!IO49>0,"✔","-") -> - | CG44: =IF('Design Fee'!IP49>0,"✔","-") -> - | CH44: =IF('Design Fee'!IQ49>0,"✔","-") -> - | CI44: =IF('Design Fee'!IR49>0,"✔","-") -> - | CJ44: =IF('Design Fee'!IT49>0,"✔","-") -> - | CK44: =IF('Design Fee'!IU49>0,"✔","-") -> - | CL44: =IF('Design Fee'!IV49>0,"✔","-") -> - | CM44: =IF('Design Fee'!IW49>0,"✔","-") -> - | CN44: =IF('Design Fee'!IX49>0,"✔","-") -> - | CP44: =IF('Design Fee'!JS49>0,"✔","-") -> - | CQ44: =IF('Design Fee'!JT49>0,"✔","-") -> - | CR44: =IF('Design Fee'!JU49>0,"✔","-") -> - | CS44: =IF('Design Fee'!JV49>0,"✔","-") -> - | CT44: =IF('Design Fee'!JW49>0,"✔","-") -> - | CU44: =IF('Design Fee'!JY49>0,"✔","-") -> - | CV44: =IF('Design Fee'!JZ49>0,"✔","-") -> - | CW44: =IF('Design Fee'!KA49>0,"✔","-") -> - | CX44: =IF('Design Fee'!KB49>0,"✔","-") -> - | CY44: =IF('Design Fee'!KC49>0,"✔","-") -> - | DA44: =IF('Design Fee'!KX49>0,"✔","-") -> - | DB44: =IF('Design Fee'!KY49>0,"✔","-") -> - | DC44: =IF('Design Fee'!KZ49>0,"✔","-") -> - | DD44: =IF('Design Fee'!LA49>0,"✔","-") -> - | DE44: =IF('Design Fee'!LB49>0,"✔","-") -> - | DF44: =IF('Design Fee'!LD49>0,"✔","-") -> - | DG44: =IF('Design Fee'!LE49>0,"✔","-") -> - | DH44: =IF('Design Fee'!LF49>0,"✔","-") -> - | DI44: =IF('Design Fee'!LG49>0,"✔","-") -> - | DJ44: =IF('Design Fee'!LH49>0,"✔","-") -> - | DL44: =IF('Design Fee'!MC49>0,"✔","-") -> - | DN44: =IF('Design Fee'!MH49>0,"✔","-") -> - | DO44: =IF('Design Fee'!MI49>0,"✔","-") -> - | DP44: =IF('Design Fee'!MJ49>0,"✔","-") -> - | DQ44: =IF('Design Fee'!MK49>0,"✔","-") -> - | DR44: =IF('Design Fee'!ML49>0,"✔","-") -> - | DS44: =IF('Design Fee'!MN49>0,"✔","-") -> - | DT44: =IF('Design Fee'!MO49>0,"✔","-") -> - | DU44: =IF('Design Fee'!MP49>0,"✔","-") -> - | DV44: =IF('Design Fee'!MQ49>0,"✔","-") -> - | DW44: =IF('Design Fee'!MR49>0,"✔","-") -> - | DY44: =IF('Design Fee'!NM49>0,"✔","-") -> - | DZ44: =IF('Design Fee'!NN49>0,"✔","-") -> - | EA44: =IF('Design Fee'!NO49>0,"✔","-") -> - | EB44: =IF('Design Fee'!NP49>0,"✔","-") -> - | EC44: =IF('Design Fee'!NQ49>0,"✔","-") -> - | ED44: =IF('Design Fee'!NS49>0,"✔","-") -> - | EE44: =IF('Design Fee'!NT49>0,"✔","-") -> - | EF44: =IF('Design Fee'!NU49>0,"✔","-") -> - | EG44: =IF('Design Fee'!NV49>0,"✔","-") -> - | EH44: =IF('Design Fee'!NW49>0,"✔","-") -> - | EJ44: =IF('Design Fee'!OR49>0,"✔","-") -> - | EK44: =IF('Design Fee'!OS49>0,"✔","-") -> - | EL44: =IF('Design Fee'!OT49>0,"✔","-") -> - | EM44: =IF('Design Fee'!OU49>0,"✔","-") -> - | EN44: =IF('Design Fee'!OV49>0,"✔","-") -> - | EO44: =IF('Design Fee'!OX49>0,"✔","-") -> - | EP44: =IF('Design Fee'!OY49>0,"✔","-") -> - | EQ44: =IF('Design Fee'!OZ49>0,"✔","-") -> - | ER44: =IF('Design Fee'!PA49>0,"✔","-") -> - | ES44: =IF('Design Fee'!PB49>0,"✔","-") -> -
C45: 6 | D45: Renders, Walk-through and Scaled model | K45: =IF('Design Fee'!AU50>0,"✔","-") -> - | M45: =IF('Design Fee'!AZ50>0,"✔","-") -> - | N45: =IF('Design Fee'!BA50>0,"✔","-") -> - | O45: =IF('Design Fee'!BB50>0,"✔","-") -> - | P45: =IF('Design Fee'!BC50>0,"✔","-") -> - | Q45: =IF('Design Fee'!BD50>0,"✔","-") -> - | R45: =IF('Design Fee'!BF50>0,"✔","-") -> - | S45: =IF('Design Fee'!BG50>0,"✔","-") -> - | T45: =IF('Design Fee'!BH50>0,"✔","-") -> - | U45: =IF('Design Fee'!BI50>0,"✔","-") -> - | V45: =IF('Design Fee'!BJ50>0,"✔","-") -> - | X45: =IF('Design Fee'!CE50>0,"✔","-") -> - | Y45: =IF('Design Fee'!CF50>0,"✔","-") -> - | Z45: =IF('Design Fee'!CG50>0,"✔","-") -> - | AA45: =IF('Design Fee'!CH50>0,"✔","-") -> - | AB45: =IF('Design Fee'!CI50>0,"✔","-") -> - | AC45: =IF('Design Fee'!CK50>0,"✔","-") -> - | AD45: =IF('Design Fee'!CL50>0,"✔","-") -> - | AE45: =IF('Design Fee'!CM50>0,"✔","-") -> - | AF45: =IF('Design Fee'!CN50>0,"✔","-") -> - | AG45: =IF('Design Fee'!CO50>0,"✔","-") -> - | AI45: =IF('Design Fee'!DJ50>0,"✔","-") -> - | AJ45: =IF('Design Fee'!DK50>0,"✔","-") -> - | AK45: =IF('Design Fee'!DL50>0,"✔","-") -> - | AL45: =IF('Design Fee'!DM50>0,"✔","-") -> - | AM45: =IF('Design Fee'!DN50>0,"✔","-") -> - | AN45: =IF('Design Fee'!DP50>0,"✔","-") -> - | AO45: =IF('Design Fee'!DQ50>0,"✔","-") -> - | AP45: =IF('Design Fee'!DR50>0,"✔","-") -> - | AQ45: =IF('Design Fee'!DS50>0,"✔","-") -> - | AR45: =IF('Design Fee'!DT50>0,"✔","-") -> - | AT45: =IF('Design Fee'!EO50>0,"✔","-") -> - | AV45: =IF('Design Fee'!ET50>0,"✔","-") -> - | AW45: =IF('Design Fee'!EU50>0,"✔","-") -> - | AX45: =IF('Design Fee'!EV50>0,"✔","-") -> - | AY45: =IF('Design Fee'!EW50>0,"✔","-") -> - | AZ45: =IF('Design Fee'!EX50>0,"✔","-") -> - | BA45: =IF('Design Fee'!EZ50>0,"✔","-") -> - | BB45: =IF('Design Fee'!FA50>0,"✔","-") -> - | BC45: =IF('Design Fee'!FB50>0,"✔","-") -> - | BD45: =IF('Design Fee'!FC50>0,"✔","-") -> - | BE45: =IF('Design Fee'!FD50>0,"✔","-") -> - | BG45: =IF('Design Fee'!FY50>0,"✔","-") -> - | BH45: =IF('Design Fee'!FZ50>0,"✔","-") -> - | BI45: =IF('Design Fee'!GA50>0,"✔","-") -> - | BJ45: =IF('Design Fee'!GB50>0,"✔","-") -> - | BK45: =IF('Design Fee'!GC50>0,"✔","-") -> - | BL45: =IF('Design Fee'!GE50>0,"✔","-") -> - | BM45: =IF('Design Fee'!GF50>0,"✔","-") -> - | BN45: =IF('Design Fee'!GG50>0,"✔","-") -> - | BO45: =IF('Design Fee'!GH50>0,"✔","-") -> - | BP45: =IF('Design Fee'!GI50>0,"✔","-") -> - | BR45: =IF('Design Fee'!HD50>0,"✔","-") -> - | BS45: =IF('Design Fee'!HE50>0,"✔","-") -> - | BT45: =IF('Design Fee'!HF50>0,"✔","-") -> - | BU45: =IF('Design Fee'!HG50>0,"✔","-") -> - | BV45: =IF('Design Fee'!HH50>0,"✔","-") -> - | BW45: =IF('Design Fee'!HJ50>0,"✔","-") -> - | BX45: =IF('Design Fee'!HK50>0,"✔","-") -> - | BY45: =IF('Design Fee'!HL50>0,"✔","-") -> - | BZ45: =IF('Design Fee'!HM50>0,"✔","-") -> - | CA45: =IF('Design Fee'!HN50>0,"✔","-") -> - | CC45: =IF('Design Fee'!II50>0,"✔","-") -> - | CE45: =IF('Design Fee'!IN50>0,"✔","-") -> - | CF45: =IF('Design Fee'!IO50>0,"✔","-") -> - | CG45: =IF('Design Fee'!IP50>0,"✔","-") -> - | CH45: =IF('Design Fee'!IQ50>0,"✔","-") -> - | CI45: =IF('Design Fee'!IR50>0,"✔","-") -> - | CJ45: =IF('Design Fee'!IT50>0,"✔","-") -> - | CK45: =IF('Design Fee'!IU50>0,"✔","-") -> - | CL45: =IF('Design Fee'!IV50>0,"✔","-") -> - | CM45: =IF('Design Fee'!IW50>0,"✔","-") -> - | CN45: =IF('Design Fee'!IX50>0,"✔","-") -> - | CP45: =IF('Design Fee'!JS50>0,"✔","-") -> - | CQ45: =IF('Design Fee'!JT50>0,"✔","-") -> - | CR45: =IF('Design Fee'!JU50>0,"✔","-") -> - | CS45: =IF('Design Fee'!JV50>0,"✔","-") -> - | CT45: =IF('Design Fee'!JW50>0,"✔","-") -> - | CU45: =IF('Design Fee'!JY50>0,"✔","-") -> - | CV45: =IF('Design Fee'!JZ50>0,"✔","-") -> - | CW45: =IF('Design Fee'!KA50>0,"✔","-") -> - | CX45: =IF('Design Fee'!KB50>0,"✔","-") -> - | CY45: =IF('Design Fee'!KC50>0,"✔","-") -> - | DA45: =IF('Design Fee'!KX50>0,"✔","-") -> - | DB45: =IF('Design Fee'!KY50>0,"✔","-") -> - | DC45: =IF('Design Fee'!KZ50>0,"✔","-") -> - | DD45: =IF('Design Fee'!LA50>0,"✔","-") -> - | DE45: =IF('Design Fee'!LB50>0,"✔","-") -> - | DF45: =IF('Design Fee'!LD50>0,"✔","-") -> - | DG45: =IF('Design Fee'!LE50>0,"✔","-") -> - | DH45: =IF('Design Fee'!LF50>0,"✔","-") -> - | DI45: =IF('Design Fee'!LG50>0,"✔","-") -> - | DJ45: =IF('Design Fee'!LH50>0,"✔","-") -> - | DL45: =IF('Design Fee'!MC50>0,"✔","-") -> - | DN45: =IF('Design Fee'!MH50>0,"✔","-") -> - | DO45: =IF('Design Fee'!MI50>0,"✔","-") -> - | DP45: =IF('Design Fee'!MJ50>0,"✔","-") -> - | DQ45: =IF('Design Fee'!MK50>0,"✔","-") -> - | DR45: =IF('Design Fee'!ML50>0,"✔","-") -> - | DS45: =IF('Design Fee'!MN50>0,"✔","-") -> - | DT45: =IF('Design Fee'!MO50>0,"✔","-") -> - | DU45: =IF('Design Fee'!MP50>0,"✔","-") -> - | DV45: =IF('Design Fee'!MQ50>0,"✔","-") -> - | DW45: =IF('Design Fee'!MR50>0,"✔","-") -> - | DY45: =IF('Design Fee'!NM50>0,"✔","-") -> - | DZ45: =IF('Design Fee'!NN50>0,"✔","-") -> - | EA45: =IF('Design Fee'!NO50>0,"✔","-") -> - | EB45: =IF('Design Fee'!NP50>0,"✔","-") -> - | EC45: =IF('Design Fee'!NQ50>0,"✔","-") -> - | ED45: =IF('Design Fee'!NS50>0,"✔","-") -> - | EE45: =IF('Design Fee'!NT50>0,"✔","-") -> - | EF45: =IF('Design Fee'!NU50>0,"✔","-") -> - | EG45: =IF('Design Fee'!NV50>0,"✔","-") -> - | EH45: =IF('Design Fee'!NW50>0,"✔","-") -> - | EJ45: =IF('Design Fee'!OR50>0,"✔","-") -> - | EK45: =IF('Design Fee'!OS50>0,"✔","-") -> - | EL45: =IF('Design Fee'!OT50>0,"✔","-") -> - | EM45: =IF('Design Fee'!OU50>0,"✔","-") -> - | EN45: =IF('Design Fee'!OV50>0,"✔","-") -> - | EO45: =IF('Design Fee'!OX50>0,"✔","-") -> - | EP45: =IF('Design Fee'!OY50>0,"✔","-") -> - | EQ45: =IF('Design Fee'!OZ50>0,"✔","-") -> - | ER45: =IF('Design Fee'!PA50>0,"✔","-") -> - | ES45: =IF('Design Fee'!PB50>0,"✔","-") -> -
