Workbook

Sheet Summary
D2: No. of Batches | F2: =W2+AL2+BA2+BP2 -> 67 | G2: =X2+AM2+BB2+BQ2 -> 33 | H2: =W2+AL2+BA2+BP2 -> 67 | I2: =X2+AM2+BB2+BQ2 -> 33 | J2: =Y2+AN2+BC2+BR2 -> 34 | K2: =Z2+AO2+BD2+BS2 -> 30 | L2: =AA2+AP2+BE2+BT2 -> 4 | M2: =AB2+AQ2+BF2+BU2 -> 0 | N2: =AC2+AR2+BG2+BV2 -> 0 | O2: =AD2+AS2+BH2+BW2 -> 29 | ... R2: =AG2+AV2+BK2+BZ2 -> 5 | S2: 4 | W2: =COUNTIF(W75:W77,">0")+COUNTIF(W52:W60,">0")+COUNTIF(W80:W82,">0")+COUNTIF(W70:W72,">0")+COUNTIF(W85:W88,">0")+COUNTIFS(W63:W67,">0")+COUNTIFS(W11,">0")+COUNTIFS(W17,">0")+COUNTIFS(W23,">0")+COUNTIFS(W30,">0")+COUNTIFS(W39,">0")+COUNTIFS(W93,">0") -> 23 | X2: =COUNTIF(X75:X77,">0")+COUNTIF(X52:X60,">0")+COUNTIF(X80:X82,">0")+COUNTIF(X70:X72,">0")+COUNTIF(X85:X88,">0")+COUNTIFS(X63:X67,">0")+COUNTIFS(X11,">0")+COUNTIFS(X17,">0")+COUNTIFS(X23,">0")+COUNTIFS(X30,">0")+COUNTIFS(X39,">0")+COUNTIFS(X93,">0") -> 14 | Y2: =COUNTIF(Y75:Y77,">0")+COUNTIF(Y52:Y60,">0")+COUNTIF(Y80:Y82,">0")+COUNTIF(Y70:Y72,">0")+COUNTIF(Y85:Y88,">0")+COUNTIFS(Y63:Y67,">0")+COUNTIFS(Y11,">0")+COUNTIFS(Y17,">0")+COUNTIFS(Y23,">0")+COUNTIFS(Y30,">0")+COUNTIFS(Y39,">0")+COUNTIFS(Y93,">0") -> 9 | Z2: =COUNTIF(Z75:Z77,">0")+COUNTIF(Z52:Z60,">0")+COUNTIF(Z80:Z82,">0")+COUNTIF(Z70:Z72,">0")+COUNTIF(Z85:Z88,">0")+COUNTIFS(Z63:Z67,">0")+COUNTIFS(Z11,">0")+COUNTIFS(Z17,">0")+COUNTIFS(Z23,">0")+COUNTIFS(Z30,">0")+COUNTIFS(Z39,">0")+COUNTIFS(Z93,">0") -> 8 | AA2: =COUNTIF(AA75:AA77,">0")+COUNTIF(AA52:AA60,">0")+COUNTIF(AA80:AA82,">0")+COUNTIF(AA70:AA72,">0")+COUNTIF(AA85:AA88,">0")+COUNTIFS(AA63:AA67,">0")+COUNTIFS(AA11,">0")+COUNTIFS(AA17,">0")+COUNTIFS(AA23,">0")+COUNTIFS(AA30,">0")+COUNTIFS(AA39,">0")+COUNTIFS(AA93,">0") -> 1 | AB2: =COUNTIF(AB75:AB77,">0")+COUNTIF(AB52:AB60,">0")+COUNTIF(AB80:AB82,">0")+COUNTIF(AB70:AB72,">0")+COUNTIF(AB85:AB88,">0")+COUNTIFS(AB63:AB67,">0")+COUNTIFS(AB11,">0")+COUNTIFS(AB17,">0")+COUNTIFS(AB23,">0")+COUNTIFS(AB30,">0")+COUNTIFS(AB39,">0")+COUNTIFS(AB93,">0") -> 0 | AC2: =COUNTIF(AC75:AC77,">0")+COUNTIF(AC52:AC60,">0")+COUNTIF(AC80:AC82,">0")+COUNTIF(AC70:AC72,">0")+COUNTIF(AC85:AC88,">0")+COUNTIFS(AC63:AC67,">0")+COUNTIFS(AC11,">0")+COUNTIFS(AC17,">0")+COUNTIFS(AC23,">0")+COUNTIFS(AC30,">0")+COUNTIFS(AC39,">0")+COUNTIFS(AC93,">0") -> 0 | AD2: =COUNTIF(AD75:AD77,">0")+COUNTIF(AD52:AD60,">0")+COUNTIF(AD80:AD82,">0")+COUNTIF(AD70:AD72,">0")+COUNTIF(AD85:AD88,">0")+COUNTIFS(AD63:AD67,">0")+COUNTIFS(AD11,">0")+COUNTIFS(AD17,">0")+COUNTIFS(AD23,">0")+COUNTIFS(AD30,">0")+COUNTIFS(AD39,">0")+COUNTIFS(AD93,">0") -> 8 | ... AH2: =COUNTIF(AH75:AH77,">0")+COUNTIF(AH52:AH60,">0")+COUNTIF(AH80:AH82,">0")+COUNTIF(AH70:AH72,">0")+COUNTIF(AH85:AH88,">0")+COUNTIFS(AH63:AH67,">0")+COUNTIFS(AH11,">0")+COUNTIFS(AH17,">0")+COUNTIFS(AH23,">0")+COUNTIFS(AH30,">0")+COUNTIFS(AH39,">0")+COUNTIFS(AH93,">0") -> 0 | AL2: =COUNTIF(AL75:AL77,">0")+COUNTIF(AL52:AL60,">0")+COUNTIF(AL80:AL82,">0")+COUNTIF(AL70:AL72,">0")+COUNTIF(AL85:AL88,">0")+COUNTIFS(AL63:AL67,">0")+COUNTIFS(AL11,">0")+COUNTIFS(AL17,">0")+COUNTIFS(AL23,">0")+COUNTIFS(AL30,">0")+COUNTIFS(AL39,">0")+COUNTIFS(AL93,">0") -> 21 | AM2: =COUNTIF(AM75:AM77,">0")+COUNTIF(AM52:AM60,">0")+COUNTIF(AM80:AM82,">0")+COUNTIF(AM70:AM72,">0")+COUNTIF(AM85:AM88,">0")+COUNTIFS(AM63:AM67,">0")+COUNTIFS(AM11,">0")+COUNTIFS(AM17,">0")+COUNTIFS(AM23,">0")+COUNTIFS(AM30,">0")+COUNTIFS(AM39,">0")+COUNTIFS(AM93,">0") -> 11 | AN2: =COUNTIF(AN75:AN77,">0")+COUNTIF(AN52:AN60,">0")+COUNTIF(AN80:AN82,">0")+COUNTIF(AN70:AN72,">0")+COUNTIF(AN85:AN88,">0")+COUNTIFS(AN63:AN67,">0")+COUNTIFS(AN11,">0")+COUNTIFS(AN17,">0")+COUNTIFS(AN23,">0")+COUNTIFS(AN30,">0")+COUNTIFS(AN39,">0")+COUNTIFS(AN93,">0") -> 10 | AO2: =COUNTIF(AO75:AO77,">0")+COUNTIF(AO52:AO60,">0")+COUNTIF(AO80:AO82,">0")+COUNTIF(AO70:AO72,">0")+COUNTIF(AO85:AO88,">0")+COUNTIFS(AO63:AO67,">0")+COUNTIFS(AO11,">0")+COUNTIFS(AO17,">0")+COUNTIFS(AO23,">0")+COUNTIFS(AO30,">0")+COUNTIFS(AO39,">0")+COUNTIFS(AO93,">0") -> 9 | AP2: =COUNTIF(AP75:AP77,">0")+COUNTIF(AP52:AP60,">0")+COUNTIF(AP80:AP82,">0")+COUNTIF(AP70:AP72,">0")+COUNTIF(AP85:AP88,">0")+COUNTIFS(AP63:AP67,">0")+COUNTIFS(AP11,">0")+COUNTIFS(AP17,">0")+COUNTIFS(AP23,">0")+COUNTIFS(AP30,">0")+COUNTIFS(AP39,">0")+COUNTIFS(AP93,">0") -> 1 | AQ2: =COUNTIF(AQ75:AQ77,">0")+COUNTIF(AQ52:AQ60,">0")+COUNTIF(AQ80:AQ82,">0")+COUNTIF(AQ70:AQ72,">0")+COUNTIF(AQ85:AQ88,">0")+COUNTIFS(AQ63:AQ67,">0")+COUNTIFS(AQ11,">0")+COUNTIFS(AQ17,">0")+COUNTIFS(AQ23,">0")+COUNTIFS(AQ30,">0")+COUNTIFS(AQ39,">0")+COUNTIFS(AQ93,">0") -> 0 | AR2: =COUNTIF(AR75:AR77,">0")+COUNTIF(AR52:AR60,">0")+COUNTIF(AR80:AR82,">0")+COUNTIF(AR70:AR72,">0")+COUNTIF(AR85:AR88,">0")+COUNTIFS(AR63:AR67,">0")+COUNTIFS(AR11,">0")+COUNTIFS(AR17,">0")+COUNTIFS(AR23,">0")+COUNTIFS(AR30,">0")+COUNTIFS(AR39,">0")+COUNTIFS(AR93,">0") -> 0 | AS2: =COUNTIF(AS75:AS77,">0")+COUNTIF(AS52:AS60,">0")+COUNTIF(AS80:AS82,">0")+COUNTIF(AS70:AS72,">0")+COUNTIF(AS85:AS88,">0")+COUNTIFS(AS63:AS67,">0")+COUNTIFS(AS11,">0")+COUNTIFS(AS17,">0")+COUNTIFS(AS23,">0")+COUNTIFS(AS30,">0")+COUNTIFS(AS39,">0")+COUNTIFS(AS93,">0") -> 9 | ... AW2: =COUNTIF(AW75:AW77,">0")+COUNTIF(AW52:AW60,">0")+COUNTIF(AW80:AW82,">0")+COUNTIF(AW70:AW72,">0")+COUNTIF(AW85:AW88,">0")+COUNTIFS(AW63:AW67,">0")+COUNTIFS(AW11,">0")+COUNTIFS(AW17,">0")+COUNTIFS(AW23,">0")+COUNTIFS(AW30,">0")+COUNTIFS(AW39,">0")+COUNTIFS(AW93,">0") -> 0 | BA2: =COUNTIF(BA75:BA77,">0")+COUNTIF(BA52:BA60,">0")+COUNTIF(BA80:BA82,">0")+COUNTIF(BA70:BA72,">0")+COUNTIF(BA85:BA88,">0")+COUNTIFS(BA63:BA67,">0")+COUNTIFS(BA11,">0")+COUNTIFS(BA17,">0")+COUNTIFS(BA23,">0")+COUNTIFS(BA30,">0")+COUNTIFS(BA39,">0")+COUNTIFS(BA93,">0") -> 14 | BB2: =COUNTIF(BB75:BB77,">0")+COUNTIF(BB52:BB60,">0")+COUNTIF(BB80:BB82,">0")+COUNTIF(BB70:BB72,">0")+COUNTIF(BB85:BB88,">0")+COUNTIFS(BB63:BB67,">0")+COUNTIFS(BB11,">0")+COUNTIFS(BB17,">0")+COUNTIFS(BB23,">0")+COUNTIFS(BB30,">0")+COUNTIFS(BB39,">0")+COUNTIFS(BB93,">0") -> 4 | BC2: =COUNTIF(BC75:BC77,">0")+COUNTIF(BC52:BC60,">0")+COUNTIF(BC80:BC82,">0")+COUNTIF(BC70:BC72,">0")+COUNTIF(BC85:BC88,">0")+COUNTIFS(BC63:BC67,">0")+COUNTIFS(BC11,">0")+COUNTIFS(BC17,">0")+COUNTIFS(BC23,">0")+COUNTIFS(BC30,">0")+COUNTIFS(BC39,">0")+COUNTIFS(BC93,">0") -> 10 | BD2: =COUNTIF(BD75:BD77,">0")+COUNTIF(BD52:BD60,">0")+COUNTIF(BD80:BD82,">0")+COUNTIF(BD70:BD72,">0")+COUNTIF(BD85:BD88,">0")+COUNTIFS(BD63:BD67,">0")+COUNTIFS(BD11,">0")+COUNTIFS(BD17,">0")+COUNTIFS(BD23,">0")+COUNTIFS(BD30,">0")+COUNTIFS(BD39,">0")+COUNTIFS(BD93,">0") -> 9 | BE2: =COUNTIF(BE75:BE77,">0")+COUNTIF(BE52:BE60,">0")+COUNTIF(BE80:BE82,">0")+COUNTIF(BE70:BE72,">0")+COUNTIF(BE85:BE88,">0")+COUNTIFS(BE63:BE67,">0")+COUNTIFS(BE11,">0")+COUNTIFS(BE17,">0")+COUNTIFS(BE23,">0")+COUNTIFS(BE30,">0")+COUNTIFS(BE39,">0")+COUNTIFS(BE93,">0") -> 1 | BF2: =COUNTIF(BF75:BF77,">0")+COUNTIF(BF52:BF60,">0")+COUNTIF(BF80:BF82,">0")+COUNTIF(BF70:BF72,">0")+COUNTIF(BF85:BF88,">0")+COUNTIFS(BF63:BF67,">0")+COUNTIFS(BF11,">0")+COUNTIFS(BF17,">0")+COUNTIFS(BF23,">0")+COUNTIFS(BF30,">0")+COUNTIFS(BF39,">0")+COUNTIFS(BF93,">0") -> 0 | BG2: =COUNTIF(BG75:BG77,">0")+COUNTIF(BG52:BG60,">0")+COUNTIF(BG80:BG82,">0")+COUNTIF(BG70:BG72,">0")+COUNTIF(BG85:BG88,">0")+COUNTIFS(BG63:BG67,">0")+COUNTIFS(BG11,">0")+COUNTIFS(BG17,">0")+COUNTIFS(BG23,">0")+COUNTIFS(BG30,">0")+COUNTIFS(BG39,">0")+COUNTIFS(BG93,">0") -> 0 | BH2: =COUNTIF(BH75:BH77,">0")+COUNTIF(BH52:BH60,">0")+COUNTIF(BH80:BH82,">0")+COUNTIF(BH70:BH72,">0")+COUNTIF(BH85:BH88,">0")+COUNTIFS(BH63:BH67,">0")+COUNTIFS(BH11,">0")+COUNTIFS(BH17,">0")+COUNTIFS(BH23,">0")+COUNTIFS(BH30,">0")+COUNTIFS(BH39,">0")+COUNTIFS(BH93,">0") -> 8 | ... BL2: =COUNTIF(BL75:BL77,">0")+COUNTIF(BL52:BL60,">0")+COUNTIF(BL80:BL82,">0")+COUNTIF(BL70:BL72,">0")+COUNTIF(BL85:BL88,">0")+COUNTIFS(BL63:BL67,">0")+COUNTIFS(BL11,">0")+COUNTIFS(BL17,">0")+COUNTIFS(BL23,">0")+COUNTIFS(BL30,">0")+COUNTIFS(BL39,">0")+COUNTIFS(BL93,">0") -> 0 | BP2: =COUNTIF(BP75:BP77,">0")+COUNTIF(BP52:BP60,">0")+COUNTIF(BP80:BP82,">0")+COUNTIF(BP70:BP72,">0")+COUNTIF(BP85:BP88,">0")+COUNTIFS(BP63:BP67,">0")+COUNTIFS(BP11,">0")+COUNTIFS(BP17,">0")+COUNTIFS(BP23,">0")+COUNTIFS(BP30,">0")+COUNTIFS(BP39,">0")+COUNTIFS(BP93,">0") -> 9 | BQ2: =COUNTIF(BQ75:BQ77,">0")+COUNTIF(BQ52:BQ60,">0")+COUNTIF(BQ80:BQ82,">0")+COUNTIF(BQ70:BQ72,">0")+COUNTIF(BQ85:BQ88,">0")+COUNTIFS(BQ63:BQ67,">0")+COUNTIFS(BQ11,">0")+COUNTIFS(BQ17,">0")+COUNTIFS(BQ23,">0")+COUNTIFS(BQ30,">0")+COUNTIFS(BQ39,">0")+COUNTIFS(BQ93,">0") -> 4 | BR2: =COUNTIF(BR75:BR77,">0")+COUNTIF(BR52:BR60,">0")+COUNTIF(BR80:BR82,">0")+COUNTIF(BR70:BR72,">0")+COUNTIF(BR85:BR88,">0")+COUNTIFS(BR63:BR67,">0")+COUNTIFS(BR11,">0")+COUNTIFS(BR17,">0")+COUNTIFS(BR23,">0")+COUNTIFS(BR30,">0")+COUNTIFS(BR39,">0")+COUNTIFS(BR93,">0") -> 5 | BS2: =COUNTIF(BS75:BS77,">0")+COUNTIF(BS52:BS60,">0")+COUNTIF(BS80:BS82,">0")+COUNTIF(BS70:BS72,">0")+COUNTIF(BS85:BS88,">0")+COUNTIFS(BS63:BS67,">0")+COUNTIFS(BS11,">0")+COUNTIFS(BS17,">0")+COUNTIFS(BS23,">0")+COUNTIFS(BS30,">0")+COUNTIFS(BS39,">0")+COUNTIFS(BS93,">0") -> 4 | BT2: =COUNTIF(BT75:BT77,">0")+COUNTIF(BT52:BT60,">0")+COUNTIF(BT80:BT82,">0")+COUNTIF(BT70:BT72,">0")+COUNTIF(BT85:BT88,">0")+COUNTIFS(BT63:BT67,">0")+COUNTIFS(BT11,">0")+COUNTIFS(BT17,">0")+COUNTIFS(BT23,">0")+COUNTIFS(BT30,">0")+COUNTIFS(BT39,">0")+COUNTIFS(BT93,">0") -> 1 | BU2: =COUNTIF(BU75:BU77,">0")+COUNTIF(BU52:BU60,">0")+COUNTIF(BU80:BU82,">0")+COUNTIF(BU70:BU72,">0")+COUNTIF(BU85:BU88,">0")+COUNTIFS(BU63:BU67,">0")+COUNTIFS(BU11,">0")+COUNTIFS(BU17,">0")+COUNTIFS(BU23,">0")+COUNTIFS(BU30,">0")+COUNTIFS(BU39,">0")+COUNTIFS(BU93,">0") -> 0 | BV2: =COUNTIF(BV75:BV77,">0")+COUNTIF(BV52:BV60,">0")+COUNTIF(BV80:BV82,">0")+COUNTIF(BV70:BV72,">0")+COUNTIF(BV85:BV88,">0")+COUNTIFS(BV63:BV67,">0")+COUNTIFS(BV11,">0")+COUNTIFS(BV17,">0")+COUNTIFS(BV23,">0")+COUNTIFS(BV30,">0")+COUNTIFS(BV39,">0")+COUNTIFS(BV93,">0") -> 0 | BW2: =COUNTIF(BW75:BW77,">0")+COUNTIF(BW52:BW60,">0")+COUNTIF(BW80:BW82,">0")+COUNTIF(BW70:BW72,">0")+COUNTIF(BW85:BW88,">0")+COUNTIFS(BW63:BW67,">0")+COUNTIFS(BW11,">0")+COUNTIFS(BW17,">0")+COUNTIFS(BW23,">0")+COUNTIFS(BW30,">0")+COUNTIFS(BW39,">0")+COUNTIFS(BW93,">0") -> 4 | ... CA2: =COUNTIF(CA75:CA77,">0")+COUNTIF(CA52:CA60,">0")+COUNTIF(CA80:CA82,">0")+COUNTIF(CA70:CA72,">0")+COUNTIF(CA85:CA88,">0")+COUNTIFS(CA63:CA67,">0")+COUNTIFS(CA11,">0")+COUNTIFS(CA17,">0")+COUNTIFS(CA23,">0")+COUNTIFS(CA30,">0")+COUNTIFS(CA39,">0")+COUNTIFS(CA93,">0") -> 0
C4: 0059 | Pursuit of a Radical Rhapsody | Commercial | F4: Total | H4: Total Packages | I4: Packages till Dec'22 | J4: Planned Packages in CY 23 | K4: Q1 | L4: Q2 | M4: Q3 | N4: Q4 | O4: Actual Packages in CY 23 | P4: Q1 | Q4: Q2 | R4: Q3 | S4: Q4 | U4: AR | W4: Total Packages | X4: Packages till Dec'22 | Y4: Planned Packages in CY 23 | Z4: Q1 | AA4: Q2 | AB4: Q3 | AC4: Q4 | AD4: Actual Packages in CY 23 | AE4: Q1 | AF4: Q2 | AG4: Q3 | AH4: Q4 | AJ4: ST | AL4: Total Packages | AM4: Packages till Dec'22 | AN4: Planned Packages in CY 23 | AO4: Q1 | AP4: Q2 | AQ4: Q3 | AR4: Q4 | AS4: Actual Packages in CY 23 | AT4: Q1 | AU4: Q2 | AV4: Q3 | AW4: Q4 | AY4: MEP | BA4: Total Packages | BB4: Packages till Dec'22 | BC4: Planned Packages in CY 23 | BD4: Q1 | BE4: Q2 | BF4: Q3 | BG4: Q4 | BH4: Actual Packages in CY 23 | BI4: Q1 | BJ4: Q2 | BK4: Q3 | BL4: Q4 | BN4: LS | BP4: Total Packages | BQ4: Packages till Dec'22 | BR4: Planned Packages in CY 23 | BS4: Q1 | BT4: Q2 | BU4: Q3 | BV4: Q4 | BW4: Actual Packages in CY 23 | BX4: Q1 | BY4: Q2 | BZ4: Q3 | CA4: Q4
G5: =X5+AM5+BB5+BQ5 -> 0
F7: =W7+AL7+BA7+BP7 -> 0 | G7: =X7+AM7+BB7+BQ7 -> 0 | H7: =W7+AL7+BA7+BP7 -> 0 | I7: =X7+AM7+BB7+BQ7 -> 0 | J7: =Y7+AN7+BC7+BR7 -> 0 | K7: =Z7+AO7+BD7+BS7 -> 0 | L7: =AA7+AP7+BE7+BT7 -> 0 | M7: =AB7+AQ7+BF7+BU7 -> 0 | N7: =AC7+AR7+BG7+BV7 -> 0 | O7: =AD7+AS7+BH7+BW7 -> 0 | ... S7: =AH7+AW7+BL7+CA7 -> 0
C9: DESIGN
B11: 1 | C11: 1 | D11: Contract + Design Brief | W11: =IF('Design Fee'!H11>0,2,"-") -> 2 | X11: =IF('Design Fee'!J11>0,2,"-") -> 2 | Y11: =IF('Design Fee'!K11>0,2,"-") -> - | Z11: =IF('Design Fee'!L11>0,2,"-") -> - | AA11: =IF('Design Fee'!M11>0,2,"-") -> - | AB11: =IF('Design Fee'!N11>0,2,"-") -> - | AC11: =IF('Design Fee'!O11>0,2,"-") -> - | AD11: =IF('Design Fee'!Q11>0,2,"-") -> - | AE11: =IF('Design Fee'!R11>0,2,"-") -> - | AF11: =IF('Design Fee'!S11>0,2,"-") -> - | AG11: =IF('Design Fee'!T11>0,2,"-") -> - | AH11: =IF('Design Fee'!U11>0,2,"-") -> - | AL11: =IF('Design Fee'!AR11>0,2,"-") -> - | AM11: =IF('Design Fee'!AT11>0,2,"-") -> - | AN11: =IF('Design Fee'!AU11>0,2,"-") -> - | AO11: =IF('Design Fee'!AV11>0,2,"-") -> - | AP11: =IF('Design Fee'!AW11>0,2,"-") -> - | AQ11: =IF('Design Fee'!AX11>0,2,"-") -> - | AR11: =IF('Design Fee'!AY11>0,2,"-") -> - | AS11: =IF('Design Fee'!BA11>0,2,"-") -> - | AT11: =IF('Design Fee'!BB11>0,2,"-") -> - | AU11: =IF('Design Fee'!BC11>0,2,"-") -> - | AV11: =IF('Design Fee'!BD11>0,2,"-") -> - | AW11: =IF('Design Fee'!BE11>0,2,"-") -> - | BA11: =IF('Design Fee'!CB11>0,2,"-") -> - | BB11: =IF('Design Fee'!CD11>0,2,"-") -> - | BC11: =IF('Design Fee'!CE11>0,2,"-") -> - | BD11: =IF('Design Fee'!CF11>0,2,"-") -> - | BE11: =IF('Design Fee'!CG11>0,2,"-") -> - | BF11: =IF('Design Fee'!CH11>0,2,"-") -> - | BG11: =IF('Design Fee'!CI11>0,2,"-") -> - | BH11: =IF('Design Fee'!CK11>0,2,"-") -> - | BI11: =IF('Design Fee'!CL11>0,2,"-") -> - | BJ11: =IF('Design Fee'!CM11>0,2,"-") -> - | BK11: =IF('Design Fee'!CN11>0,2,"-") -> - | BL11: =IF('Design Fee'!CO11>0,2,"-") -> - | BP11: =IF('Design Fee'!DL11>0,2,"-") -> - | BQ11: =IF('Design Fee'!DN11>0,2,"-") -> - | BR11: =IF('Design Fee'!DO11>0,2,"-") -> - | BS11: =IF('Design Fee'!DP11>0,2,"-") -> - | BT11: =IF('Design Fee'!DQ11>0,2,"-") -> - | BU11: =IF('Design Fee'!DR11>0,2,"-") -> - | BV11: =IF('Design Fee'!DS11>0,2,"-") -> - | BW11: =IF('Design Fee'!DU11>0,2,"-") -> - | BX11: =IF('Design Fee'!DV11>0,2,"-") -> - | BY11: =IF('Design Fee'!DW11>0,2,"-") -> - | BZ11: =IF('Design Fee'!DX11>0,2,"-") -> - | CA11: =IF('Design Fee'!DY11>0,2,"-") -> -
B12: 1 | C12: 1 | D12: Vision Statement | W12: =IF('Design Fee'!H12>0,2,"-") -> - | X12: =IF('Design Fee'!J12>0,2,"-") -> - | Y12: =IF('Design Fee'!K12>0,2,"-") -> - | Z12: =IF('Design Fee'!L12>0,2,"-") -> - | AA12: =IF('Design Fee'!M12>0,2,"-") -> - | AB12: =IF('Design Fee'!N12>0,2,"-") -> - | AC12: =IF('Design Fee'!O12>0,2,"-") -> - | AD12: =IF('Design Fee'!Q12>0,2,"-") -> - | AE12: =IF('Design Fee'!R12>0,2,"-") -> - | AF12: =IF('Design Fee'!S12>0,2,"-") -> - | AG12: =IF('Design Fee'!T12>0,2,"-") -> - | AH12: =IF('Design Fee'!U12>0,2,"-") -> - | AL12: =IF('Design Fee'!AR12>0,2,"-") -> - | AM12: =IF('Design Fee'!AT12>0,2,"-") -> - | AN12: =IF('Design Fee'!AU12>0,2,"-") -> - | AO12: =IF('Design Fee'!AV12>0,2,"-") -> - | AP12: =IF('Design Fee'!AW12>0,2,"-") -> - | AQ12: =IF('Design Fee'!AX12>0,2,"-") -> - | AR12: =IF('Design Fee'!AY12>0,2,"-") -> - | AS12: =IF('Design Fee'!BA12>0,2,"-") -> - | AT12: =IF('Design Fee'!BB12>0,2,"-") -> - | AU12: =IF('Design Fee'!BC12>0,2,"-") -> - | AV12: =IF('Design Fee'!BD12>0,2,"-") -> - | AW12: =IF('Design Fee'!BE12>0,2,"-") -> - | BA12: =IF('Design Fee'!CB12>0,2,"-") -> - | BB12: =IF('Design Fee'!CD12>0,2,"-") -> - | BC12: =IF('Design Fee'!CE12>0,2,"-") -> - | BD12: =IF('Design Fee'!CF12>0,2,"-") -> - | BE12: =IF('Design Fee'!CG12>0,2,"-") -> - | BF12: =IF('Design Fee'!CH12>0,2,"-") -> - | BG12: =IF('Design Fee'!CI12>0,2,"-") -> - | BH12: =IF('Design Fee'!CK12>0,2,"-") -> - | BI12: =IF('Design Fee'!CL12>0,2,"-") -> - | BJ12: =IF('Design Fee'!CM12>0,2,"-") -> - | BK12: =IF('Design Fee'!CN12>0,2,"-") -> - | BL12: =IF('Design Fee'!CO12>0,2,"-") -> - | BP12: =IF('Design Fee'!DL12>0,2,"-") -> - | BQ12: =IF('Design Fee'!DN12>0,2,"-") -> - | BR12: =IF('Design Fee'!DO12>0,2,"-") -> - | BS12: =IF('Design Fee'!DP12>0,2,"-") -> - | BT12: =IF('Design Fee'!DQ12>0,2,"-") -> - | BU12: =IF('Design Fee'!DR12>0,2,"-") -> - | BV12: =IF('Design Fee'!DS12>0,2,"-") -> - | BW12: =IF('Design Fee'!DU12>0,2,"-") -> - | BX12: =IF('Design Fee'!DV12>0,2,"-") -> - | BY12: =IF('Design Fee'!DW12>0,2,"-") -> - | BZ12: =IF('Design Fee'!DX12>0,2,"-") -> - | CA12: =IF('Design Fee'!DY12>0,2,"-") -> -
B13: 2 | C13: 2 | D13: Land - Topographical Survey with information as per defined standard, | W13: =IF('Design Fee'!H13>0,2,"-") -> - | X13: =IF('Design Fee'!J13>0,2,"-") -> - | Y13: =IF('Design Fee'!K13>0,2,"-") -> - | Z13: =IF('Design Fee'!L13>0,2,"-") -> - | AA13: =IF('Design Fee'!M13>0,2,"-") -> - | AB13: =IF('Design Fee'!N13>0,2,"-") -> - | AC13: =IF('Design Fee'!O13>0,2,"-") -> - | AD13: =IF('Design Fee'!Q13>0,2,"-") -> - | AE13: =IF('Design Fee'!R13>0,2,"-") -> - | AF13: =IF('Design Fee'!S13>0,2,"-") -> - | AG13: =IF('Design Fee'!T13>0,2,"-") -> - | AH13: =IF('Design Fee'!U13>0,2,"-") -> - | AL13: =IF('Design Fee'!AR13>0,2,"-") -> - | AM13: =IF('Design Fee'!AT13>0,2,"-") -> - | AN13: =IF('Design Fee'!AU13>0,2,"-") -> - | AO13: =IF('Design Fee'!AV13>0,2,"-") -> - | AP13: =IF('Design Fee'!AW13>0,2,"-") -> - | AQ13: =IF('Design Fee'!AX13>0,2,"-") -> - | AR13: =IF('Design Fee'!AY13>0,2,"-") -> - | AS13: =IF('Design Fee'!BA13>0,2,"-") -> - | AT13: =IF('Design Fee'!BB13>0,2,"-") -> - | AU13: =IF('Design Fee'!BC13>0,2,"-") -> - | AV13: =IF('Design Fee'!BD13>0,2,"-") -> - | AW13: =IF('Design Fee'!BE13>0,2,"-") -> - | BA13: =IF('Design Fee'!CB13>0,2,"-") -> - | BB13: =IF('Design Fee'!CD13>0,2,"-") -> - | BC13: =IF('Design Fee'!CE13>0,2,"-") -> - | BD13: =IF('Design Fee'!CF13>0,2,"-") -> - | BE13: =IF('Design Fee'!CG13>0,2,"-") -> - | BF13: =IF('Design Fee'!CH13>0,2,"-") -> - | BG13: =IF('Design Fee'!CI13>0,2,"-") -> - | BH13: =IF('Design Fee'!CK13>0,2,"-") -> - | BI13: =IF('Design Fee'!CL13>0,2,"-") -> - | BJ13: =IF('Design Fee'!CM13>0,2,"-") -> - | BK13: =IF('Design Fee'!CN13>0,2,"-") -> - | BL13: =IF('Design Fee'!CO13>0,2,"-") -> - | BP13: =IF('Design Fee'!DL13>0,2,"-") -> - | BQ13: =IF('Design Fee'!DN13>0,2,"-") -> - | BR13: =IF('Design Fee'!DO13>0,2,"-") -> - | BS13: =IF('Design Fee'!DP13>0,2,"-") -> - | BT13: =IF('Design Fee'!DQ13>0,2,"-") -> - | BU13: =IF('Design Fee'!DR13>0,2,"-") -> - | BV13: =IF('Design Fee'!DS13>0,2,"-") -> - | BW13: =IF('Design Fee'!DU13>0,2,"-") -> - | BX13: =IF('Design Fee'!DV13>0,2,"-") -> - | BY13: =IF('Design Fee'!DW13>0,2,"-") -> - | BZ13: =IF('Design Fee'!DX13>0,2,"-") -> - | CA13: =IF('Design Fee'!DY13>0,2,"-") -> -
B14: 3 | C14: 3 | D14: Zoning & Development Regulations | W14: =IF('Design Fee'!H14>0,2,"-") -> - | X14: =IF('Design Fee'!J14>0,2,"-") -> - | Y14: =IF('Design Fee'!K14>0,2,"-") -> - | Z14: =IF('Design Fee'!L14>0,2,"-") -> - | AA14: =IF('Design Fee'!M14>0,2,"-") -> - | AB14: =IF('Design Fee'!N14>0,2,"-") -> - | AC14: =IF('Design Fee'!O14>0,2,"-") -> - | AD14: =IF('Design Fee'!Q14>0,2,"-") -> - | AE14: =IF('Design Fee'!R14>0,2,"-") -> - | AF14: =IF('Design Fee'!S14>0,2,"-") -> - | AG14: =IF('Design Fee'!T14>0,2,"-") -> - | AH14: =IF('Design Fee'!U14>0,2,"-") -> - | AL14: =IF('Design Fee'!AR14>0,2,"-") -> - | AM14: =IF('Design Fee'!AT14>0,2,"-") -> - | AN14: =IF('Design Fee'!AU14>0,2,"-") -> - | AO14: =IF('Design Fee'!AV14>0,2,"-") -> - | AP14: =IF('Design Fee'!AW14>0,2,"-") -> - | AQ14: =IF('Design Fee'!AX14>0,2,"-") -> - | AR14: =IF('Design Fee'!AY14>0,2,"-") -> - | AS14: =IF('Design Fee'!BA14>0,2,"-") -> - | AT14: =IF('Design Fee'!BB14>0,2,"-") -> - | AU14: =IF('Design Fee'!BC14>0,2,"-") -> - | AV14: =IF('Design Fee'!BD14>0,2,"-") -> - | AW14: =IF('Design Fee'!BE14>0,2,"-") -> - | BA14: =IF('Design Fee'!CB14>0,2,"-") -> - | BB14: =IF('Design Fee'!CD14>0,2,"-") -> - | BC14: =IF('Design Fee'!CE14>0,2,"-") -> - | BD14: =IF('Design Fee'!CF14>0,2,"-") -> - | BE14: =IF('Design Fee'!CG14>0,2,"-") -> - | BF14: =IF('Design Fee'!CH14>0,2,"-") -> - | BG14: =IF('Design Fee'!CI14>0,2,"-") -> - | BH14: =IF('Design Fee'!CK14>0,2,"-") -> - | BI14: =IF('Design Fee'!CL14>0,2,"-") -> - | BJ14: =IF('Design Fee'!CM14>0,2,"-") -> - | BK14: =IF('Design Fee'!CN14>0,2,"-") -> - | BL14: =IF('Design Fee'!CO14>0,2,"-") -> - | BP14: =IF('Design Fee'!DL14>0,2,"-") -> - | BQ14: =IF('Design Fee'!DN14>0,2,"-") -> - | BR14: =IF('Design Fee'!DO14>0,2,"-") -> - | BS14: =IF('Design Fee'!DP14>0,2,"-") -> - | BT14: =IF('Design Fee'!DQ14>0,2,"-") -> - | BU14: =IF('Design Fee'!DR14>0,2,"-") -> - | BV14: =IF('Design Fee'!DS14>0,2,"-") -> - | BW14: =IF('Design Fee'!DU14>0,2,"-") -> - | BX14: =IF('Design Fee'!DV14>0,2,"-") -> - | BY14: =IF('Design Fee'!DW14>0,2,"-") -> - | BZ14: =IF('Design Fee'!DX14>0,2,"-") -> - | CA14: =IF('Design Fee'!DY14>0,2,"-") -> -
B15: 4 | C15: 4 | D15: Design Brief | W15: =IF('Design Fee'!H15>0,2,"-") -> - | X15: =IF('Design Fee'!J15>0,2,"-") -> - | Y15: =IF('Design Fee'!K15>0,2,"-") -> - | Z15: =IF('Design Fee'!L15>0,2,"-") -> - | AA15: =IF('Design Fee'!M15>0,2,"-") -> - | AB15: =IF('Design Fee'!N15>0,2,"-") -> - | AC15: =IF('Design Fee'!O15>0,2,"-") -> - | AD15: =IF('Design Fee'!Q15>0,2,"-") -> - | AE15: =IF('Design Fee'!R15>0,2,"-") -> - | AF15: =IF('Design Fee'!S15>0,2,"-") -> - | AG15: =IF('Design Fee'!T15>0,2,"-") -> - | AH15: =IF('Design Fee'!U15>0,2,"-") -> - | AL15: =IF('Design Fee'!AR15>0,2,"-") -> - | AM15: =IF('Design Fee'!AT15>0,2,"-") -> - | AN15: =IF('Design Fee'!AU15>0,2,"-") -> - | AO15: =IF('Design Fee'!AV15>0,2,"-") -> - | AP15: =IF('Design Fee'!AW15>0,2,"-") -> - | AQ15: =IF('Design Fee'!AX15>0,2,"-") -> - | AR15: =IF('Design Fee'!AY15>0,2,"-") -> - | AS15: =IF('Design Fee'!BA15>0,2,"-") -> - | AT15: =IF('Design Fee'!BB15>0,2,"-") -> - | AU15: =IF('Design Fee'!BC15>0,2,"-") -> - | AV15: =IF('Design Fee'!BD15>0,2,"-") -> - | AW15: =IF('Design Fee'!BE15>0,2,"-") -> - | BA15: =IF('Design Fee'!CB15>0,2,"-") -> - | BB15: =IF('Design Fee'!CD15>0,2,"-") -> - | BC15: =IF('Design Fee'!CE15>0,2,"-") -> - | BD15: =IF('Design Fee'!CF15>0,2,"-") -> - | BE15: =IF('Design Fee'!CG15>0,2,"-") -> - | BF15: =IF('Design Fee'!CH15>0,2,"-") -> - | BG15: =IF('Design Fee'!CI15>0,2,"-") -> - | BH15: =IF('Design Fee'!CK15>0,2,"-") -> - | BI15: =IF('Design Fee'!CL15>0,2,"-") -> - | BJ15: =IF('Design Fee'!CM15>0,2,"-") -> - | BK15: =IF('Design Fee'!CN15>0,2,"-") -> - | BL15: =IF('Design Fee'!CO15>0,2,"-") -> - | BP15: =IF('Design Fee'!DL15>0,2,"-") -> - | BQ15: =IF('Design Fee'!DN15>0,2,"-") -> - | BR15: =IF('Design Fee'!DO15>0,2,"-") -> - | BS15: =IF('Design Fee'!DP15>0,2,"-") -> - | BT15: =IF('Design Fee'!DQ15>0,2,"-") -> - | BU15: =IF('Design Fee'!DR15>0,2,"-") -> - | BV15: =IF('Design Fee'!DS15>0,2,"-") -> - | BW15: =IF('Design Fee'!DU15>0,2,"-") -> - | BX15: =IF('Design Fee'!DV15>0,2,"-") -> - | BY15: =IF('Design Fee'!DW15>0,2,"-") -> - | BZ15: =IF('Design Fee'!DX15>0,2,"-") -> - | CA15: =IF('Design Fee'!DY15>0,2,"-") -> -
B17: 2 | C17: 2 | D17: Schematic Concept | G17: =X17+AM17+BB17+BQ17 -> 8 | W17: =IF('Design Fee'!H17>0,2,"-") -> 2 | X17: =IF('Design Fee'!J17>0,2,"-") -> 2 | Y17: =IF('Design Fee'!K17>0,2,"-") -> - | Z17: =IF('Design Fee'!L17>0,2,"-") -> - | AA17: =IF('Design Fee'!M17>0,2,"-") -> - | AB17: =IF('Design Fee'!N17>0,2,"-") -> - | AC17: =IF('Design Fee'!O17>0,2,"-") -> - | AD17: =IF('Design Fee'!Q17>0,2,"-") -> - | AE17: =IF('Design Fee'!R17>0,2,"-") -> - | AF17: =IF('Design Fee'!S17>0,2,"-") -> - | AG17: =IF('Design Fee'!T17>0,2,"-") -> - | AH17: =IF('Design Fee'!U17>0,2,"-") -> - | AL17: =IF('Design Fee'!AR17>0,2,"-") -> 2 | AM17: =IF('Design Fee'!AT17>0,2,"-") -> 2 | AN17: =IF('Design Fee'!AU17>0,2,"-") -> - | AO17: =IF('Design Fee'!AV17>0,2,"-") -> - | AP17: =IF('Design Fee'!AW17>0,2,"-") -> - | AQ17: =IF('Design Fee'!AX17>0,2,"-") -> - | AR17: =IF('Design Fee'!AY17>0,2,"-") -> - | AS17: =IF('Design Fee'!BA17>0,2,"-") -> - | AT17: =IF('Design Fee'!BB17>0,2,"-") -> - | AU17: =IF('Design Fee'!BC17>0,2,"-") -> - | AV17: =IF('Design Fee'!BD17>0,2,"-") -> - | AW17: =IF('Design Fee'!BE17>0,2,"-") -> - | BA17: =IF('Design Fee'!CB17>0,2,"-") -> 2 | BB17: =IF('Design Fee'!CD17>0,2,"-") -> 2 | BC17: =IF('Design Fee'!CE17>0,2,"-") -> - | BD17: =IF('Design Fee'!CF17>0,2,"-") -> - | BE17: =IF('Design Fee'!CG17>0,2,"-") -> - | BF17: =IF('Design Fee'!CH17>0,2,"-") -> - | BG17: =IF('Design Fee'!CI17>0,2,"-") -> - | BH17: =IF('Design Fee'!CK17>0,2,"-") -> - | BI17: =IF('Design Fee'!CL17>0,2,"-") -> - | BJ17: =IF('Design Fee'!CM17>0,2,"-") -> - | BK17: =IF('Design Fee'!CN17>0,2,"-") -> - | BL17: =IF('Design Fee'!CO17>0,2,"-") -> - | BP17: =IF('Design Fee'!DL17>0,2,"-") -> 2 | BQ17: =IF('Design Fee'!DN17>0,2,"-") -> 2 | BR17: =IF('Design Fee'!DO17>0,2,"-") -> - | BS17: =IF('Design Fee'!DP17>0,2,"-") -> - | BT17: =IF('Design Fee'!DQ17>0,2,"-") -> - | BU17: =IF('Design Fee'!DR17>0,2,"-") -> - | BV17: =IF('Design Fee'!DS17>0,2,"-") -> - | BW17: =IF('Design Fee'!DU17>0,2,"-") -> - | BX17: =IF('Design Fee'!DV17>0,2,"-") -> - | BY17: =IF('Design Fee'!DW17>0,2,"-") -> - | BZ17: =IF('Design Fee'!DX17>0,2,"-") -> - | CA17: =IF('Design Fee'!DY17>0,2,"-") -> -
B18: 6 | C18: 1 | D18: Master Plan | W18: =IF('Design Fee'!H18>0,2,"-") -> - | X18: =IF('Design Fee'!J18>0,2,"-") -> - | Y18: =IF('Design Fee'!K18>0,2,"-") -> - | Z18: =IF('Design Fee'!L18>0,2,"-") -> - | AA18: =IF('Design Fee'!M18>0,2,"-") -> - | AB18: =IF('Design Fee'!N18>0,2,"-") -> - | AC18: =IF('Design Fee'!O18>0,2,"-") -> - | AD18: =IF('Design Fee'!Q18>0,2,"-") -> - | AE18: =IF('Design Fee'!R18>0,2,"-") -> - | AF18: =IF('Design Fee'!S18>0,2,"-") -> - | AG18: =IF('Design Fee'!T18>0,2,"-") -> - | AH18: =IF('Design Fee'!U18>0,2,"-") -> - | AL18: =IF('Design Fee'!AR18>0,2,"-") -> - | AM18: =IF('Design Fee'!AT18>0,2,"-") -> - | AN18: =IF('Design Fee'!AU18>0,2,"-") -> - | AO18: =IF('Design Fee'!AV18>0,2,"-") -> - | AP18: =IF('Design Fee'!AW18>0,2,"-") -> - | AQ18: =IF('Design Fee'!AX18>0,2,"-") -> - | AR18: =IF('Design Fee'!AY18>0,2,"-") -> - | AS18: =IF('Design Fee'!BA18>0,2,"-") -> - | AT18: =IF('Design Fee'!BB18>0,2,"-") -> - | AU18: =IF('Design Fee'!BC18>0,2,"-") -> - | AV18: =IF('Design Fee'!BD18>0,2,"-") -> - | AW18: =IF('Design Fee'!BE18>0,2,"-") -> - | BA18: =IF('Design Fee'!CB18>0,2,"-") -> - | BB18: =IF('Design Fee'!CD18>0,2,"-") -> - | BC18: =IF('Design Fee'!CE18>0,2,"-") -> - | BD18: =IF('Design Fee'!CF18>0,2,"-") -> - | BE18: =IF('Design Fee'!CG18>0,2,"-") -> - | BF18: =IF('Design Fee'!CH18>0,2,"-") -> - | BG18: =IF('Design Fee'!CI18>0,2,"-") -> - | BH18: =IF('Design Fee'!CK18>0,2,"-") -> - | BI18: =IF('Design Fee'!CL18>0,2,"-") -> - | BJ18: =IF('Design Fee'!CM18>0,2,"-") -> - | BK18: =IF('Design Fee'!CN18>0,2,"-") -> - | BL18: =IF('Design Fee'!CO18>0,2,"-") -> - | BP18: =IF('Design Fee'!DL18>0,2,"-") -> - | BQ18: =IF('Design Fee'!DN18>0,2,"-") -> - | BR18: =IF('Design Fee'!DO18>0,2,"-") -> - | BS18: =IF('Design Fee'!DP18>0,2,"-") -> - | BT18: =IF('Design Fee'!DQ18>0,2,"-") -> - | BU18: =IF('Design Fee'!DR18>0,2,"-") -> - | BV18: =IF('Design Fee'!DS18>0,2,"-") -> - | BW18: =IF('Design Fee'!DU18>0,2,"-") -> - | BX18: =IF('Design Fee'!DV18>0,2,"-") -> - | BY18: =IF('Design Fee'!DW18>0,2,"-") -> - | BZ18: =IF('Design Fee'!DX18>0,2,"-") -> - | CA18: =IF('Design Fee'!DY18>0,2,"-") -> -
B19: 6 | C19: 2 | D19: Blocks and Products | W19: =IF('Design Fee'!H19>0,2,"-") -> - | X19: =IF('Design Fee'!J19>0,2,"-") -> - | Y19: =IF('Design Fee'!K19>0,2,"-") -> - | Z19: =IF('Design Fee'!L19>0,2,"-") -> - | AA19: =IF('Design Fee'!M19>0,2,"-") -> - | AB19: =IF('Design Fee'!N19>0,2,"-") -> - | AC19: =IF('Design Fee'!O19>0,2,"-") -> - | AD19: =IF('Design Fee'!Q19>0,2,"-") -> - | AE19: =IF('Design Fee'!R19>0,2,"-") -> - | AF19: =IF('Design Fee'!S19>0,2,"-") -> - | AG19: =IF('Design Fee'!T19>0,2,"-") -> - | AH19: =IF('Design Fee'!U19>0,2,"-") -> - | AL19: =IF('Design Fee'!AR19>0,2,"-") -> - | AM19: =IF('Design Fee'!AT19>0,2,"-") -> - | AN19: =IF('Design Fee'!AU19>0,2,"-") -> - | AO19: =IF('Design Fee'!AV19>0,2,"-") -> - | AP19: =IF('Design Fee'!AW19>0,2,"-") -> - | AQ19: =IF('Design Fee'!AX19>0,2,"-") -> - | AR19: =IF('Design Fee'!AY19>0,2,"-") -> - | AS19: =IF('Design Fee'!BA19>0,2,"-") -> - | AT19: =IF('Design Fee'!BB19>0,2,"-") -> - | AU19: =IF('Design Fee'!BC19>0,2,"-") -> - | AV19: =IF('Design Fee'!BD19>0,2,"-") -> - | AW19: =IF('Design Fee'!BE19>0,2,"-") -> - | BA19: =IF('Design Fee'!CB19>0,2,"-") -> - | BB19: =IF('Design Fee'!CD19>0,2,"-") -> - | BC19: =IF('Design Fee'!CE19>0,2,"-") -> - | BD19: =IF('Design Fee'!CF19>0,2,"-") -> - | BE19: =IF('Design Fee'!CG19>0,2,"-") -> - | BF19: =IF('Design Fee'!CH19>0,2,"-") -> - | BG19: =IF('Design Fee'!CI19>0,2,"-") -> - | BH19: =IF('Design Fee'!CK19>0,2,"-") -> - | BI19: =IF('Design Fee'!CL19>0,2,"-") -> - | BJ19: =IF('Design Fee'!CM19>0,2,"-") -> - | BK19: =IF('Design Fee'!CN19>0,2,"-") -> - | BL19: =IF('Design Fee'!CO19>0,2,"-") -> - | BP19: =IF('Design Fee'!DL19>0,2,"-") -> - | BQ19: =IF('Design Fee'!DN19>0,2,"-") -> - | BR19: =IF('Design Fee'!DO19>0,2,"-") -> - | BS19: =IF('Design Fee'!DP19>0,2,"-") -> - | BT19: =IF('Design Fee'!DQ19>0,2,"-") -> - | BU19: =IF('Design Fee'!DR19>0,2,"-") -> - | BV19: =IF('Design Fee'!DS19>0,2,"-") -> - | BW19: =IF('Design Fee'!DU19>0,2,"-") -> - | BX19: =IF('Design Fee'!DV19>0,2,"-") -> - | BY19: =IF('Design Fee'!DW19>0,2,"-") -> - | BZ19: =IF('Design Fee'!DX19>0,2,"-") -> - | CA19: =IF('Design Fee'!DY19>0,2,"-") -> -
B20: 6 | C20: 3 | D20: Amenities & Facilities | W20: =IF('Design Fee'!H20>0,2,"-") -> - | X20: =IF('Design Fee'!J20>0,2,"-") -> - | Y20: =IF('Design Fee'!K20>0,2,"-") -> - | Z20: =IF('Design Fee'!L20>0,2,"-") -> - | AA20: =IF('Design Fee'!M20>0,2,"-") -> - | AB20: =IF('Design Fee'!N20>0,2,"-") -> - | AC20: =IF('Design Fee'!O20>0,2,"-") -> - | AD20: =IF('Design Fee'!Q20>0,2,"-") -> - | AE20: =IF('Design Fee'!R20>0,2,"-") -> - | AF20: =IF('Design Fee'!S20>0,2,"-") -> - | AG20: =IF('Design Fee'!T20>0,2,"-") -> - | AH20: =IF('Design Fee'!U20>0,2,"-") -> - | AL20: =IF('Design Fee'!AR20>0,2,"-") -> - | AM20: =IF('Design Fee'!AT20>0,2,"-") -> - | AN20: =IF('Design Fee'!AU20>0,2,"-") -> - | AO20: =IF('Design Fee'!AV20>0,2,"-") -> - | AP20: =IF('Design Fee'!AW20>0,2,"-") -> - | AQ20: =IF('Design Fee'!AX20>0,2,"-") -> - | AR20: =IF('Design Fee'!AY20>0,2,"-") -> - | AS20: =IF('Design Fee'!BA20>0,2,"-") -> - | AT20: =IF('Design Fee'!BB20>0,2,"-") -> - | AU20: =IF('Design Fee'!BC20>0,2,"-") -> - | AV20: =IF('Design Fee'!BD20>0,2,"-") -> - | AW20: =IF('Design Fee'!BE20>0,2,"-") -> - | BA20: =IF('Design Fee'!CB20>0,2,"-") -> - | BB20: =IF('Design Fee'!CD20>0,2,"-") -> - | BC20: =IF('Design Fee'!CE20>0,2,"-") -> - | BD20: =IF('Design Fee'!CF20>0,2,"-") -> - | BE20: =IF('Design Fee'!CG20>0,2,"-") -> - | BF20: =IF('Design Fee'!CH20>0,2,"-") -> - | BG20: =IF('Design Fee'!CI20>0,2,"-") -> - | BH20: =IF('Design Fee'!CK20>0,2,"-") -> - | BI20: =IF('Design Fee'!CL20>0,2,"-") -> - | BJ20: =IF('Design Fee'!CM20>0,2,"-") -> - | BK20: =IF('Design Fee'!CN20>0,2,"-") -> - | BL20: =IF('Design Fee'!CO20>0,2,"-") -> - | BP20: =IF('Design Fee'!DL20>0,2,"-") -> - | BQ20: =IF('Design Fee'!DN20>0,2,"-") -> - | BR20: =IF('Design Fee'!DO20>0,2,"-") -> - | BS20: =IF('Design Fee'!DP20>0,2,"-") -> - | BT20: =IF('Design Fee'!DQ20>0,2,"-") -> - | BU20: =IF('Design Fee'!DR20>0,2,"-") -> - | BV20: =IF('Design Fee'!DS20>0,2,"-") -> - | BW20: =IF('Design Fee'!DU20>0,2,"-") -> - | BX20: =IF('Design Fee'!DV20>0,2,"-") -> - | BY20: =IF('Design Fee'!DW20>0,2,"-") -> - | BZ20: =IF('Design Fee'!DX20>0,2,"-") -> - | CA20: =IF('Design Fee'!DY20>0,2,"-") -> -
B21: 6 | C21: 4 | D21: Design Basis | W21: =IF('Design Fee'!H21>0,2,"-") -> - | X21: =IF('Design Fee'!J21>0,2,"-") -> - | Y21: =IF('Design Fee'!K21>0,2,"-") -> - | Z21: =IF('Design Fee'!L21>0,2,"-") -> - | AA21: =IF('Design Fee'!M21>0,2,"-") -> - | AB21: =IF('Design Fee'!N21>0,2,"-") -> - | AC21: =IF('Design Fee'!O21>0,2,"-") -> - | AD21: =IF('Design Fee'!Q21>0,2,"-") -> - | AE21: =IF('Design Fee'!R21>0,2,"-") -> - | AF21: =IF('Design Fee'!S21>0,2,"-") -> - | AG21: =IF('Design Fee'!T21>0,2,"-") -> - | AH21: =IF('Design Fee'!U21>0,2,"-") -> - | AL21: =IF('Design Fee'!AR21>0,2,"-") -> - | AM21: =IF('Design Fee'!AT21>0,2,"-") -> - | AN21: =IF('Design Fee'!AU21>0,2,"-") -> - | AO21: =IF('Design Fee'!AV21>0,2,"-") -> - | AP21: =IF('Design Fee'!AW21>0,2,"-") -> - | AQ21: =IF('Design Fee'!AX21>0,2,"-") -> - | AR21: =IF('Design Fee'!AY21>0,2,"-") -> - | AS21: =IF('Design Fee'!BA21>0,2,"-") -> - | AT21: =IF('Design Fee'!BB21>0,2,"-") -> - | AU21: =IF('Design Fee'!BC21>0,2,"-") -> - | AV21: =IF('Design Fee'!BD21>0,2,"-") -> - | AW21: =IF('Design Fee'!BE21>0,2,"-") -> - | BA21: =IF('Design Fee'!CB21>0,2,"-") -> - | BB21: =IF('Design Fee'!CD21>0,2,"-") -> - | BC21: =IF('Design Fee'!CE21>0,2,"-") -> - | BD21: =IF('Design Fee'!CF21>0,2,"-") -> - | BE21: =IF('Design Fee'!CG21>0,2,"-") -> - | BF21: =IF('Design Fee'!CH21>0,2,"-") -> - | BG21: =IF('Design Fee'!CI21>0,2,"-") -> - | BH21: =IF('Design Fee'!CK21>0,2,"-") -> - | BI21: =IF('Design Fee'!CL21>0,2,"-") -> - | BJ21: =IF('Design Fee'!CM21>0,2,"-") -> - | BK21: =IF('Design Fee'!CN21>0,2,"-") -> - | BL21: =IF('Design Fee'!CO21>0,2,"-") -> - | BP21: =IF('Design Fee'!DL21>0,2,"-") -> - | BQ21: =IF('Design Fee'!DN21>0,2,"-") -> - | BR21: =IF('Design Fee'!DO21>0,2,"-") -> - | BS21: =IF('Design Fee'!DP21>0,2,"-") -> - | BT21: =IF('Design Fee'!DQ21>0,2,"-") -> - | BU21: =IF('Design Fee'!DR21>0,2,"-") -> - | BV21: =IF('Design Fee'!DS21>0,2,"-") -> - | BW21: =IF('Design Fee'!DU21>0,2,"-") -> - | BX21: =IF('Design Fee'!DV21>0,2,"-") -> - | BY21: =IF('Design Fee'!DW21>0,2,"-") -> - | BZ21: =IF('Design Fee'!DX21>0,2,"-") -> - | CA21: =IF('Design Fee'!DY21>0,2,"-") -> -
B23: 2 | C23: 3 | D23: Pre Construction Set | G23: =X23+AM23+BB23+BQ23 -> 8 | W23: =IF('Design Fee'!H23>0,2,"-") -> 2 | X23: =IF('Design Fee'!J23>0,2,"-") -> 2 | Y23: =IF('Design Fee'!K23>0,2,"-") -> - | Z23: =IF('Design Fee'!L23>0,2,"-") -> - | AA23: =IF('Design Fee'!M23>0,2,"-") -> - | AB23: =IF('Design Fee'!N23>0,2,"-") -> - | AC23: =IF('Design Fee'!O23>0,2,"-") -> - | AD23: =IF('Design Fee'!Q23>0,2,"-") -> - | AE23: =IF('Design Fee'!R23>0,2,"-") -> - | AF23: =IF('Design Fee'!S23>0,2,"-") -> - | AG23: =IF('Design Fee'!T23>0,2,"-") -> - | AH23: =IF('Design Fee'!U23>0,2,"-") -> - | AL23: =IF('Design Fee'!AR23>0,2,"-") -> 2 | AM23: =IF('Design Fee'!AT23>0,2,"-") -> 2 | AN23: =IF('Design Fee'!AU23>0,2,"-") -> - | AO23: =IF('Design Fee'!AV23>0,2,"-") -> - | AP23: =IF('Design Fee'!AW23>0,2,"-") -> - | AQ23: =IF('Design Fee'!AX23>0,2,"-") -> - | AR23: =IF('Design Fee'!AY23>0,2,"-") -> - | AS23: =IF('Design Fee'!BA23>0,2,"-") -> - | AT23: =IF('Design Fee'!BB23>0,2,"-") -> - | AU23: =IF('Design Fee'!BC23>0,2,"-") -> - | AV23: =IF('Design Fee'!BD23>0,2,"-") -> - | AW23: =IF('Design Fee'!BE23>0,2,"-") -> - | BA23: =IF('Design Fee'!CB23>0,2,"-") -> 2 | BB23: =IF('Design Fee'!CD23>0,2,"-") -> 2 | BC23: =IF('Design Fee'!CE23>0,2,"-") -> - | BD23: =IF('Design Fee'!CF23>0,2,"-") -> - | BE23: =IF('Design Fee'!CG23>0,2,"-") -> - | BF23: =IF('Design Fee'!CH23>0,2,"-") -> - | BG23: =IF('Design Fee'!CI23>0,2,"-") -> - | BH23: =IF('Design Fee'!CK23>0,2,"-") -> - | BI23: =IF('Design Fee'!CL23>0,2,"-") -> - | BJ23: =IF('Design Fee'!CM23>0,2,"-") -> - | BK23: =IF('Design Fee'!CN23>0,2,"-") -> - | BL23: =IF('Design Fee'!CO23>0,2,"-") -> - | BP23: =IF('Design Fee'!DL23>0,2,"-") -> 2 | BQ23: =IF('Design Fee'!DN23>0,2,"-") -> 2 | BR23: =IF('Design Fee'!DO23>0,2,"-") -> - | BS23: =IF('Design Fee'!DP23>0,2,"-") -> - | BT23: =IF('Design Fee'!DQ23>0,2,"-") -> - | BU23: =IF('Design Fee'!DR23>0,2,"-") -> - | BV23: =IF('Design Fee'!DS23>0,2,"-") -> - | BW23: =IF('Design Fee'!DU23>0,2,"-") -> - | BX23: =IF('Design Fee'!DV23>0,2,"-") -> - | BY23: =IF('Design Fee'!DW23>0,2,"-") -> - | BZ23: =IF('Design Fee'!DX23>0,2,"-") -> - | CA23: =IF('Design Fee'!DY23>0,2,"-") -> -
B24: 1 | C24: 1 | D24: Master Plan | W24: =IF('Design Fee'!H24>0,2,"-") -> - | X24: =IF('Design Fee'!J24>0,2,"-") -> - | Y24: =IF('Design Fee'!K24>0,2,"-") -> - | Z24: =IF('Design Fee'!L24>0,2,"-") -> - | AA24: =IF('Design Fee'!M24>0,2,"-") -> - | AB24: =IF('Design Fee'!N24>0,2,"-") -> - | AC24: =IF('Design Fee'!O24>0,2,"-") -> - | AD24: =IF('Design Fee'!Q24>0,2,"-") -> - | AE24: =IF('Design Fee'!R24>0,2,"-") -> - | AF24: =IF('Design Fee'!S24>0,2,"-") -> - | AG24: =IF('Design Fee'!T24>0,2,"-") -> - | AH24: =IF('Design Fee'!U24>0,2,"-") -> - | AL24: =IF('Design Fee'!AR24>0,2,"-") -> - | AM24: =IF('Design Fee'!AT24>0,2,"-") -> - | AN24: =IF('Design Fee'!AU24>0,2,"-") -> - | AO24: =IF('Design Fee'!AV24>0,2,"-") -> - | AP24: =IF('Design Fee'!AW24>0,2,"-") -> - | AQ24: =IF('Design Fee'!AX24>0,2,"-") -> - | AR24: =IF('Design Fee'!AY24>0,2,"-") -> - | AS24: =IF('Design Fee'!BA24>0,2,"-") -> - | AT24: =IF('Design Fee'!BB24>0,2,"-") -> - | AU24: =IF('Design Fee'!BC24>0,2,"-") -> - | AV24: =IF('Design Fee'!BD24>0,2,"-") -> - | AW24: =IF('Design Fee'!BE24>0,2,"-") -> - | BA24: =IF('Design Fee'!CB24>0,2,"-") -> - | BB24: =IF('Design Fee'!CD24>0,2,"-") -> - | BC24: =IF('Design Fee'!CE24>0,2,"-") -> - | BD24: =IF('Design Fee'!CF24>0,2,"-") -> - | BE24: =IF('Design Fee'!CG24>0,2,"-") -> - | BF24: =IF('Design Fee'!CH24>0,2,"-") -> - | BG24: =IF('Design Fee'!CI24>0,2,"-") -> - | BH24: =IF('Design Fee'!CK24>0,2,"-") -> - | BI24: =IF('Design Fee'!CL24>0,2,"-") -> - | BJ24: =IF('Design Fee'!CM24>0,2,"-") -> - | BK24: =IF('Design Fee'!CN24>0,2,"-") -> - | BL24: =IF('Design Fee'!CO24>0,2,"-") -> - | BP24: =IF('Design Fee'!DL24>0,2,"-") -> - | BQ24: =IF('Design Fee'!DN24>0,2,"-") -> - | BR24: =IF('Design Fee'!DO24>0,2,"-") -> - | BS24: =IF('Design Fee'!DP24>0,2,"-") -> - | BT24: =IF('Design Fee'!DQ24>0,2,"-") -> - | BU24: =IF('Design Fee'!DR24>0,2,"-") -> - | BV24: =IF('Design Fee'!DS24>0,2,"-") -> - | BW24: =IF('Design Fee'!DU24>0,2,"-") -> - | BX24: =IF('Design Fee'!DV24>0,2,"-") -> - | BY24: =IF('Design Fee'!DW24>0,2,"-") -> - | BZ24: =IF('Design Fee'!DX24>0,2,"-") -> - | CA24: =IF('Design Fee'!DY24>0,2,"-") -> -
B25: 1 | C25: 2 | D25: Blocks | W25: =IF('Design Fee'!H25>0,2,"-") -> - | X25: =IF('Design Fee'!J25>0,2,"-") -> - | Y25: =IF('Design Fee'!K25>0,2,"-") -> - | Z25: =IF('Design Fee'!L25>0,2,"-") -> - | AA25: =IF('Design Fee'!M25>0,2,"-") -> - | AB25: =IF('Design Fee'!N25>0,2,"-") -> - | AC25: =IF('Design Fee'!O25>0,2,"-") -> - | AD25: =IF('Design Fee'!Q25>0,2,"-") -> - | AE25: =IF('Design Fee'!R25>0,2,"-") -> - | AF25: =IF('Design Fee'!S25>0,2,"-") -> - | AG25: =IF('Design Fee'!T25>0,2,"-") -> - | AH25: =IF('Design Fee'!U25>0,2,"-") -> - | AL25: =IF('Design Fee'!AR25>0,2,"-") -> - | AM25: =IF('Design Fee'!AT25>0,2,"-") -> - | AN25: =IF('Design Fee'!AU25>0,2,"-") -> - | AO25: =IF('Design Fee'!AV25>0,2,"-") -> - | AP25: =IF('Design Fee'!AW25>0,2,"-") -> - | AQ25: =IF('Design Fee'!AX25>0,2,"-") -> - | AR25: =IF('Design Fee'!AY25>0,2,"-") -> - | AS25: =IF('Design Fee'!BA25>0,2,"-") -> - | AT25: =IF('Design Fee'!BB25>0,2,"-") -> - | AU25: =IF('Design Fee'!BC25>0,2,"-") -> - | AV25: =IF('Design Fee'!BD25>0,2,"-") -> - | AW25: =IF('Design Fee'!BE25>0,2,"-") -> - | BA25: =IF('Design Fee'!CB25>0,2,"-") -> - | BB25: =IF('Design Fee'!CD25>0,2,"-") -> - | BC25: =IF('Design Fee'!CE25>0,2,"-") -> - | BD25: =IF('Design Fee'!CF25>0,2,"-") -> - | BE25: =IF('Design Fee'!CG25>0,2,"-") -> - | BF25: =IF('Design Fee'!CH25>0,2,"-") -> - | BG25: =IF('Design Fee'!CI25>0,2,"-") -> - | BH25: =IF('Design Fee'!CK25>0,2,"-") -> - | BI25: =IF('Design Fee'!CL25>0,2,"-") -> - | BJ25: =IF('Design Fee'!CM25>0,2,"-") -> - | BK25: =IF('Design Fee'!CN25>0,2,"-") -> - | BL25: =IF('Design Fee'!CO25>0,2,"-") -> - | BP25: =IF('Design Fee'!DL25>0,2,"-") -> - | BQ25: =IF('Design Fee'!DN25>0,2,"-") -> - | BR25: =IF('Design Fee'!DO25>0,2,"-") -> - | BS25: =IF('Design Fee'!DP25>0,2,"-") -> - | BT25: =IF('Design Fee'!DQ25>0,2,"-") -> - | BU25: =IF('Design Fee'!DR25>0,2,"-") -> - | BV25: =IF('Design Fee'!DS25>0,2,"-") -> - | BW25: =IF('Design Fee'!DU25>0,2,"-") -> - | BX25: =IF('Design Fee'!DV25>0,2,"-") -> - | BY25: =IF('Design Fee'!DW25>0,2,"-") -> - | BZ25: =IF('Design Fee'!DX25>0,2,"-") -> - | CA25: =IF('Design Fee'!DY25>0,2,"-") -> -
B26: 1 | C26: 3 | D26: Products | W26: =IF('Design Fee'!H26>0,2,"-") -> - | X26: =IF('Design Fee'!J26>0,2,"-") -> - | Y26: =IF('Design Fee'!K26>0,2,"-") -> - | Z26: =IF('Design Fee'!L26>0,2,"-") -> - | AA26: =IF('Design Fee'!M26>0,2,"-") -> - | AB26: =IF('Design Fee'!N26>0,2,"-") -> - | AC26: =IF('Design Fee'!O26>0,2,"-") -> - | AD26: =IF('Design Fee'!Q26>0,2,"-") -> - | AE26: =IF('Design Fee'!R26>0,2,"-") -> - | AF26: =IF('Design Fee'!S26>0,2,"-") -> - | AG26: =IF('Design Fee'!T26>0,2,"-") -> - | AH26: =IF('Design Fee'!U26>0,2,"-") -> - | AL26: =IF('Design Fee'!AR26>0,2,"-") -> - | AM26: =IF('Design Fee'!AT26>0,2,"-") -> - | AN26: =IF('Design Fee'!AU26>0,2,"-") -> - | AO26: =IF('Design Fee'!AV26>0,2,"-") -> - | AP26: =IF('Design Fee'!AW26>0,2,"-") -> - | AQ26: =IF('Design Fee'!AX26>0,2,"-") -> - | AR26: =IF('Design Fee'!AY26>0,2,"-") -> - | AS26: =IF('Design Fee'!BA26>0,2,"-") -> - | AT26: =IF('Design Fee'!BB26>0,2,"-") -> - | AU26: =IF('Design Fee'!BC26>0,2,"-") -> - | AV26: =IF('Design Fee'!BD26>0,2,"-") -> - | AW26: =IF('Design Fee'!BE26>0,2,"-") -> - | BA26: =IF('Design Fee'!CB26>0,2,"-") -> - | BB26: =IF('Design Fee'!CD26>0,2,"-") -> - | BC26: =IF('Design Fee'!CE26>0,2,"-") -> - | BD26: =IF('Design Fee'!CF26>0,2,"-") -> - | BE26: =IF('Design Fee'!CG26>0,2,"-") -> - | BF26: =IF('Design Fee'!CH26>0,2,"-") -> - | BG26: =IF('Design Fee'!CI26>0,2,"-") -> - | BH26: =IF('Design Fee'!CK26>0,2,"-") -> - | BI26: =IF('Design Fee'!CL26>0,2,"-") -> - | BJ26: =IF('Design Fee'!CM26>0,2,"-") -> - | BK26: =IF('Design Fee'!CN26>0,2,"-") -> - | BL26: =IF('Design Fee'!CO26>0,2,"-") -> - | BP26: =IF('Design Fee'!DL26>0,2,"-") -> - | BQ26: =IF('Design Fee'!DN26>0,2,"-") -> - | BR26: =IF('Design Fee'!DO26>0,2,"-") -> - | BS26: =IF('Design Fee'!DP26>0,2,"-") -> - | BT26: =IF('Design Fee'!DQ26>0,2,"-") -> - | BU26: =IF('Design Fee'!DR26>0,2,"-") -> - | BV26: =IF('Design Fee'!DS26>0,2,"-") -> - | BW26: =IF('Design Fee'!DU26>0,2,"-") -> - | BX26: =IF('Design Fee'!DV26>0,2,"-") -> - | BY26: =IF('Design Fee'!DW26>0,2,"-") -> - | BZ26: =IF('Design Fee'!DX26>0,2,"-") -> - | CA26: =IF('Design Fee'!DY26>0,2,"-") -> -
B27: 1 | C27: 4 | D27: Amenities & Facilities | W27: =IF('Design Fee'!H27>0,2,"-") -> - | X27: =IF('Design Fee'!J27>0,2,"-") -> - | Y27: =IF('Design Fee'!K27>0,2,"-") -> - | Z27: =IF('Design Fee'!L27>0,2,"-") -> - | AA27: =IF('Design Fee'!M27>0,2,"-") -> - | AB27: =IF('Design Fee'!N27>0,2,"-") -> - | AC27: =IF('Design Fee'!O27>0,2,"-") -> - | AD27: =IF('Design Fee'!Q27>0,2,"-") -> - | AE27: =IF('Design Fee'!R27>0,2,"-") -> - | AF27: =IF('Design Fee'!S27>0,2,"-") -> - | AG27: =IF('Design Fee'!T27>0,2,"-") -> - | AH27: =IF('Design Fee'!U27>0,2,"-") -> - | AL27: =IF('Design Fee'!AR27>0,2,"-") -> - | AM27: =IF('Design Fee'!AT27>0,2,"-") -> - | AN27: =IF('Design Fee'!AU27>0,2,"-") -> - | AO27: =IF('Design Fee'!AV27>0,2,"-") -> - | AP27: =IF('Design Fee'!AW27>0,2,"-") -> - | AQ27: =IF('Design Fee'!AX27>0,2,"-") -> - | AR27: =IF('Design Fee'!AY27>0,2,"-") -> - | AS27: =IF('Design Fee'!BA27>0,2,"-") -> - | AT27: =IF('Design Fee'!BB27>0,2,"-") -> - | AU27: =IF('Design Fee'!BC27>0,2,"-") -> - | AV27: =IF('Design Fee'!BD27>0,2,"-") -> - | AW27: =IF('Design Fee'!BE27>0,2,"-") -> - | BA27: =IF('Design Fee'!CB27>0,2,"-") -> - | BB27: =IF('Design Fee'!CD27>0,2,"-") -> - | BC27: =IF('Design Fee'!CE27>0,2,"-") -> - | BD27: =IF('Design Fee'!CF27>0,2,"-") -> - | BE27: =IF('Design Fee'!CG27>0,2,"-") -> - | BF27: =IF('Design Fee'!CH27>0,2,"-") -> - | BG27: =IF('Design Fee'!CI27>0,2,"-") -> - | BH27: =IF('Design Fee'!CK27>0,2,"-") -> - | BI27: =IF('Design Fee'!CL27>0,2,"-") -> - | BJ27: =IF('Design Fee'!CM27>0,2,"-") -> - | BK27: =IF('Design Fee'!CN27>0,2,"-") -> - | BL27: =IF('Design Fee'!CO27>0,2,"-") -> - | BP27: =IF('Design Fee'!DL27>0,2,"-") -> - | BQ27: =IF('Design Fee'!DN27>0,2,"-") -> - | BR27: =IF('Design Fee'!DO27>0,2,"-") -> - | BS27: =IF('Design Fee'!DP27>0,2,"-") -> - | BT27: =IF('Design Fee'!DQ27>0,2,"-") -> - | BU27: =IF('Design Fee'!DR27>0,2,"-") -> - | BV27: =IF('Design Fee'!DS27>0,2,"-") -> - | BW27: =IF('Design Fee'!DU27>0,2,"-") -> - | BX27: =IF('Design Fee'!DV27>0,2,"-") -> - | BY27: =IF('Design Fee'!DW27>0,2,"-") -> - | BZ27: =IF('Design Fee'!DX27>0,2,"-") -> - | CA27: =IF('Design Fee'!DY27>0,2,"-") -> -
B28: 5 | C28: 5 | D28: Design Basis | W28: =IF('Design Fee'!H28>0,2,"-") -> - | X28: =IF('Design Fee'!J28>0,2,"-") -> - | Y28: =IF('Design Fee'!K28>0,2,"-") -> - | Z28: =IF('Design Fee'!L28>0,2,"-") -> - | AA28: =IF('Design Fee'!M28>0,2,"-") -> - | AB28: =IF('Design Fee'!N28>0,2,"-") -> - | AC28: =IF('Design Fee'!O28>0,2,"-") -> - | AD28: =IF('Design Fee'!Q28>0,2,"-") -> - | AE28: =IF('Design Fee'!R28>0,2,"-") -> - | AF28: =IF('Design Fee'!S28>0,2,"-") -> - | AG28: =IF('Design Fee'!T28>0,2,"-") -> - | AH28: =IF('Design Fee'!U28>0,2,"-") -> - | AL28: =IF('Design Fee'!AR28>0,2,"-") -> - | AM28: =IF('Design Fee'!AT28>0,2,"-") -> - | AN28: =IF('Design Fee'!AU28>0,2,"-") -> - | AO28: =IF('Design Fee'!AV28>0,2,"-") -> - | AP28: =IF('Design Fee'!AW28>0,2,"-") -> - | AQ28: =IF('Design Fee'!AX28>0,2,"-") -> - | AR28: =IF('Design Fee'!AY28>0,2,"-") -> - | AS28: =IF('Design Fee'!BA28>0,2,"-") -> - | AT28: =IF('Design Fee'!BB28>0,2,"-") -> - | AU28: =IF('Design Fee'!BC28>0,2,"-") -> - | AV28: =IF('Design Fee'!BD28>0,2,"-") -> - | AW28: =IF('Design Fee'!BE28>0,2,"-") -> - | BA28: =IF('Design Fee'!CB28>0,2,"-") -> - | BB28: =IF('Design Fee'!CD28>0,2,"-") -> - | BC28: =IF('Design Fee'!CE28>0,2,"-") -> - | BD28: =IF('Design Fee'!CF28>0,2,"-") -> - | BE28: =IF('Design Fee'!CG28>0,2,"-") -> - | BF28: =IF('Design Fee'!CH28>0,2,"-") -> - | BG28: =IF('Design Fee'!CI28>0,2,"-") -> - | BH28: =IF('Design Fee'!CK28>0,2,"-") -> - | BI28: =IF('Design Fee'!CL28>0,2,"-") -> - | BJ28: =IF('Design Fee'!CM28>0,2,"-") -> - | BK28: =IF('Design Fee'!CN28>0,2,"-") -> - | BL28: =IF('Design Fee'!CO28>0,2,"-") -> - | BP28: =IF('Design Fee'!DL28>0,2,"-") -> - | BQ28: =IF('Design Fee'!DN28>0,2,"-") -> - | BR28: =IF('Design Fee'!DO28>0,2,"-") -> - | BS28: =IF('Design Fee'!DP28>0,2,"-") -> - | BT28: =IF('Design Fee'!DQ28>0,2,"-") -> - | BU28: =IF('Design Fee'!DR28>0,2,"-") -> - | BV28: =IF('Design Fee'!DS28>0,2,"-") -> - | BW28: =IF('Design Fee'!DU28>0,2,"-") -> - | BX28: =IF('Design Fee'!DV28>0,2,"-") -> - | BY28: =IF('Design Fee'!DW28>0,2,"-") -> - | BZ28: =IF('Design Fee'!DX28>0,2,"-") -> - | CA28: =IF('Design Fee'!DY28>0,2,"-") -> -
B30: 3 | C30: 4 | D30: Approvals | W30: =IF('Design Fee'!H30>0,2,"-") -> 2 | X30: =IF('Design Fee'!J30>0,2,"-") -> 2 | Y30: =IF('Design Fee'!K30>0,2,"-") -> - | Z30: =IF('Design Fee'!L30>0,2,"-") -> - | AA30: =IF('Design Fee'!M30>0,2,"-") -> - | AB30: =IF('Design Fee'!N30>0,2,"-") -> - | AC30: =IF('Design Fee'!O30>0,2,"-") -> - | AD30: =IF('Design Fee'!Q30>0,2,"-") -> - | AE30: =IF('Design Fee'!R30>0,2,"-") -> - | AF30: =IF('Design Fee'!S30>0,2,"-") -> - | AG30: =IF('Design Fee'!T30>0,2,"-") -> - | AH30: =IF('Design Fee'!U30>0,2,"-") -> - | AL30: =IF('Design Fee'!AR30>0,2,"-") -> - | AM30: =IF('Design Fee'!AT30>0,2,"-") -> - | AN30: =IF('Design Fee'!AU30>0,2,"-") -> - | AO30: =IF('Design Fee'!AV30>0,2,"-") -> - | AP30: =IF('Design Fee'!AW30>0,2,"-") -> - | AQ30: =IF('Design Fee'!AX30>0,2,"-") -> - | AR30: =IF('Design Fee'!AY30>0,2,"-") -> - | AS30: =IF('Design Fee'!BA30>0,2,"-") -> - | AT30: =IF('Design Fee'!BB30>0,2,"-") -> - | AU30: =IF('Design Fee'!BC30>0,2,"-") -> - | AV30: =IF('Design Fee'!BD30>0,2,"-") -> - | AW30: =IF('Design Fee'!BE30>0,2,"-") -> - | BA30: =IF('Design Fee'!CB30>0,2,"-") -> 2 | BB30: =IF('Design Fee'!CD30>0,2,"-") -> 2 | BC30: =IF('Design Fee'!CE30>0,2,"-") -> - | BD30: =IF('Design Fee'!CF30>0,2,"-") -> - | BE30: =IF('Design Fee'!CG30>0,2,"-") -> - | BF30: =IF('Design Fee'!CH30>0,2,"-") -> - | BG30: =IF('Design Fee'!CI30>0,2,"-") -> - | BH30: =IF('Design Fee'!CK30>0,2,"-") -> - | BI30: =IF('Design Fee'!CL30>0,2,"-") -> - | BJ30: =IF('Design Fee'!CM30>0,2,"-") -> - | BK30: =IF('Design Fee'!CN30>0,2,"-") -> - | BL30: =IF('Design Fee'!CO30>0,2,"-") -> - | BP30: =IF('Design Fee'!DL30>0,2,"-") -> 2 | BQ30: =IF('Design Fee'!DN30>0,2,"-") -> 2 | BR30: =IF('Design Fee'!DO30>0,2,"-") -> - | BS30: =IF('Design Fee'!DP30>0,2,"-") -> - | BT30: =IF('Design Fee'!DQ30>0,2,"-") -> - | BU30: =IF('Design Fee'!DR30>0,2,"-") -> - | BV30: =IF('Design Fee'!DS30>0,2,"-") -> - | BW30: =IF('Design Fee'!DU30>0,2,"-") -> - | BX30: =IF('Design Fee'!DV30>0,2,"-") -> - | BY30: =IF('Design Fee'!DW30>0,2,"-") -> - | BZ30: =IF('Design Fee'!DX30>0,2,"-") -> - | CA30: =IF('Design Fee'!DY30>0,2,"-") -> -
B31: 1 | C31: 1 | D31: Development Plan | W31: =IF('Design Fee'!H31>0,2,"-") -> - | X31: =IF('Design Fee'!J31>0,2,"-") -> - | Y31: =IF('Design Fee'!K31>0,2,"-") -> - | Z31: =IF('Design Fee'!L31>0,2,"-") -> - | AA31: =IF('Design Fee'!M31>0,2,"-") -> - | AB31: =IF('Design Fee'!N31>0,2,"-") -> - | AC31: =IF('Design Fee'!O31>0,2,"-") -> - | AD31: =IF('Design Fee'!Q31>0,2,"-") -> - | AE31: =IF('Design Fee'!R31>0,2,"-") -> - | AF31: =IF('Design Fee'!S31>0,2,"-") -> - | AG31: =IF('Design Fee'!T31>0,2,"-") -> - | AH31: =IF('Design Fee'!U31>0,2,"-") -> - | AL31: =IF('Design Fee'!AR31>0,2,"-") -> - | AM31: =IF('Design Fee'!AT31>0,2,"-") -> - | AN31: =IF('Design Fee'!AU31>0,2,"-") -> - | AO31: =IF('Design Fee'!AV31>0,2,"-") -> - | AP31: =IF('Design Fee'!AW31>0,2,"-") -> - | AQ31: =IF('Design Fee'!AX31>0,2,"-") -> - | AR31: =IF('Design Fee'!AY31>0,2,"-") -> - | AS31: =IF('Design Fee'!BA31>0,2,"-") -> - | AT31: =IF('Design Fee'!BB31>0,2,"-") -> - | AU31: =IF('Design Fee'!BC31>0,2,"-") -> - | AV31: =IF('Design Fee'!BD31>0,2,"-") -> - | AW31: =IF('Design Fee'!BE31>0,2,"-") -> - | BA31: =IF('Design Fee'!CB31>0,2,"-") -> - | BB31: =IF('Design Fee'!CD31>0,2,"-") -> - | BC31: =IF('Design Fee'!CE31>0,2,"-") -> - | BD31: =IF('Design Fee'!CF31>0,2,"-") -> - | BE31: =IF('Design Fee'!CG31>0,2,"-") -> - | BF31: =IF('Design Fee'!CH31>0,2,"-") -> - | BG31: =IF('Design Fee'!CI31>0,2,"-") -> - | BH31: =IF('Design Fee'!CK31>0,2,"-") -> - | BI31: =IF('Design Fee'!CL31>0,2,"-") -> - | BJ31: =IF('Design Fee'!CM31>0,2,"-") -> - | BK31: =IF('Design Fee'!CN31>0,2,"-") -> - | BL31: =IF('Design Fee'!CO31>0,2,"-") -> - | BP31: =IF('Design Fee'!DL31>0,2,"-") -> - | BQ31: =IF('Design Fee'!DN31>0,2,"-") -> - | BR31: =IF('Design Fee'!DO31>0,2,"-") -> - | BS31: =IF('Design Fee'!DP31>0,2,"-") -> - | BT31: =IF('Design Fee'!DQ31>0,2,"-") -> - | BU31: =IF('Design Fee'!DR31>0,2,"-") -> - | BV31: =IF('Design Fee'!DS31>0,2,"-") -> - | BW31: =IF('Design Fee'!DU31>0,2,"-") -> - | BX31: =IF('Design Fee'!DV31>0,2,"-") -> - | BY31: =IF('Design Fee'!DW31>0,2,"-") -> - | BZ31: =IF('Design Fee'!DX31>0,2,"-") -> - | CA31: =IF('Design Fee'!DY31>0,2,"-") -> -
B32: 1 | C32: 2 | D32: Building Plan | W32: =IF('Design Fee'!H32>0,2,"-") -> - | X32: =IF('Design Fee'!J32>0,2,"-") -> - | Y32: =IF('Design Fee'!K32>0,2,"-") -> - | Z32: =IF('Design Fee'!L32>0,2,"-") -> - | AA32: =IF('Design Fee'!M32>0,2,"-") -> - | AB32: =IF('Design Fee'!N32>0,2,"-") -> - | AC32: =IF('Design Fee'!O32>0,2,"-") -> - | AD32: =IF('Design Fee'!Q32>0,2,"-") -> - | AE32: =IF('Design Fee'!R32>0,2,"-") -> - | AF32: =IF('Design Fee'!S32>0,2,"-") -> - | AG32: =IF('Design Fee'!T32>0,2,"-") -> - | AH32: =IF('Design Fee'!U32>0,2,"-") -> - | AL32: =IF('Design Fee'!AR32>0,2,"-") -> - | AM32: =IF('Design Fee'!AT32>0,2,"-") -> - | AN32: =IF('Design Fee'!AU32>0,2,"-") -> - | AO32: =IF('Design Fee'!AV32>0,2,"-") -> - | AP32: =IF('Design Fee'!AW32>0,2,"-") -> - | AQ32: =IF('Design Fee'!AX32>0,2,"-") -> - | AR32: =IF('Design Fee'!AY32>0,2,"-") -> - | AS32: =IF('Design Fee'!BA32>0,2,"-") -> - | AT32: =IF('Design Fee'!BB32>0,2,"-") -> - | AU32: =IF('Design Fee'!BC32>0,2,"-") -> - | AV32: =IF('Design Fee'!BD32>0,2,"-") -> - | AW32: =IF('Design Fee'!BE32>0,2,"-") -> - | BA32: =IF('Design Fee'!CB32>0,2,"-") -> - | BB32: =IF('Design Fee'!CD32>0,2,"-") -> - | BC32: =IF('Design Fee'!CE32>0,2,"-") -> - | BD32: =IF('Design Fee'!CF32>0,2,"-") -> - | BE32: =IF('Design Fee'!CG32>0,2,"-") -> - | BF32: =IF('Design Fee'!CH32>0,2,"-") -> - | BG32: =IF('Design Fee'!CI32>0,2,"-") -> - | BH32: =IF('Design Fee'!CK32>0,2,"-") -> - | BI32: =IF('Design Fee'!CL32>0,2,"-") -> - | BJ32: =IF('Design Fee'!CM32>0,2,"-") -> - | BK32: =IF('Design Fee'!CN32>0,2,"-") -> - | BL32: =IF('Design Fee'!CO32>0,2,"-") -> - | BP32: =IF('Design Fee'!DL32>0,2,"-") -> - | BQ32: =IF('Design Fee'!DN32>0,2,"-") -> - | BR32: =IF('Design Fee'!DO32>0,2,"-") -> - | BS32: =IF('Design Fee'!DP32>0,2,"-") -> - | BT32: =IF('Design Fee'!DQ32>0,2,"-") -> - | BU32: =IF('Design Fee'!DR32>0,2,"-") -> - | BV32: =IF('Design Fee'!DS32>0,2,"-") -> - | BW32: =IF('Design Fee'!DU32>0,2,"-") -> - | BX32: =IF('Design Fee'!DV32>0,2,"-") -> - | BY32: =IF('Design Fee'!DW32>0,2,"-") -> - | BZ32: =IF('Design Fee'!DX32>0,2,"-") -> - | CA32: =IF('Design Fee'!DY32>0,2,"-") -> -
B33: 2 | C33: 3 | D33: Fire Safety | W33: =IF('Design Fee'!H33>0,2,"-") -> - | X33: =IF('Design Fee'!J33>0,2,"-") -> - | Y33: =IF('Design Fee'!K33>0,2,"-") -> - | Z33: =IF('Design Fee'!L33>0,2,"-") -> - | AA33: =IF('Design Fee'!M33>0,2,"-") -> - | AB33: =IF('Design Fee'!N33>0,2,"-") -> - | AC33: =IF('Design Fee'!O33>0,2,"-") -> - | AD33: =IF('Design Fee'!Q33>0,2,"-") -> - | AE33: =IF('Design Fee'!R33>0,2,"-") -> - | AF33: =IF('Design Fee'!S33>0,2,"-") -> - | AG33: =IF('Design Fee'!T33>0,2,"-") -> - | AH33: =IF('Design Fee'!U33>0,2,"-") -> - | AL33: =IF('Design Fee'!AR33>0,2,"-") -> - | AM33: =IF('Design Fee'!AT33>0,2,"-") -> - | AN33: =IF('Design Fee'!AU33>0,2,"-") -> - | AO33: =IF('Design Fee'!AV33>0,2,"-") -> - | AP33: =IF('Design Fee'!AW33>0,2,"-") -> - | AQ33: =IF('Design Fee'!AX33>0,2,"-") -> - | AR33: =IF('Design Fee'!AY33>0,2,"-") -> - | AS33: =IF('Design Fee'!BA33>0,2,"-") -> - | AT33: =IF('Design Fee'!BB33>0,2,"-") -> - | AU33: =IF('Design Fee'!BC33>0,2,"-") -> - | AV33: =IF('Design Fee'!BD33>0,2,"-") -> - | AW33: =IF('Design Fee'!BE33>0,2,"-") -> - | BA33: =IF('Design Fee'!CB33>0,2,"-") -> - | BB33: =IF('Design Fee'!CD33>0,2,"-") -> - | BC33: =IF('Design Fee'!CE33>0,2,"-") -> - | BD33: =IF('Design Fee'!CF33>0,2,"-") -> - | BE33: =IF('Design Fee'!CG33>0,2,"-") -> - | BF33: =IF('Design Fee'!CH33>0,2,"-") -> - | BG33: =IF('Design Fee'!CI33>0,2,"-") -> - | BH33: =IF('Design Fee'!CK33>0,2,"-") -> - | BI33: =IF('Design Fee'!CL33>0,2,"-") -> - | BJ33: =IF('Design Fee'!CM33>0,2,"-") -> - | BK33: =IF('Design Fee'!CN33>0,2,"-") -> - | BL33: =IF('Design Fee'!CO33>0,2,"-") -> - | BP33: =IF('Design Fee'!DL33>0,2,"-") -> - | BQ33: =IF('Design Fee'!DN33>0,2,"-") -> - | BR33: =IF('Design Fee'!DO33>0,2,"-") -> - | BS33: =IF('Design Fee'!DP33>0,2,"-") -> - | BT33: =IF('Design Fee'!DQ33>0,2,"-") -> - | BU33: =IF('Design Fee'!DR33>0,2,"-") -> - | BV33: =IF('Design Fee'!DS33>0,2,"-") -> - | BW33: =IF('Design Fee'!DU33>0,2,"-") -> - | BX33: =IF('Design Fee'!DV33>0,2,"-") -> - | BY33: =IF('Design Fee'!DW33>0,2,"-") -> - | BZ33: =IF('Design Fee'!DX33>0,2,"-") -> - | CA33: =IF('Design Fee'!DY33>0,2,"-") -> -
B34: 3 | C34: 4 | D34: Environment | W34: =IF('Design Fee'!H34>0,2,"-") -> - | X34: =IF('Design Fee'!J34>0,2,"-") -> - | Y34: =IF('Design Fee'!K34>0,2,"-") -> - | Z34: =IF('Design Fee'!L34>0,2,"-") -> - | AA34: =IF('Design Fee'!M34>0,2,"-") -> - | AB34: =IF('Design Fee'!N34>0,2,"-") -> - | AC34: =IF('Design Fee'!O34>0,2,"-") -> - | AD34: =IF('Design Fee'!Q34>0,2,"-") -> - | AE34: =IF('Design Fee'!R34>0,2,"-") -> - | AF34: =IF('Design Fee'!S34>0,2,"-") -> - | AG34: =IF('Design Fee'!T34>0,2,"-") -> - | AH34: =IF('Design Fee'!U34>0,2,"-") -> - | AL34: =IF('Design Fee'!AR34>0,2,"-") -> - | AM34: =IF('Design Fee'!AT34>0,2,"-") -> - | AN34: =IF('Design Fee'!AU34>0,2,"-") -> - | AO34: =IF('Design Fee'!AV34>0,2,"-") -> - | AP34: =IF('Design Fee'!AW34>0,2,"-") -> - | AQ34: =IF('Design Fee'!AX34>0,2,"-") -> - | AR34: =IF('Design Fee'!AY34>0,2,"-") -> - | AS34: =IF('Design Fee'!BA34>0,2,"-") -> - | AT34: =IF('Design Fee'!BB34>0,2,"-") -> - | AU34: =IF('Design Fee'!BC34>0,2,"-") -> - | AV34: =IF('Design Fee'!BD34>0,2,"-") -> - | AW34: =IF('Design Fee'!BE34>0,2,"-") -> - | BA34: =IF('Design Fee'!CB34>0,2,"-") -> - | BB34: =IF('Design Fee'!CD34>0,2,"-") -> - | BC34: =IF('Design Fee'!CE34>0,2,"-") -> - | BD34: =IF('Design Fee'!CF34>0,2,"-") -> - | BE34: =IF('Design Fee'!CG34>0,2,"-") -> - | BF34: =IF('Design Fee'!CH34>0,2,"-") -> - | BG34: =IF('Design Fee'!CI34>0,2,"-") -> - | BH34: =IF('Design Fee'!CK34>0,2,"-") -> - | BI34: =IF('Design Fee'!CL34>0,2,"-") -> - | BJ34: =IF('Design Fee'!CM34>0,2,"-") -> - | BK34: =IF('Design Fee'!CN34>0,2,"-") -> - | BL34: =IF('Design Fee'!CO34>0,2,"-") -> - | BP34: =IF('Design Fee'!DL34>0,2,"-") -> - | BQ34: =IF('Design Fee'!DN34>0,2,"-") -> - | BR34: =IF('Design Fee'!DO34>0,2,"-") -> - | BS34: =IF('Design Fee'!DP34>0,2,"-") -> - | BT34: =IF('Design Fee'!DQ34>0,2,"-") -> - | BU34: =IF('Design Fee'!DR34>0,2,"-") -> - | BV34: =IF('Design Fee'!DS34>0,2,"-") -> - | BW34: =IF('Design Fee'!DU34>0,2,"-") -> - | BX34: =IF('Design Fee'!DV34>0,2,"-") -> - | BY34: =IF('Design Fee'!DW34>0,2,"-") -> - | BZ34: =IF('Design Fee'!DX34>0,2,"-") -> - | CA34: =IF('Design Fee'!DY34>0,2,"-") -> -
B35: 4 | C35: 5 | D35: Water Supply and Sewerage | W35: =IF('Design Fee'!H35>0,2,"-") -> - | X35: =IF('Design Fee'!J35>0,2,"-") -> - | Y35: =IF('Design Fee'!K35>0,2,"-") -> - | Z35: =IF('Design Fee'!L35>0,2,"-") -> - | AA35: =IF('Design Fee'!M35>0,2,"-") -> - | AB35: =IF('Design Fee'!N35>0,2,"-") -> - | AC35: =IF('Design Fee'!O35>0,2,"-") -> - | AD35: =IF('Design Fee'!Q35>0,2,"-") -> - | AE35: =IF('Design Fee'!R35>0,2,"-") -> - | AF35: =IF('Design Fee'!S35>0,2,"-") -> - | AG35: =IF('Design Fee'!T35>0,2,"-") -> - | AH35: =IF('Design Fee'!U35>0,2,"-") -> - | AL35: =IF('Design Fee'!AR35>0,2,"-") -> - | AM35: =IF('Design Fee'!AT35>0,2,"-") -> - | AN35: =IF('Design Fee'!AU35>0,2,"-") -> - | AO35: =IF('Design Fee'!AV35>0,2,"-") -> - | AP35: =IF('Design Fee'!AW35>0,2,"-") -> - | AQ35: =IF('Design Fee'!AX35>0,2,"-") -> - | AR35: =IF('Design Fee'!AY35>0,2,"-") -> - | AS35: =IF('Design Fee'!BA35>0,2,"-") -> - | AT35: =IF('Design Fee'!BB35>0,2,"-") -> - | AU35: =IF('Design Fee'!BC35>0,2,"-") -> - | AV35: =IF('Design Fee'!BD35>0,2,"-") -> - | AW35: =IF('Design Fee'!BE35>0,2,"-") -> - | BA35: =IF('Design Fee'!CB35>0,2,"-") -> - | BB35: =IF('Design Fee'!CD35>0,2,"-") -> - | BC35: =IF('Design Fee'!CE35>0,2,"-") -> - | BD35: =IF('Design Fee'!CF35>0,2,"-") -> - | BE35: =IF('Design Fee'!CG35>0,2,"-") -> - | BF35: =IF('Design Fee'!CH35>0,2,"-") -> - | BG35: =IF('Design Fee'!CI35>0,2,"-") -> - | BH35: =IF('Design Fee'!CK35>0,2,"-") -> - | BI35: =IF('Design Fee'!CL35>0,2,"-") -> - | BJ35: =IF('Design Fee'!CM35>0,2,"-") -> - | BK35: =IF('Design Fee'!CN35>0,2,"-") -> - | BL35: =IF('Design Fee'!CO35>0,2,"-") -> - | BP35: =IF('Design Fee'!DL35>0,2,"-") -> - | BQ35: =IF('Design Fee'!DN35>0,2,"-") -> - | BR35: =IF('Design Fee'!DO35>0,2,"-") -> - | BS35: =IF('Design Fee'!DP35>0,2,"-") -> - | BT35: =IF('Design Fee'!DQ35>0,2,"-") -> - | BU35: =IF('Design Fee'!DR35>0,2,"-") -> - | BV35: =IF('Design Fee'!DS35>0,2,"-") -> - | BW35: =IF('Design Fee'!DU35>0,2,"-") -> - | BX35: =IF('Design Fee'!DV35>0,2,"-") -> - | BY35: =IF('Design Fee'!DW35>0,2,"-") -> - | BZ35: =IF('Design Fee'!DX35>0,2,"-") -> - | CA35: =IF('Design Fee'!DY35>0,2,"-") -> -
B36: 5 | C36: 6 | D36: Power Supply | W36: =IF('Design Fee'!H36>0,2,"-") -> - | X36: =IF('Design Fee'!J36>0,2,"-") -> - | Y36: =IF('Design Fee'!K36>0,2,"-") -> - | Z36: =IF('Design Fee'!L36>0,2,"-") -> - | AA36: =IF('Design Fee'!M36>0,2,"-") -> - | AB36: =IF('Design Fee'!N36>0,2,"-") -> - | AC36: =IF('Design Fee'!O36>0,2,"-") -> - | AD36: =IF('Design Fee'!Q36>0,2,"-") -> - | AE36: =IF('Design Fee'!R36>0,2,"-") -> - | AF36: =IF('Design Fee'!S36>0,2,"-") -> - | AG36: =IF('Design Fee'!T36>0,2,"-") -> - | AH36: =IF('Design Fee'!U36>0,2,"-") -> - | AL36: =IF('Design Fee'!AR36>0,2,"-") -> - | AM36: =IF('Design Fee'!AT36>0,2,"-") -> - | AN36: =IF('Design Fee'!AU36>0,2,"-") -> - | AO36: =IF('Design Fee'!AV36>0,2,"-") -> - | AP36: =IF('Design Fee'!AW36>0,2,"-") -> - | AQ36: =IF('Design Fee'!AX36>0,2,"-") -> - | AR36: =IF('Design Fee'!AY36>0,2,"-") -> - | AS36: =IF('Design Fee'!BA36>0,2,"-") -> - | AT36: =IF('Design Fee'!BB36>0,2,"-") -> - | AU36: =IF('Design Fee'!BC36>0,2,"-") -> - | AV36: =IF('Design Fee'!BD36>0,2,"-") -> - | AW36: =IF('Design Fee'!BE36>0,2,"-") -> - | BA36: =IF('Design Fee'!CB36>0,2,"-") -> - | BB36: =IF('Design Fee'!CD36>0,2,"-") -> - | BC36: =IF('Design Fee'!CE36>0,2,"-") -> - | BD36: =IF('Design Fee'!CF36>0,2,"-") -> - | BE36: =IF('Design Fee'!CG36>0,2,"-") -> - | BF36: =IF('Design Fee'!CH36>0,2,"-") -> - | BG36: =IF('Design Fee'!CI36>0,2,"-") -> - | BH36: =IF('Design Fee'!CK36>0,2,"-") -> - | BI36: =IF('Design Fee'!CL36>0,2,"-") -> - | BJ36: =IF('Design Fee'!CM36>0,2,"-") -> - | BK36: =IF('Design Fee'!CN36>0,2,"-") -> - | BL36: =IF('Design Fee'!CO36>0,2,"-") -> - | BP36: =IF('Design Fee'!DL36>0,2,"-") -> - | BQ36: =IF('Design Fee'!DN36>0,2,"-") -> - | BR36: =IF('Design Fee'!DO36>0,2,"-") -> - | BS36: =IF('Design Fee'!DP36>0,2,"-") -> - | BT36: =IF('Design Fee'!DQ36>0,2,"-") -> - | BU36: =IF('Design Fee'!DR36>0,2,"-") -> - | BV36: =IF('Design Fee'!DS36>0,2,"-") -> - | BW36: =IF('Design Fee'!DU36>0,2,"-") -> - | BX36: =IF('Design Fee'!DV36>0,2,"-") -> - | BY36: =IF('Design Fee'!DW36>0,2,"-") -> - | BZ36: =IF('Design Fee'!DX36>0,2,"-") -> - | CA36: =IF('Design Fee'!DY36>0,2,"-") -> -
C37: 7 | D37: Airport Authority | W37: =IF('Design Fee'!H37>0,2,"-") -> - | X37: =IF('Design Fee'!J37>0,2,"-") -> - | Y37: =IF('Design Fee'!K37>0,2,"-") -> - | Z37: =IF('Design Fee'!L37>0,2,"-") -> - | AA37: =IF('Design Fee'!M37>0,2,"-") -> - | AB37: =IF('Design Fee'!N37>0,2,"-") -> - | AC37: =IF('Design Fee'!O37>0,2,"-") -> - | AD37: =IF('Design Fee'!Q37>0,2,"-") -> - | AE37: =IF('Design Fee'!R37>0,2,"-") -> - | AF37: =IF('Design Fee'!S37>0,2,"-") -> - | AG37: =IF('Design Fee'!T37>0,2,"-") -> - | AH37: =IF('Design Fee'!U37>0,2,"-") -> - | AL37: =IF('Design Fee'!AR37>0,2,"-") -> - | AM37: =IF('Design Fee'!AT37>0,2,"-") -> - | AN37: =IF('Design Fee'!AU37>0,2,"-") -> - | AO37: =IF('Design Fee'!AV37>0,2,"-") -> - | AP37: =IF('Design Fee'!AW37>0,2,"-") -> - | AQ37: =IF('Design Fee'!AX37>0,2,"-") -> - | AR37: =IF('Design Fee'!AY37>0,2,"-") -> - | AS37: =IF('Design Fee'!BA37>0,2,"-") -> - | AT37: =IF('Design Fee'!BB37>0,2,"-") -> - | AU37: =IF('Design Fee'!BC37>0,2,"-") -> - | AV37: =IF('Design Fee'!BD37>0,2,"-") -> - | AW37: =IF('Design Fee'!BE37>0,2,"-") -> - | BA37: =IF('Design Fee'!CB37>0,2,"-") -> - | BB37: =IF('Design Fee'!CD37>0,2,"-") -> - | BC37: =IF('Design Fee'!CE37>0,2,"-") -> - | BD37: =IF('Design Fee'!CF37>0,2,"-") -> - | BE37: =IF('Design Fee'!CG37>0,2,"-") -> - | BF37: =IF('Design Fee'!CH37>0,2,"-") -> - | BG37: =IF('Design Fee'!CI37>0,2,"-") -> - | BH37: =IF('Design Fee'!CK37>0,2,"-") -> - | BI37: =IF('Design Fee'!CL37>0,2,"-") -> - | BJ37: =IF('Design Fee'!CM37>0,2,"-") -> - | BK37: =IF('Design Fee'!CN37>0,2,"-") -> - | BL37: =IF('Design Fee'!CO37>0,2,"-") -> - | BP37: =IF('Design Fee'!DL37>0,2,"-") -> - | BQ37: =IF('Design Fee'!DN37>0,2,"-") -> - | BR37: =IF('Design Fee'!DO37>0,2,"-") -> - | BS37: =IF('Design Fee'!DP37>0,2,"-") -> - | BT37: =IF('Design Fee'!DQ37>0,2,"-") -> - | BU37: =IF('Design Fee'!DR37>0,2,"-") -> - | BV37: =IF('Design Fee'!DS37>0,2,"-") -> - | BW37: =IF('Design Fee'!DU37>0,2,"-") -> - | BX37: =IF('Design Fee'!DV37>0,2,"-") -> - | BY37: =IF('Design Fee'!DW37>0,2,"-") -> - | BZ37: =IF('Design Fee'!DX37>0,2,"-") -> - | CA37: =IF('Design Fee'!DY37>0,2,"-") -> -
B39: 4 | C39: 5 | D39: Marketing and Sales | W39: =IF('Design Fee'!H39>0,2,"-") -> 2 | X39: =IF('Design Fee'!J39>0,2,"-") -> 2 | Y39: =IF('Design Fee'!K39>0,2,"-") -> - | Z39: =IF('Design Fee'!L39>0,2,"-") -> - | AA39: =IF('Design Fee'!M39>0,2,"-") -> - | AB39: =IF('Design Fee'!N39>0,2,"-") -> - | AC39: =IF('Design Fee'!O39>0,2,"-") -> - | AD39: =IF('Design Fee'!Q39>0,2,"-") -> - | AE39: =IF('Design Fee'!R39>0,2,"-") -> - | AF39: =IF('Design Fee'!S39>0,2,"-") -> - | AG39: =IF('Design Fee'!T39>0,2,"-") -> - | AH39: =IF('Design Fee'!U39>0,2,"-") -> - | AL39: =IF('Design Fee'!AR39>0,2,"-") -> - | AM39: =IF('Design Fee'!AT39>0,2,"-") -> - | AN39: =IF('Design Fee'!AU39>0,2,"-") -> - | AO39: =IF('Design Fee'!AV39>0,2,"-") -> - | AP39: =IF('Design Fee'!AW39>0,2,"-") -> - | AQ39: =IF('Design Fee'!AX39>0,2,"-") -> - | AR39: =IF('Design Fee'!AY39>0,2,"-") -> - | AS39: =IF('Design Fee'!BA39>0,2,"-") -> - | AT39: =IF('Design Fee'!BB39>0,2,"-") -> - | AU39: =IF('Design Fee'!BC39>0,2,"-") -> - | AV39: =IF('Design Fee'!BD39>0,2,"-") -> - | AW39: =IF('Design Fee'!BE39>0,2,"-") -> - | BA39: =IF('Design Fee'!CB39>0,2,"-") -> - | BB39: =IF('Design Fee'!CD39>0,2,"-") -> - | BC39: =IF('Design Fee'!CE39>0,2,"-") -> - | BD39: =IF('Design Fee'!CF39>0,2,"-") -> - | BE39: =IF('Design Fee'!CG39>0,2,"-") -> - | BF39: =IF('Design Fee'!CH39>0,2,"-") -> - | BG39: =IF('Design Fee'!CI39>0,2,"-") -> - | BH39: =IF('Design Fee'!CK39>0,2,"-") -> - | BI39: =IF('Design Fee'!CL39>0,2,"-") -> - | BJ39: =IF('Design Fee'!CM39>0,2,"-") -> - | BK39: =IF('Design Fee'!CN39>0,2,"-") -> - | BL39: =IF('Design Fee'!CO39>0,2,"-") -> - | BP39: =IF('Design Fee'!DL39>0,2,"-") -> 2 | BQ39: =IF('Design Fee'!DN39>0,2,"-") -> 2 | BR39: =IF('Design Fee'!DO39>0,2,"-") -> - | BS39: =IF('Design Fee'!DP39>0,2,"-") -> - | BT39: =IF('Design Fee'!DQ39>0,2,"-") -> - | BU39: =IF('Design Fee'!DR39>0,2,"-") -> - | BV39: =IF('Design Fee'!DS39>0,2,"-") -> - | BW39: =IF('Design Fee'!DU39>0,2,"-") -> - | BX39: =IF('Design Fee'!DV39>0,2,"-") -> - | BY39: =IF('Design Fee'!DW39>0,2,"-") -> - | BZ39: =IF('Design Fee'!DX39>0,2,"-") -> - | CA39: =IF('Design Fee'!DY39>0,2,"-") -> -
B40: 1 | C40: 1 | D40: Masterplan | W40: =IF('Design Fee'!H40>0,2,"-") -> - | X40: =IF('Design Fee'!J40>0,2,"-") -> - | Y40: =IF('Design Fee'!K40>0,2,"-") -> - | Z40: =IF('Design Fee'!L40>0,2,"-") -> - | AA40: =IF('Design Fee'!M40>0,2,"-") -> - | AB40: =IF('Design Fee'!N40>0,2,"-") -> - | AC40: =IF('Design Fee'!O40>0,2,"-") -> - | AD40: =IF('Design Fee'!Q40>0,2,"-") -> - | AE40: =IF('Design Fee'!R40>0,2,"-") -> - | AF40: =IF('Design Fee'!S40>0,2,"-") -> - | AG40: =IF('Design Fee'!T40>0,2,"-") -> - | AH40: =IF('Design Fee'!U40>0,2,"-") -> - | AL40: =IF('Design Fee'!AR40>0,2,"-") -> - | AM40: =IF('Design Fee'!AT40>0,2,"-") -> - | AN40: =IF('Design Fee'!AU40>0,2,"-") -> - | AO40: =IF('Design Fee'!AV40>0,2,"-") -> - | AP40: =IF('Design Fee'!AW40>0,2,"-") -> - | AQ40: =IF('Design Fee'!AX40>0,2,"-") -> - | AR40: =IF('Design Fee'!AY40>0,2,"-") -> - | AS40: =IF('Design Fee'!BA40>0,2,"-") -> - | AT40: =IF('Design Fee'!BB40>0,2,"-") -> - | AU40: =IF('Design Fee'!BC40>0,2,"-") -> - | AV40: =IF('Design Fee'!BD40>0,2,"-") -> - | AW40: =IF('Design Fee'!BE40>0,2,"-") -> - | BA40: =IF('Design Fee'!CB40>0,2,"-") -> - | BB40: =IF('Design Fee'!CD40>0,2,"-") -> - | BC40: =IF('Design Fee'!CE40>0,2,"-") -> - | BD40: =IF('Design Fee'!CF40>0,2,"-") -> - | BE40: =IF('Design Fee'!CG40>0,2,"-") -> - | BF40: =IF('Design Fee'!CH40>0,2,"-") -> - | BG40: =IF('Design Fee'!CI40>0,2,"-") -> - | BH40: =IF('Design Fee'!CK40>0,2,"-") -> - | BI40: =IF('Design Fee'!CL40>0,2,"-") -> - | BJ40: =IF('Design Fee'!CM40>0,2,"-") -> - | BK40: =IF('Design Fee'!CN40>0,2,"-") -> - | BL40: =IF('Design Fee'!CO40>0,2,"-") -> - | BP40: =IF('Design Fee'!DL40>0,2,"-") -> - | BQ40: =IF('Design Fee'!DN40>0,2,"-") -> - | BR40: =IF('Design Fee'!DO40>0,2,"-") -> - | BS40: =IF('Design Fee'!DP40>0,2,"-") -> - | BT40: =IF('Design Fee'!DQ40>0,2,"-") -> - | BU40: =IF('Design Fee'!DR40>0,2,"-") -> - | BV40: =IF('Design Fee'!DS40>0,2,"-") -> - | BW40: =IF('Design Fee'!DU40>0,2,"-") -> - | BX40: =IF('Design Fee'!DV40>0,2,"-") -> - | BY40: =IF('Design Fee'!DW40>0,2,"-") -> - | BZ40: =IF('Design Fee'!DX40>0,2,"-") -> - | CA40: =IF('Design Fee'!DY40>0,2,"-") -> -
C41: 2 | D41: Blocks | W41: =IF('Design Fee'!H41>0,2,"-") -> - | X41: =IF('Design Fee'!J41>0,2,"-") -> - | Y41: =IF('Design Fee'!K41>0,2,"-") -> - | Z41: =IF('Design Fee'!L41>0,2,"-") -> - | AA41: =IF('Design Fee'!M41>0,2,"-") -> - | AB41: =IF('Design Fee'!N41>0,2,"-") -> - | AC41: =IF('Design Fee'!O41>0,2,"-") -> - | AD41: =IF('Design Fee'!Q41>0,2,"-") -> - | AE41: =IF('Design Fee'!R41>0,2,"-") -> - | AF41: =IF('Design Fee'!S41>0,2,"-") -> - | AG41: =IF('Design Fee'!T41>0,2,"-") -> - | AH41: =IF('Design Fee'!U41>0,2,"-") -> - | AL41: =IF('Design Fee'!AR41>0,2,"-") -> - | AM41: =IF('Design Fee'!AT41>0,2,"-") -> - | AN41: =IF('Design Fee'!AU41>0,2,"-") -> - | AO41: =IF('Design Fee'!AV41>0,2,"-") -> - | AP41: =IF('Design Fee'!AW41>0,2,"-") -> - | AQ41: =IF('Design Fee'!AX41>0,2,"-") -> - | AR41: =IF('Design Fee'!AY41>0,2,"-") -> - | AS41: =IF('Design Fee'!BA41>0,2,"-") -> - | AT41: =IF('Design Fee'!BB41>0,2,"-") -> - | AU41: =IF('Design Fee'!BC41>0,2,"-") -> - | AV41: =IF('Design Fee'!BD41>0,2,"-") -> - | AW41: =IF('Design Fee'!BE41>0,2,"-") -> - | BA41: =IF('Design Fee'!CB41>0,2,"-") -> - | BB41: =IF('Design Fee'!CD41>0,2,"-") -> - | BC41: =IF('Design Fee'!CE41>0,2,"-") -> - | BD41: =IF('Design Fee'!CF41>0,2,"-") -> - | BE41: =IF('Design Fee'!CG41>0,2,"-") -> - | BF41: =IF('Design Fee'!CH41>0,2,"-") -> - | BG41: =IF('Design Fee'!CI41>0,2,"-") -> - | BH41: =IF('Design Fee'!CK41>0,2,"-") -> - | BI41: =IF('Design Fee'!CL41>0,2,"-") -> - | BJ41: =IF('Design Fee'!CM41>0,2,"-") -> - | BK41: =IF('Design Fee'!CN41>0,2,"-") -> - | BL41: =IF('Design Fee'!CO41>0,2,"-") -> - | BP41: =IF('Design Fee'!DL41>0,2,"-") -> - | BQ41: =IF('Design Fee'!DN41>0,2,"-") -> - | BR41: =IF('Design Fee'!DO41>0,2,"-") -> - | BS41: =IF('Design Fee'!DP41>0,2,"-") -> - | BT41: =IF('Design Fee'!DQ41>0,2,"-") -> - | BU41: =IF('Design Fee'!DR41>0,2,"-") -> - | BV41: =IF('Design Fee'!DS41>0,2,"-") -> - | BW41: =IF('Design Fee'!DU41>0,2,"-") -> - | BX41: =IF('Design Fee'!DV41>0,2,"-") -> - | BY41: =IF('Design Fee'!DW41>0,2,"-") -> - | BZ41: =IF('Design Fee'!DX41>0,2,"-") -> - | CA41: =IF('Design Fee'!DY41>0,2,"-") -> -
C42: 3 | D42: Products | W42: =IF('Design Fee'!H42>0,2,"-") -> - | X42: =IF('Design Fee'!J42>0,2,"-") -> - | Y42: =IF('Design Fee'!K42>0,2,"-") -> - | Z42: =IF('Design Fee'!L42>0,2,"-") -> - | AA42: =IF('Design Fee'!M42>0,2,"-") -> - | AB42: =IF('Design Fee'!N42>0,2,"-") -> - | AC42: =IF('Design Fee'!O42>0,2,"-") -> - | AD42: =IF('Design Fee'!Q42>0,2,"-") -> - | AE42: =IF('Design Fee'!R42>0,2,"-") -> - | AF42: =IF('Design Fee'!S42>0,2,"-") -> - | AG42: =IF('Design Fee'!T42>0,2,"-") -> - | AH42: =IF('Design Fee'!U42>0,2,"-") -> - | AL42: =IF('Design Fee'!AR42>0,2,"-") -> - | AM42: =IF('Design Fee'!AT42>0,2,"-") -> - | AN42: =IF('Design Fee'!AU42>0,2,"-") -> - | AO42: =IF('Design Fee'!AV42>0,2,"-") -> - | AP42: =IF('Design Fee'!AW42>0,2,"-") -> - | AQ42: =IF('Design Fee'!AX42>0,2,"-") -> - | AR42: =IF('Design Fee'!AY42>0,2,"-") -> - | AS42: =IF('Design Fee'!BA42>0,2,"-") -> - | AT42: =IF('Design Fee'!BB42>0,2,"-") -> - | AU42: =IF('Design Fee'!BC42>0,2,"-") -> - | AV42: =IF('Design Fee'!BD42>0,2,"-") -> - | AW42: =IF('Design Fee'!BE42>0,2,"-") -> - | BA42: =IF('Design Fee'!CB42>0,2,"-") -> - | BB42: =IF('Design Fee'!CD42>0,2,"-") -> - | BC42: =IF('Design Fee'!CE42>0,2,"-") -> - | BD42: =IF('Design Fee'!CF42>0,2,"-") -> - | BE42: =IF('Design Fee'!CG42>0,2,"-") -> - | BF42: =IF('Design Fee'!CH42>0,2,"-") -> - | BG42: =IF('Design Fee'!CI42>0,2,"-") -> - | BH42: =IF('Design Fee'!CK42>0,2,"-") -> - | BI42: =IF('Design Fee'!CL42>0,2,"-") -> - | BJ42: =IF('Design Fee'!CM42>0,2,"-") -> - | BK42: =IF('Design Fee'!CN42>0,2,"-") -> - | BL42: =IF('Design Fee'!CO42>0,2,"-") -> - | BP42: =IF('Design Fee'!DL42>0,2,"-") -> - | BQ42: =IF('Design Fee'!DN42>0,2,"-") -> - | BR42: =IF('Design Fee'!DO42>0,2,"-") -> - | BS42: =IF('Design Fee'!DP42>0,2,"-") -> - | BT42: =IF('Design Fee'!DQ42>0,2,"-") -> - | BU42: =IF('Design Fee'!DR42>0,2,"-") -> - | BV42: =IF('Design Fee'!DS42>0,2,"-") -> - | BW42: =IF('Design Fee'!DU42>0,2,"-") -> - | BX42: =IF('Design Fee'!DV42>0,2,"-") -> - | BY42: =IF('Design Fee'!DW42>0,2,"-") -> - | BZ42: =IF('Design Fee'!DX42>0,2,"-") -> - | CA42: =IF('Design Fee'!DY42>0,2,"-") -> -
B43: 3 | C43: 4 | D43: Specifications | W43: =IF('Design Fee'!H43>0,2,"-") -> - | X43: =IF('Design Fee'!J43>0,2,"-") -> - | Y43: =IF('Design Fee'!K43>0,2,"-") -> - | Z43: =IF('Design Fee'!L43>0,2,"-") -> - | AA43: =IF('Design Fee'!M43>0,2,"-") -> - | AB43: =IF('Design Fee'!N43>0,2,"-") -> - | AC43: =IF('Design Fee'!O43>0,2,"-") -> - | AD43: =IF('Design Fee'!Q43>0,2,"-") -> - | AE43: =IF('Design Fee'!R43>0,2,"-") -> - | AF43: =IF('Design Fee'!S43>0,2,"-") -> - | AG43: =IF('Design Fee'!T43>0,2,"-") -> - | AH43: =IF('Design Fee'!U43>0,2,"-") -> - | AL43: =IF('Design Fee'!AR43>0,2,"-") -> - | AM43: =IF('Design Fee'!AT43>0,2,"-") -> - | AN43: =IF('Design Fee'!AU43>0,2,"-") -> - | AO43: =IF('Design Fee'!AV43>0,2,"-") -> - | AP43: =IF('Design Fee'!AW43>0,2,"-") -> - | AQ43: =IF('Design Fee'!AX43>0,2,"-") -> - | AR43: =IF('Design Fee'!AY43>0,2,"-") -> - | AS43: =IF('Design Fee'!BA43>0,2,"-") -> - | AT43: =IF('Design Fee'!BB43>0,2,"-") -> - | AU43: =IF('Design Fee'!BC43>0,2,"-") -> - | AV43: =IF('Design Fee'!BD43>0,2,"-") -> - | AW43: =IF('Design Fee'!BE43>0,2,"-") -> - | BA43: =IF('Design Fee'!CB43>0,2,"-") -> - | BB43: =IF('Design Fee'!CD43>0,2,"-") -> - | BC43: =IF('Design Fee'!CE43>0,2,"-") -> - | BD43: =IF('Design Fee'!CF43>0,2,"-") -> - | BE43: =IF('Design Fee'!CG43>0,2,"-") -> - | BF43: =IF('Design Fee'!CH43>0,2,"-") -> - | BG43: =IF('Design Fee'!CI43>0,2,"-") -> - | BH43: =IF('Design Fee'!CK43>0,2,"-") -> - | BI43: =IF('Design Fee'!CL43>0,2,"-") -> - | BJ43: =IF('Design Fee'!CM43>0,2,"-") -> - | BK43: =IF('Design Fee'!CN43>0,2,"-") -> - | BL43: =IF('Design Fee'!CO43>0,2,"-") -> - | BP43: =IF('Design Fee'!DL43>0,2,"-") -> - | BQ43: =IF('Design Fee'!DN43>0,2,"-") -> - | BR43: =IF('Design Fee'!DO43>0,2,"-") -> - | BS43: =IF('Design Fee'!DP43>0,2,"-") -> - | BT43: =IF('Design Fee'!DQ43>0,2,"-") -> - | BU43: =IF('Design Fee'!DR43>0,2,"-") -> - | BV43: =IF('Design Fee'!DS43>0,2,"-") -> - | BW43: =IF('Design Fee'!DU43>0,2,"-") -> - | BX43: =IF('Design Fee'!DV43>0,2,"-") -> - | BY43: =IF('Design Fee'!DW43>0,2,"-") -> - | BZ43: =IF('Design Fee'!DX43>0,2,"-") -> - | CA43: =IF('Design Fee'!DY43>0,2,"-") -> -
B44: 4 | C44: 5 | D44: Clubhouse Design with list of Amenities | W44: =IF('Design Fee'!H44>0,2,"-") -> - | X44: =IF('Design Fee'!J44>0,2,"-") -> - | Y44: =IF('Design Fee'!K44>0,2,"-") -> - | Z44: =IF('Design Fee'!L44>0,2,"-") -> - | AA44: =IF('Design Fee'!M44>0,2,"-") -> - | AB44: =IF('Design Fee'!N44>0,2,"-") -> - | AC44: =IF('Design Fee'!O44>0,2,"-") -> - | AD44: =IF('Design Fee'!Q44>0,2,"-") -> - | AE44: =IF('Design Fee'!R44>0,2,"-") -> - | AF44: =IF('Design Fee'!S44>0,2,"-") -> - | AG44: =IF('Design Fee'!T44>0,2,"-") -> - | AH44: =IF('Design Fee'!U44>0,2,"-") -> - | AL44: =IF('Design Fee'!AR44>0,2,"-") -> - | AM44: =IF('Design Fee'!AT44>0,2,"-") -> - | AN44: =IF('Design Fee'!AU44>0,2,"-") -> - | AO44: =IF('Design Fee'!AV44>0,2,"-") -> - | AP44: =IF('Design Fee'!AW44>0,2,"-") -> - | AQ44: =IF('Design Fee'!AX44>0,2,"-") -> - | AR44: =IF('Design Fee'!AY44>0,2,"-") -> - | AS44: =IF('Design Fee'!BA44>0,2,"-") -> - | AT44: =IF('Design Fee'!BB44>0,2,"-") -> - | AU44: =IF('Design Fee'!BC44>0,2,"-") -> - | AV44: =IF('Design Fee'!BD44>0,2,"-") -> - | AW44: =IF('Design Fee'!BE44>0,2,"-") -> - | BA44: =IF('Design Fee'!CB44>0,2,"-") -> - | BB44: =IF('Design Fee'!CD44>0,2,"-") -> - | BC44: =IF('Design Fee'!CE44>0,2,"-") -> - | BD44: =IF('Design Fee'!CF44>0,2,"-") -> - | BE44: =IF('Design Fee'!CG44>0,2,"-") -> - | BF44: =IF('Design Fee'!CH44>0,2,"-") -> - | BG44: =IF('Design Fee'!CI44>0,2,"-") -> - | BH44: =IF('Design Fee'!CK44>0,2,"-") -> - | BI44: =IF('Design Fee'!CL44>0,2,"-") -> - | BJ44: =IF('Design Fee'!CM44>0,2,"-") -> - | BK44: =IF('Design Fee'!CN44>0,2,"-") -> - | BL44: =IF('Design Fee'!CO44>0,2,"-") -> - | BP44: =IF('Design Fee'!DL44>0,2,"-") -> - | BQ44: =IF('Design Fee'!DN44>0,2,"-") -> - | BR44: =IF('Design Fee'!DO44>0,2,"-") -> - | BS44: =IF('Design Fee'!DP44>0,2,"-") -> - | BT44: =IF('Design Fee'!DQ44>0,2,"-") -> - | BU44: =IF('Design Fee'!DR44>0,2,"-") -> - | BV44: =IF('Design Fee'!DS44>0,2,"-") -> - | BW44: =IF('Design Fee'!DU44>0,2,"-") -> - | BX44: =IF('Design Fee'!DV44>0,2,"-") -> - | BY44: =IF('Design Fee'!DW44>0,2,"-") -> - | BZ44: =IF('Design Fee'!DX44>0,2,"-") -> - | CA44: =IF('Design Fee'!DY44>0,2,"-") -> -
B45: 5 | C45: 6 | D45: Renders, Walk-through and Scaled model | W45: =IF('Design Fee'!H45>0,2,"-") -> - | X45: =IF('Design Fee'!J45>0,2,"-") -> - | Y45: =IF('Design Fee'!K45>0,2,"-") -> - | Z45: =IF('Design Fee'!L45>0,2,"-") -> - | AA45: =IF('Design Fee'!M45>0,2,"-") -> - | AB45: =IF('Design Fee'!N45>0,2,"-") -> - | AC45: =IF('Design Fee'!O45>0,2,"-") -> - | AD45: =IF('Design Fee'!Q45>0,2,"-") -> - | AE45: =IF('Design Fee'!R45>0,2,"-") -> - | AF45: =IF('Design Fee'!S45>0,2,"-") -> - | AG45: =IF('Design Fee'!T45>0,2,"-") -> - | AH45: =IF('Design Fee'!U45>0,2,"-") -> - | AL45: =IF('Design Fee'!AR45>0,2,"-") -> - | AM45: =IF('Design Fee'!AT45>0,2,"-") -> - | AN45: =IF('Design Fee'!AU45>0,2,"-") -> - | AO45: =IF('Design Fee'!AV45>0,2,"-") -> - | AP45: =IF('Design Fee'!AW45>0,2,"-") -> - | AQ45: =IF('Design Fee'!AX45>0,2,"-") -> - | AR45: =IF('Design Fee'!AY45>0,2,"-") -> - | AS45: =IF('Design Fee'!BA45>0,2,"-") -> - | AT45: =IF('Design Fee'!BB45>0,2,"-") -> - | AU45: =IF('Design Fee'!BC45>0,2,"-") -> - | AV45: =IF('Design Fee'!BD45>0,2,"-") -> - | AW45: =IF('Design Fee'!BE45>0,2,"-") -> - | BA45: =IF('Design Fee'!CB45>0,2,"-") -> - | BB45: =IF('Design Fee'!CD45>0,2,"-") -> - | BC45: =IF('Design Fee'!CE45>0,2,"-") -> - | BD45: =IF('Design Fee'!CF45>0,2,"-") -> - | BE45: =IF('Design Fee'!CG45>0,2,"-") -> - | BF45: =IF('Design Fee'!CH45>0,2,"-") -> - | BG45: =IF('Design Fee'!CI45>0,2,"-") -> - | BH45: =IF('Design Fee'!CK45>0,2,"-") -> - | BI45: =IF('Design Fee'!CL45>0,2,"-") -> - | BJ45: =IF('Design Fee'!CM45>0,2,"-") -> - | BK45: =IF('Design Fee'!CN45>0,2,"-") -> - | BL45: =IF('Design Fee'!CO45>0,2,"-") -> - | BP45: =IF('Design Fee'!DL45>0,2,"-") -> - | BQ45: =IF('Design Fee'!DN45>0,2,"-") -> - | BR45: =IF('Design Fee'!DO45>0,2,"-") -> - | BS45: =IF('Design Fee'!DP45>0,2,"-") -> - | BT45: =IF('Design Fee'!DQ45>0,2,"-") -> - | BU45: =IF('Design Fee'!DR45>0,2,"-") -> - | BV45: =IF('Design Fee'!DS45>0,2,"-") -> - | BW45: =IF('Design Fee'!DU45>0,2,"-") -> - | BX45: =IF('Design Fee'!DV45>0,2,"-") -> - | BY45: =IF('Design Fee'!DW45>0,2,"-") -> - | BZ45: =IF('Design Fee'!DX45>0,2,"-") -> - | CA45: =IF('Design Fee'!DY45>0,2,"-") -> -
C46: 7 | D46: Project Entrance and Boundary wall | W46: =IF('Design Fee'!H46>0,2,"-") -> - | X46: =IF('Design Fee'!J46>0,2,"-") -> - | Y46: =IF('Design Fee'!K46>0,2,"-") -> - | Z46: =IF('Design Fee'!L46>0,2,"-") -> - | AA46: =IF('Design Fee'!M46>0,2,"-") -> - | AB46: =IF('Design Fee'!N46>0,2,"-") -> - | AC46: =IF('Design Fee'!O46>0,2,"-") -> - | AD46: =IF('Design Fee'!Q46>0,2,"-") -> - | AE46: =IF('Design Fee'!R46>0,2,"-") -> - | AF46: =IF('Design Fee'!S46>0,2,"-") -> - | AG46: =IF('Design Fee'!T46>0,2,"-") -> - | AH46: =IF('Design Fee'!U46>0,2,"-") -> - | AL46: =IF('Design Fee'!AR46>0,2,"-") -> - | AM46: =IF('Design Fee'!AT46>0,2,"-") -> - | AN46: =IF('Design Fee'!AU46>0,2,"-") -> - | AO46: =IF('Design Fee'!AV46>0,2,"-") -> - | AP46: =IF('Design Fee'!AW46>0,2,"-") -> - | AQ46: =IF('Design Fee'!AX46>0,2,"-") -> - | AR46: =IF('Design Fee'!AY46>0,2,"-") -> - | AS46: =IF('Design Fee'!BA46>0,2,"-") -> - | AT46: =IF('Design Fee'!BB46>0,2,"-") -> - | AU46: =IF('Design Fee'!BC46>0,2,"-") -> - | AV46: =IF('Design Fee'!BD46>0,2,"-") -> - | AW46: =IF('Design Fee'!BE46>0,2,"-") -> - | BA46: =IF('Design Fee'!CB46>0,2,"-") -> - | BB46: =IF('Design Fee'!CD46>0,2,"-") -> - | BC46: =IF('Design Fee'!CE46>0,2,"-") -> - | BD46: =IF('Design Fee'!CF46>0,2,"-") -> - | BE46: =IF('Design Fee'!CG46>0,2,"-") -> - | BF46: =IF('Design Fee'!CH46>0,2,"-") -> - | BG46: =IF('Design Fee'!CI46>0,2,"-") -> - | BH46: =IF('Design Fee'!CK46>0,2,"-") -> - | BI46: =IF('Design Fee'!CL46>0,2,"-") -> - | BJ46: =IF('Design Fee'!CM46>0,2,"-") -> - | BK46: =IF('Design Fee'!CN46>0,2,"-") -> - | BL46: =IF('Design Fee'!CO46>0,2,"-") -> - | BP46: =IF('Design Fee'!DL46>0,2,"-") -> - | BQ46: =IF('Design Fee'!DN46>0,2,"-") -> - | BR46: =IF('Design Fee'!DO46>0,2,"-") -> - | BS46: =IF('Design Fee'!DP46>0,2,"-") -> - | BT46: =IF('Design Fee'!DQ46>0,2,"-") -> - | BU46: =IF('Design Fee'!DR46>0,2,"-") -> - | BV46: =IF('Design Fee'!DS46>0,2,"-") -> - | BW46: =IF('Design Fee'!DU46>0,2,"-") -> - | BX46: =IF('Design Fee'!DV46>0,2,"-") -> - | BY46: =IF('Design Fee'!DW46>0,2,"-") -> - | BZ46: =IF('Design Fee'!DX46>0,2,"-") -> - | CA46: =IF('Design Fee'!DY46>0,2,"-") -> -
C47: 8 | D47: Sales Centre and Experience Homes [Construction Docs] | W47: =IF('Design Fee'!H47>0,2,"-") -> - | X47: =IF('Design Fee'!J47>0,2,"-") -> - | Y47: =IF('Design Fee'!K47>0,2,"-") -> - | Z47: =IF('Design Fee'!L47>0,2,"-") -> - | AA47: =IF('Design Fee'!M47>0,2,"-") -> - | AB47: =IF('Design Fee'!N47>0,2,"-") -> - | AC47: =IF('Design Fee'!O47>0,2,"-") -> - | AD47: =IF('Design Fee'!Q47>0,2,"-") -> - | AE47: =IF('Design Fee'!R47>0,2,"-") -> - | AF47: =IF('Design Fee'!S47>0,2,"-") -> - | AG47: =IF('Design Fee'!T47>0,2,"-") -> - | AH47: =IF('Design Fee'!U47>0,2,"-") -> - | AL47: =IF('Design Fee'!AR47>0,2,"-") -> - | AM47: =IF('Design Fee'!AT47>0,2,"-") -> - | AN47: =IF('Design Fee'!AU47>0,2,"-") -> - | AO47: =IF('Design Fee'!AV47>0,2,"-") -> - | AP47: =IF('Design Fee'!AW47>0,2,"-") -> - | AQ47: =IF('Design Fee'!AX47>0,2,"-") -> - | AR47: =IF('Design Fee'!AY47>0,2,"-") -> - | AS47: =IF('Design Fee'!BA47>0,2,"-") -> - | AT47: =IF('Design Fee'!BB47>0,2,"-") -> - | AU47: =IF('Design Fee'!BC47>0,2,"-") -> - | AV47: =IF('Design Fee'!BD47>0,2,"-") -> - | AW47: =IF('Design Fee'!BE47>0,2,"-") -> - | BA47: =IF('Design Fee'!CB47>0,2,"-") -> - | BB47: =IF('Design Fee'!CD47>0,2,"-") -> - | BC47: =IF('Design Fee'!CE47>0,2,"-") -> - | BD47: =IF('Design Fee'!CF47>0,2,"-") -> - | BE47: =IF('Design Fee'!CG47>0,2,"-") -> - | BF47: =IF('Design Fee'!CH47>0,2,"-") -> - | BG47: =IF('Design Fee'!CI47>0,2,"-") -> - | BH47: =IF('Design Fee'!CK47>0,2,"-") -> - | BI47: =IF('Design Fee'!CL47>0,2,"-") -> - | BJ47: =IF('Design Fee'!CM47>0,2,"-") -> - | BK47: =IF('Design Fee'!CN47>0,2,"-") -> - | BL47: =IF('Design Fee'!CO47>0,2,"-") -> - | BP47: =IF('Design Fee'!DL47>0,2,"-") -> - | BQ47: =IF('Design Fee'!DN47>0,2,"-") -> - | BR47: =IF('Design Fee'!DO47>0,2,"-") -> - | BS47: =IF('Design Fee'!DP47>0,2,"-") -> - | BT47: =IF('Design Fee'!DQ47>0,2,"-") -> - | BU47: =IF('Design Fee'!DR47>0,2,"-") -> - | BV47: =IF('Design Fee'!DS47>0,2,"-") -> - | BW47: =IF('Design Fee'!DU47>0,2,"-") -> - | BX47: =IF('Design Fee'!DV47>0,2,"-") -> - | BY47: =IF('Design Fee'!DW47>0,2,"-") -> - | BZ47: =IF('Design Fee'!DX47>0,2,"-") -> - | CA47: =IF('Design Fee'!DY47>0,2,"-") -> -
C49: CONSTRUCTION DOCUMENTS | H49: =H51+H62+H84 -> 49 | I49: =I51+I62+I84 -> 19 | J49: =J51+J62+J84 -> 30 | K49: =K51+K62+K84 -> 30 | L49: =L51+L62+L84 -> 0 | M49: =M51+M62+M84 -> 0 | N49: =N51+N62+N84 -> 0 | O49: =O51+O62+O84 -> 29 | ... S49: =S51+S62+S84 -> 0 | W49: =W51+W62+W84 -> 17 | X49: =X51+X62+X84 -> 9 | Y49: =Y51+Y62+Y84 -> 8 | Z49: =Z51+Z62+Z84 -> 8 | AA49: =AA51+AA62+AA84 -> 0 | AB49: =AB51+AB62+AB84 -> 0 | AC49: =AC51+AC62+AC84 -> 0 | AD49: =AD51+AD62+AD84 -> 8 | ... AH49: =AH51+AH62+AH84 -> 0 | AL49: =AL51+AL62+AL84 -> 18 | AM49: =AM51+AM62+AM84 -> 9 | AN49: =AN51+AN62+AN84 -> 9 | AO49: =AO51+AO62+AO84 -> 9 | AP49: =AP51+AP62+AP84 -> 0 | AQ49: =AQ51+AQ62+AQ84 -> 0 | AR49: =AR51+AR62+AR84 -> 0 | AS49: =AS51+AS62+AS84 -> 9 | ... AW49: =AW51+AW62+AW84 -> 0 | BA49: =BA51+BA62+BA84 -> 10 | BB49: =BB51+BB62+BB84 -> 1 | BC49: =BC51+BC62+BC84 -> 9 | BD49: =BD51+BD62+BD84 -> 9 | BE49: =BE51+BE62+BE84 -> 0 | BF49: =BF51+BF62+BF84 -> 0 | BG49: =BG51+BG62+BG84 -> 0 | BH49: =BH51+BH62+BH84 -> 8 | ... BL49: =BL51+BL62+BL84 -> 0 | BP49: =BP51+BP62+BP84 -> 4 | BQ49: =BQ51+BQ62+BQ84 -> 0 | BR49: =BR51+BR62+BR84 -> 4 | BS49: =BS51+BS62+BS84 -> 4 | BT49: =BT51+BT62+BT84 -> 0 | BU49: =BU51+BU62+BU84 -> 0 | BV49: =BV51+BV62+BV84 -> 0 | BW49: =BW51+BW62+BW84 -> 4 | ... CA49: =CA51+CA62+CA84 -> 0 | CB49: 0
C51: 1 | D51: GFC | Tower—09 [Commercial] | G51: =X51+AM51+BB51+BQ51 -> 9 | H51: =W51+AL51+BA51+BP51 -> 21 | I51: =X51+AM51+BB51+BQ51 -> 9 | J51: =Y51+AN51+BC51+BR51 -> 12 | K51: =Z51+AO51+BD51+BS51 -> 12 | L51: =AA51+AP51+BE51+BT51 -> 0 | M51: =AB51+AQ51+BF51+BU51 -> 0 | N51: =AC51+AR51+BG51+BV51 -> 0 | O51: =AD51+AS51+BH51+BW51 -> 12 | ... S51: =AH51+AW51+BL51+CA51 -> 0 | T51: 0 | W51: =COUNT(W52:W60) -> 9 | X51: =COUNT(X52:X60) -> 5 | Y51: =COUNT(Y52:Y60) -> 4 | Z51: =COUNT(Z52:Z60) -> 4 | AA51: =COUNT(AA52:AA60) -> 0 | AB51: =COUNT(AB52:AB60) -> 0 | AC51: =COUNT(AC52:AC60) -> 0 | AD51: =COUNT(AD52:AD60) -> 4 | ... AH51: =COUNT(AH52:AH60) -> 0 | AI51: 0 | AL51: =COUNT(AL52:AL60) -> 6 | AM51: =COUNT(AM52:AM60) -> 3 | AN51: =COUNT(AN52:AN60) -> 3 | AO51: =COUNT(AO52:AO60) -> 3 | AP51: =COUNT(AP52:AP60) -> 0 | AQ51: =COUNT(AQ52:AQ60) -> 0 | AR51: =COUNT(AR52:AR60) -> 0 | AS51: =COUNT(AS52:AS60) -> 3 | ... AW51: =COUNT(AW52:AW60) -> 0 | AX51: 0 | BA51: =COUNT(BA52:BA60) -> 4 | BB51: =COUNT(BB52:BB60) -> 1 | BC51: =COUNT(BC52:BC60) -> 3 | BD51: =COUNT(BD52:BD60) -> 3 | BE51: =COUNT(BE52:BE60) -> 0 | BF51: =COUNT(BF52:BF60) -> 0 | BG51: =COUNT(BG52:BG60) -> 0 | BH51: =COUNT(BH52:BH60) -> 3 | ... BL51: =COUNT(BL52:BL60) -> 0 | BM51: 0 | BP51: =COUNT(BP52:BP60) -> 2 | BQ51: =COUNT(BQ52:BQ60) -> 0 | BR51: =COUNT(BR52:BR60) -> 2 | BS51: =COUNT(BS52:BS60) -> 2 | BT51: =COUNT(BT52:BT60) -> 0 | BU51: =COUNT(BU52:BU60) -> 0 | BV51: =COUNT(BV52:BV60) -> 0 | BW51: =COUNT(BW52:BW60) -> 2 | ... CA51: =COUNT(CA52:CA60) -> 0 | CB51: 0
B52: T09-1 | C52: 1 | D52: Foundation and Grade Slab | W52: =IF('Design Fee'!H52>0,2,"-") -> 2 | X52: =IF('Design Fee'!J52>0,2,"-") -> 2 | Y52: =IF('Design Fee'!K52>0,2,"-") -> - | Z52: =IF('Design Fee'!L52>0,2,"-") -> - | AA52: =IF('Design Fee'!M52>0,2,"-") -> - | AB52: =IF('Design Fee'!N52>0,2,"-") -> - | AC52: =IF('Design Fee'!O52>0,2,"-") -> - | AD52: =IF('Design Fee'!Q52>0,2,"-") -> - | AE52: =IF('Design Fee'!R52>0,2,"-") -> - | AF52: =IF('Design Fee'!S52>0,2,"-") -> - | AG52: =IF('Design Fee'!T52>0,2,"-") -> - | AH52: =IF('Design Fee'!U52>0,2,"-") -> - | AL52: =IF('Design Fee'!AR52>0,2,"-") -> 2 | AM52: =IF('Design Fee'!AT52>0,2,"-") -> 2 | AN52: =IF('Design Fee'!AU52>0,2,"-") -> - | AO52: =IF('Design Fee'!AV52>0,2,"-") -> - | AP52: =IF('Design Fee'!AW52>0,2,"-") -> - | AQ52: =IF('Design Fee'!AX52>0,2,"-") -> - | AR52: =IF('Design Fee'!AY52>0,2,"-") -> - | AS52: =IF('Design Fee'!BA52>0,2,"-") -> - | AT52: =IF('Design Fee'!BB52>0,2,"-") -> - | AU52: =IF('Design Fee'!BC52>0,2,"-") -> - | AV52: =IF('Design Fee'!BD52>0,2,"-") -> - | AW52: =IF('Design Fee'!BE52>0,2,"-") -> - | BA52: =IF('Design Fee'!CB52>0,2,"-") -> 2 | BB52: =IF('Design Fee'!CD52>0,2,"-") -> 2 | BC52: =IF('Design Fee'!CE52>0,2,"-") -> - | BD52: =IF('Design Fee'!CF52>0,2,"-") -> - | BE52: =IF('Design Fee'!CG52>0,2,"-") -> - | BF52: =IF('Design Fee'!CH52>0,2,"-") -> - | BG52: =IF('Design Fee'!CI52>0,2,"-") -> - | BH52: =IF('Design Fee'!CK52>0,2,"-") -> - | BI52: =IF('Design Fee'!CL52>0,2,"-") -> - | BJ52: =IF('Design Fee'!CM52>0,2,"-") -> - | BK52: =IF('Design Fee'!CN52>0,2,"-") -> - | BL52: =IF('Design Fee'!CO52>0,2,"-") -> - | BP52: =IF('Design Fee'!DL52>0,2,"-") -> - | BQ52: =IF('Design Fee'!DN52>0,2,"-") -> - | BR52: =IF('Design Fee'!DO52>0,2,"-") -> - | BS52: =IF('Design Fee'!DP52>0,2,"-") -> - | BT52: =IF('Design Fee'!DQ52>0,2,"-") -> - | BU52: =IF('Design Fee'!DR52>0,2,"-") -> - | BV52: =IF('Design Fee'!DS52>0,2,"-") -> - | BW52: =IF('Design Fee'!DU52>0,2,"-") -> - | BX52: =IF('Design Fee'!DV52>0,2,"-") -> - | BY52: =IF('Design Fee'!DW52>0,2,"-") -> - | BZ52: =IF('Design Fee'!DX52>0,2,"-") -> - | CA52: =IF('Design Fee'!DY52>0,2,"-") -> -
B53: T09-2 | C53: 2 | D53: Parking Level-Sub grade | W53: =IF('Design Fee'!H53>0,2,"-") -> 2 | X53: =IF('Design Fee'!J53>0,2,"-") -> 2 | Y53: =IF('Design Fee'!K53>0,2,"-") -> - | Z53: =IF('Design Fee'!L53>0,2,"-") -> - | AA53: =IF('Design Fee'!M53>0,2,"-") -> - | AB53: =IF('Design Fee'!N53>0,2,"-") -> - | AC53: =IF('Design Fee'!O53>0,2,"-") -> - | AD53: =IF('Design Fee'!Q53>0,2,"-") -> - | AE53: =IF('Design Fee'!R53>0,2,"-") -> - | AF53: =IF('Design Fee'!S53>0,2,"-") -> - | AG53: =IF('Design Fee'!T53>0,2,"-") -> - | AH53: =IF('Design Fee'!U53>0,2,"-") -> - | AL53: =IF('Design Fee'!AR53>0,2,"-") -> 2 | AM53: =IF('Design Fee'!AT53>0,2,"-") -> - | AN53: =IF('Design Fee'!AU53>0,2,"-") -> 2 | AO53: =IF('Design Fee'!AV53>0,2,"-") -> 2 | AP53: =IF('Design Fee'!AW53>0,2,"-") -> - | AQ53: =IF('Design Fee'!AX53>0,2,"-") -> - | AR53: =IF('Design Fee'!AY53>0,2,"-") -> - | AS53: =IF('Design Fee'!BA53>0,2,"-") -> 2 | AT53: =IF('Design Fee'!BB53>0,2,"-") -> 2 | AU53: =IF('Design Fee'!BC53>0,2,"-") -> - | AV53: =IF('Design Fee'!BD53>0,2,"-") -> - | AW53: =IF('Design Fee'!BE53>0,2,"-") -> - | BA53: =IF('Design Fee'!CB53>0,2,"-") -> - | BB53: =IF('Design Fee'!CD53>0,2,"-") -> - | BC53: =IF('Design Fee'!CE53>0,2,"-") -> - | BD53: =IF('Design Fee'!CF53>0,2,"-") -> - | BE53: =IF('Design Fee'!CG53>0,2,"-") -> - | BF53: =IF('Design Fee'!CH53>0,2,"-") -> - | BG53: =IF('Design Fee'!CI53>0,2,"-") -> - | BH53: =IF('Design Fee'!CK53>0,2,"-") -> - | BI53: =IF('Design Fee'!CL53>0,2,"-") -> - | BJ53: =IF('Design Fee'!CM53>0,2,"-") -> - | BK53: =IF('Design Fee'!CN53>0,2,"-") -> - | BL53: =IF('Design Fee'!CO53>0,2,"-") -> - | BP53: =IF('Design Fee'!DL53>0,2,"-") -> - | BQ53: =IF('Design Fee'!DN53>0,2,"-") -> - | BR53: =IF('Design Fee'!DO53>0,2,"-") -> - | BS53: =IF('Design Fee'!DP53>0,2,"-") -> - | BT53: =IF('Design Fee'!DQ53>0,2,"-") -> - | BU53: =IF('Design Fee'!DR53>0,2,"-") -> - | BV53: =IF('Design Fee'!DS53>0,2,"-") -> - | BW53: =IF('Design Fee'!DU53>0,2,"-") -> - | BX53: =IF('Design Fee'!DV53>0,2,"-") -> - | BY53: =IF('Design Fee'!DW53>0,2,"-") -> - | BZ53: =IF('Design Fee'!DX53>0,2,"-") -> - | CA53: =IF('Design Fee'!DY53>0,2,"-") -> -
B54: T09-3 | C54: 3 | D54: Building Envelope and Common Areas [Basement] | W54: =IF('Design Fee'!H54>0,2,"-") -> 2 | X54: =IF('Design Fee'!J54>0,2,"-") -> - | Y54: =IF('Design Fee'!K54>0,2,"-") -> 2 | Z54: =IF('Design Fee'!L54>0,2,"-") -> 2 | AA54: =IF('Design Fee'!M54>0,2,"-") -> - | AB54: =IF('Design Fee'!N54>0,2,"-") -> - | AC54: =IF('Design Fee'!O54>0,2,"-") -> - | AD54: =IF('Design Fee'!Q54>0,2,"-") -> 2 | AE54: =IF('Design Fee'!R54>0,2,"-") -> 2 | AF54: =IF('Design Fee'!S54>0,2,"-") -> - | AG54: =IF('Design Fee'!T54>0,2,"-") -> - | AH54: =IF('Design Fee'!U54>0,2,"-") -> - | AL54: =IF('Design Fee'!AR54>0,2,"-") -> - | AM54: =IF('Design Fee'!AT54>0,2,"-") -> - | AN54: =IF('Design Fee'!AU54>0,2,"-") -> - | AO54: =IF('Design Fee'!AV54>0,2,"-") -> - | AP54: =IF('Design Fee'!AW54>0,2,"-") -> - | AQ54: =IF('Design Fee'!AX54>0,2,"-") -> - | AR54: =IF('Design Fee'!AY54>0,2,"-") -> - | AS54: =IF('Design Fee'!BA54>0,2,"-") -> - | AT54: =IF('Design Fee'!BB54>0,2,"-") -> - | AU54: =IF('Design Fee'!BC54>0,2,"-") -> - | AV54: =IF('Design Fee'!BD54>0,2,"-") -> - | AW54: =IF('Design Fee'!BE54>0,2,"-") -> - | BA54: =IF('Design Fee'!CB54>0,2,"-") -> - | BB54: =IF('Design Fee'!CD54>0,2,"-") -> - | BC54: =IF('Design Fee'!CE54>0,2,"-") -> - | BD54: =IF('Design Fee'!CF54>0,2,"-") -> - | BE54: =IF('Design Fee'!CG54>0,2,"-") -> - | BF54: =IF('Design Fee'!CH54>0,2,"-") -> - | BG54: =IF('Design Fee'!CI54>0,2,"-") -> - | BH54: =IF('Design Fee'!CK54>0,2,"-") -> - | BI54: =IF('Design Fee'!CL54>0,2,"-") -> - | BJ54: =IF('Design Fee'!CM54>0,2,"-") -> - | BK54: =IF('Design Fee'!CN54>0,2,"-") -> - | BL54: =IF('Design Fee'!CO54>0,2,"-") -> - | BP54: =IF('Design Fee'!DL54>0,2,"-") -> - | BQ54: =IF('Design Fee'!DN54>0,2,"-") -> - | BR54: =IF('Design Fee'!DO54>0,2,"-") -> - | BS54: =IF('Design Fee'!DP54>0,2,"-") -> - | BT54: =IF('Design Fee'!DQ54>0,2,"-") -> - | BU54: =IF('Design Fee'!DR54>0,2,"-") -> - | BV54: =IF('Design Fee'!DS54>0,2,"-") -> - | BW54: =IF('Design Fee'!DU54>0,2,"-") -> - | BX54: =IF('Design Fee'!DV54>0,2,"-") -> - | BY54: =IF('Design Fee'!DW54>0,2,"-") -> - | BZ54: =IF('Design Fee'!DX54>0,2,"-") -> - | CA54: =IF('Design Fee'!DY54>0,2,"-") -> -
B55: T09-4 | C55: 4 | D55: Habitable Level 01 | W55: =IF('Design Fee'!H55>0,2,"-") -> 2 | X55: =IF('Design Fee'!J55>0,2,"-") -> 2 | Y55: =IF('Design Fee'!K55>0,2,"-") -> - | Z55: =IF('Design Fee'!L55>0,2,"-") -> - | AA55: =IF('Design Fee'!M55>0,2,"-") -> - | AB55: =IF('Design Fee'!N55>0,2,"-") -> - | AC55: =IF('Design Fee'!O55>0,2,"-") -> - | AD55: =IF('Design Fee'!Q55>0,2,"-") -> - | AE55: =IF('Design Fee'!R55>0,2,"-") -> - | AF55: =IF('Design Fee'!S55>0,2,"-") -> - | AG55: =IF('Design Fee'!T55>0,2,"-") -> - | AH55: =IF('Design Fee'!U55>0,2,"-") -> - | AL55: =IF('Design Fee'!AR55>0,2,"-") -> 2 | AM55: =IF('Design Fee'!AT55>0,2,"-") -> 2 | AN55: =IF('Design Fee'!AU55>0,2,"-") -> - | AO55: =IF('Design Fee'!AV55>0,2,"-") -> - | AP55: =IF('Design Fee'!AW55>0,2,"-") -> - | AQ55: =IF('Design Fee'!AX55>0,2,"-") -> - | AR55: =IF('Design Fee'!AY55>0,2,"-") -> - | AS55: =IF('Design Fee'!BA55>0,2,"-") -> - | AT55: =IF('Design Fee'!BB55>0,2,"-") -> - | AU55: =IF('Design Fee'!BC55>0,2,"-") -> - | AV55: =IF('Design Fee'!BD55>0,2,"-") -> - | AW55: =IF('Design Fee'!BE55>0,2,"-") -> - | BA55: =IF('Design Fee'!CB55>0,2,"-") -> 2 | BB55: =IF('Design Fee'!CD55>0,2,"-") -> - | BC55: =IF('Design Fee'!CE55>0,2,"-") -> 2 | BD55: =IF('Design Fee'!CF55>0,2,"-") -> 2 | BE55: =IF('Design Fee'!CG55>0,2,"-") -> - | BF55: =IF('Design Fee'!CH55>0,2,"-") -> - | BG55: =IF('Design Fee'!CI55>0,2,"-") -> - | BH55: =IF('Design Fee'!CK55>0,2,"-") -> 2 | BI55: =IF('Design Fee'!CL55>0,2,"-") -> 2 | BJ55: =IF('Design Fee'!CM55>0,2,"-") -> - | BK55: =IF('Design Fee'!CN55>0,2,"-") -> - | BL55: =IF('Design Fee'!CO55>0,2,"-") -> - | BP55: =IF('Design Fee'!DL55>0,2,"-") -> - | BQ55: =IF('Design Fee'!DN55>0,2,"-") -> - | BR55: =IF('Design Fee'!DO55>0,2,"-") -> - | BS55: =IF('Design Fee'!DP55>0,2,"-") -> - | BT55: =IF('Design Fee'!DQ55>0,2,"-") -> - | BU55: =IF('Design Fee'!DR55>0,2,"-") -> - | BV55: =IF('Design Fee'!DS55>0,2,"-") -> - | BW55: =IF('Design Fee'!DU55>0,2,"-") -> - | BX55: =IF('Design Fee'!DV55>0,2,"-") -> - | BY55: =IF('Design Fee'!DW55>0,2,"-") -> - | BZ55: =IF('Design Fee'!DX55>0,2,"-") -> - | CA55: =IF('Design Fee'!DY55>0,2,"-") -> -
B56: T09-5 | C56: 5 | D56: Habitable Level - Even | W56: =IF('Design Fee'!H56>0,2,"-") -> 2 | X56: =IF('Design Fee'!J56>0,2,"-") -> 2 | Y56: =IF('Design Fee'!K56>0,2,"-") -> - | Z56: =IF('Design Fee'!L56>0,2,"-") -> - | AA56: =IF('Design Fee'!M56>0,2,"-") -> - | AB56: =IF('Design Fee'!N56>0,2,"-") -> - | AC56: =IF('Design Fee'!O56>0,2,"-") -> - | AD56: =IF('Design Fee'!Q56>0,2,"-") -> - | AE56: =IF('Design Fee'!R56>0,2,"-") -> - | AF56: =IF('Design Fee'!S56>0,2,"-") -> - | AG56: =IF('Design Fee'!T56>0,2,"-") -> - | AH56: =IF('Design Fee'!U56>0,2,"-") -> - | AL56: =IF('Design Fee'!AR56>0,2,"-") -> 2 | AM56: =IF('Design Fee'!AT56>0,2,"-") -> 2 | AN56: =IF('Design Fee'!AU56>0,2,"-") -> - | AO56: =IF('Design Fee'!AV56>0,2,"-") -> - | AP56: =IF('Design Fee'!AW56>0,2,"-") -> - | AQ56: =IF('Design Fee'!AX56>0,2,"-") -> - | AR56: =IF('Design Fee'!AY56>0,2,"-") -> - | AS56: =IF('Design Fee'!BA56>0,2,"-") -> - | AT56: =IF('Design Fee'!BB56>0,2,"-") -> - | AU56: =IF('Design Fee'!BC56>0,2,"-") -> - | AV56: =IF('Design Fee'!BD56>0,2,"-") -> - | AW56: =IF('Design Fee'!BE56>0,2,"-") -> - | BA56: =IF('Design Fee'!CB56>0,2,"-") -> - | BB56: =IF('Design Fee'!CD56>0,2,"-") -> - | BC56: =IF('Design Fee'!CE56>0,2,"-") -> - | BD56: =IF('Design Fee'!CF56>0,2,"-") -> - | BE56: =IF('Design Fee'!CG56>0,2,"-") -> - | BF56: =IF('Design Fee'!CH56>0,2,"-") -> - | BG56: =IF('Design Fee'!CI56>0,2,"-") -> - | BH56: =IF('Design Fee'!CK56>0,2,"-") -> - | BI56: =IF('Design Fee'!CL56>0,2,"-") -> - | BJ56: =IF('Design Fee'!CM56>0,2,"-") -> - | BK56: =IF('Design Fee'!CN56>0,2,"-") -> - | BL56: =IF('Design Fee'!CO56>0,2,"-") -> - | BP56: =IF('Design Fee'!DL56>0,2,"-") -> - | BQ56: =IF('Design Fee'!DN56>0,2,"-") -> - | BR56: =IF('Design Fee'!DO56>0,2,"-") -> - | BS56: =IF('Design Fee'!DP56>0,2,"-") -> - | BT56: =IF('Design Fee'!DQ56>0,2,"-") -> - | BU56: =IF('Design Fee'!DR56>0,2,"-") -> - | BV56: =IF('Design Fee'!DS56>0,2,"-") -> - | BW56: =IF('Design Fee'!DU56>0,2,"-") -> - | BX56: =IF('Design Fee'!DV56>0,2,"-") -> - | BY56: =IF('Design Fee'!DW56>0,2,"-") -> - | BZ56: =IF('Design Fee'!DX56>0,2,"-") -> - | CA56: =IF('Design Fee'!DY56>0,2,"-") -> -
B57: T09-6 | C57: 6 | D57: Habitable Level - Odd | W57: =IF('Design Fee'!H57>0,2,"-") -> 2 | X57: =IF('Design Fee'!J57>0,2,"-") -> 2 | Y57: =IF('Design Fee'!K57>0,2,"-") -> - | Z57: =IF('Design Fee'!L57>0,2,"-") -> - | AA57: =IF('Design Fee'!M57>0,2,"-") -> - | AB57: =IF('Design Fee'!N57>0,2,"-") -> - | AC57: =IF('Design Fee'!O57>0,2,"-") -> - | AD57: =IF('Design Fee'!Q57>0,2,"-") -> - | AE57: =IF('Design Fee'!R57>0,2,"-") -> - | AF57: =IF('Design Fee'!S57>0,2,"-") -> - | AG57: =IF('Design Fee'!T57>0,2,"-") -> - | AH57: =IF('Design Fee'!U57>0,2,"-") -> - | AL57: =IF('Design Fee'!AR57>0,2,"-") -> 2 | AM57: =IF('Design Fee'!AT57>0,2,"-") -> - | AN57: =IF('Design Fee'!AU57>0,2,"-") -> 2 | AO57: =IF('Design Fee'!AV57>0,2,"-") -> 2 | AP57: =IF('Design Fee'!AW57>0,2,"-") -> - | AQ57: =IF('Design Fee'!AX57>0,2,"-") -> - | AR57: =IF('Design Fee'!AY57>0,2,"-") -> - | AS57: =IF('Design Fee'!BA57>0,2,"-") -> 2 | AT57: =IF('Design Fee'!BB57>0,2,"-") -> 2 | AU57: =IF('Design Fee'!BC57>0,2,"-") -> - | AV57: =IF('Design Fee'!BD57>0,2,"-") -> - | AW57: =IF('Design Fee'!BE57>0,2,"-") -> - | BA57: =IF('Design Fee'!CB57>0,2,"-") -> - | BB57: =IF('Design Fee'!CD57>0,2,"-") -> - | BC57: =IF('Design Fee'!CE57>0,2,"-") -> - | BD57: =IF('Design Fee'!CF57>0,2,"-") -> - | BE57: =IF('Design Fee'!CG57>0,2,"-") -> - | BF57: =IF('Design Fee'!CH57>0,2,"-") -> - | BG57: =IF('Design Fee'!CI57>0,2,"-") -> - | BH57: =IF('Design Fee'!CK57>0,2,"-") -> - | BI57: =IF('Design Fee'!CL57>0,2,"-") -> - | BJ57: =IF('Design Fee'!CM57>0,2,"-") -> - | BK57: =IF('Design Fee'!CN57>0,2,"-") -> - | BL57: =IF('Design Fee'!CO57>0,2,"-") -> - | BP57: =IF('Design Fee'!DL57>0,2,"-") -> - | BQ57: =IF('Design Fee'!DN57>0,2,"-") -> - | BR57: =IF('Design Fee'!DO57>0,2,"-") -> - | BS57: =IF('Design Fee'!DP57>0,2,"-") -> - | BT57: =IF('Design Fee'!DQ57>0,2,"-") -> - | BU57: =IF('Design Fee'!DR57>0,2,"-") -> - | BV57: =IF('Design Fee'!DS57>0,2,"-") -> - | BW57: =IF('Design Fee'!DU57>0,2,"-") -> - | BX57: =IF('Design Fee'!DV57>0,2,"-") -> - | BY57: =IF('Design Fee'!DW57>0,2,"-") -> - | BZ57: =IF('Design Fee'!DX57>0,2,"-") -> - | CA57: =IF('Design Fee'!DY57>0,2,"-") -> -
B58: T09-7 | C58: 7 | D58: Building Envelope and Common Areas [Typical Tower Levels] | W58: =IF('Design Fee'!H58>0,2,"-") -> 2 | X58: =IF('Design Fee'!J58>0,2,"-") -> - | Y58: =IF('Design Fee'!K58>0,2,"-") -> 2 | Z58: =IF('Design Fee'!L58>0,2,"-") -> 2 | AA58: =IF('Design Fee'!M58>0,2,"-") -> - | AB58: =IF('Design Fee'!N58>0,2,"-") -> - | AC58: =IF('Design Fee'!O58>0,2,"-") -> - | AD58: =IF('Design Fee'!Q58>0,2,"-") -> 2 | AE58: =IF('Design Fee'!R58>0,2,"-") -> - | AF58: =IF('Design Fee'!S58>0,2,"-") -> 2 | AG58: =IF('Design Fee'!T58>0,2,"-") -> - | AH58: =IF('Design Fee'!U58>0,2,"-") -> - | AL58: =IF('Design Fee'!AR58>0,2,"-") -> - | AM58: =IF('Design Fee'!AT58>0,2,"-") -> - | AN58: =IF('Design Fee'!AU58>0,2,"-") -> - | AO58: =IF('Design Fee'!AV58>0,2,"-") -> - | AP58: =IF('Design Fee'!AW58>0,2,"-") -> - | AQ58: =IF('Design Fee'!AX58>0,2,"-") -> - | AR58: =IF('Design Fee'!AY58>0,2,"-") -> - | AS58: =IF('Design Fee'!BA58>0,2,"-") -> - | AT58: =IF('Design Fee'!BB58>0,2,"-") -> - | AU58: =IF('Design Fee'!BC58>0,2,"-") -> - | AV58: =IF('Design Fee'!BD58>0,2,"-") -> - | AW58: =IF('Design Fee'!BE58>0,2,"-") -> - | BA58: =IF('Design Fee'!CB58>0,2,"-") -> 2 | BB58: =IF('Design Fee'!CD58>0,2,"-") -> - | BC58: =IF('Design Fee'!CE58>0,2,"-") -> 2 | BD58: =IF('Design Fee'!CF58>0,2,"-") -> 2 | BE58: =IF('Design Fee'!CG58>0,2,"-") -> - | BF58: =IF('Design Fee'!CH58>0,2,"-") -> - | BG58: =IF('Design Fee'!CI58>0,2,"-") -> - | BH58: =IF('Design Fee'!CK58>0,2,"-") -> 2 | BI58: =IF('Design Fee'!CL58>0,2,"-") -> - | BJ58: =IF('Design Fee'!CM58>0,2,"-") -> 2 | BK58: =IF('Design Fee'!CN58>0,2,"-") -> - | BL58: =IF('Design Fee'!CO58>0,2,"-") -> - | BP58: =IF('Design Fee'!DL58>0,2,"-") -> 2 | BQ58: =IF('Design Fee'!DN58>0,2,"-") -> - | BR58: =IF('Design Fee'!DO58>0,2,"-") -> 2 | BS58: =IF('Design Fee'!DP58>0,2,"-") -> 2 | BT58: =IF('Design Fee'!DQ58>0,2,"-") -> - | BU58: =IF('Design Fee'!DR58>0,2,"-") -> - | BV58: =IF('Design Fee'!DS58>0,2,"-") -> - | BW58: =IF('Design Fee'!DU58>0,2,"-") -> 2 | BX58: =IF('Design Fee'!DV58>0,2,"-") -> - | BY58: =IF('Design Fee'!DW58>0,2,"-") -> - | BZ58: =IF('Design Fee'!DX58>0,2,"-") -> 2 | CA58: =IF('Design Fee'!DY58>0,2,"-") -> -
B59: T09-8 | C59: 8 | D59: Terrace Level / Hospitality | W59: =IF('Design Fee'!H59>0,2,"-") -> 2 | X59: =IF('Design Fee'!J59>0,2,"-") -> - | Y59: =IF('Design Fee'!K59>0,2,"-") -> 2 | Z59: =IF('Design Fee'!L59>0,2,"-") -> 2 | AA59: =IF('Design Fee'!M59>0,2,"-") -> - | AB59: =IF('Design Fee'!N59>0,2,"-") -> - | AC59: =IF('Design Fee'!O59>0,2,"-") -> - | AD59: =IF('Design Fee'!Q59>0,2,"-") -> 2 | AE59: =IF('Design Fee'!R59>0,2,"-") -> 2 | AF59: =IF('Design Fee'!S59>0,2,"-") -> - | AG59: =IF('Design Fee'!T59>0,2,"-") -> - | AH59: =IF('Design Fee'!U59>0,2,"-") -> - | AL59: =IF('Design Fee'!AR59>0,2,"-") -> 2 | AM59: =IF('Design Fee'!AT59>0,2,"-") -> - | AN59: =IF('Design Fee'!AU59>0,2,"-") -> 2 | AO59: =IF('Design Fee'!AV59>0,2,"-") -> 2 | AP59: =IF('Design Fee'!AW59>0,2,"-") -> - | AQ59: =IF('Design Fee'!AX59>0,2,"-") -> - | AR59: =IF('Design Fee'!AY59>0,2,"-") -> - | AS59: =IF('Design Fee'!BA59>0,2,"-") -> 2 | AT59: =IF('Design Fee'!BB59>0,2,"-") -> - | AU59: =IF('Design Fee'!BC59>0,2,"-") -> 2 | AV59: =IF('Design Fee'!BD59>0,2,"-") -> - | AW59: =IF('Design Fee'!BE59>0,2,"-") -> - | BA59: =IF('Design Fee'!CB59>0,2,"-") -> 2 | BB59: =IF('Design Fee'!CD59>0,2,"-") -> - | BC59: =IF('Design Fee'!CE59>0,2,"-") -> 2 | BD59: =IF('Design Fee'!CF59>0,2,"-") -> 2 | BE59: =IF('Design Fee'!CG59>0,2,"-") -> - | BF59: =IF('Design Fee'!CH59>0,2,"-") -> - | BG59: =IF('Design Fee'!CI59>0,2,"-") -> - | BH59: =IF('Design Fee'!CK59>0,2,"-") -> 2 | BI59: =IF('Design Fee'!CL59>0,2,"-") -> 2 | BJ59: =IF('Design Fee'!CM59>0,2,"-") -> - | BK59: =IF('Design Fee'!CN59>0,2,"-") -> - | BL59: =IF('Design Fee'!CO59>0,2,"-") -> - | BP59: =IF('Design Fee'!DL59>0,2,"-") -> - | BQ59: =IF('Design Fee'!DN59>0,2,"-") -> - | BR59: =IF('Design Fee'!DO59>0,2,"-") -> - | BS59: =IF('Design Fee'!DP59>0,2,"-") -> - | BT59: =IF('Design Fee'!DQ59>0,2,"-") -> - | BU59: =IF('Design Fee'!DR59>0,2,"-") -> - | BV59: =IF('Design Fee'!DS59>0,2,"-") -> - | BW59: =IF('Design Fee'!DU59>0,2,"-") -> - | BX59: =IF('Design Fee'!DV59>0,2,"-") -> - | BY59: =IF('Design Fee'!DW59>0,2,"-") -> - | BZ59: =IF('Design Fee'!DX59>0,2,"-") -> - | CA59: =IF('Design Fee'!DY59>0,2,"-") -> -
B60: T09-9 | C60: 9 | D60: Building Envelope and Common Areas [Terrace Level] | W60: =IF('Design Fee'!H60>0,2,"-") -> 2 | X60: =IF('Design Fee'!J60>0,2,"-") -> - | Y60: =IF('Design Fee'!K60>0,2,"-") -> 2 | Z60: =IF('Design Fee'!L60>0,2,"-") -> 2 | AA60: =IF('Design Fee'!M60>0,2,"-") -> - | AB60: =IF('Design Fee'!N60>0,2,"-") -> - | AC60: =IF('Design Fee'!O60>0,2,"-") -> - | AD60: =IF('Design Fee'!Q60>0,2,"-") -> 2 | AE60: =IF('Design Fee'!R60>0,2,"-") -> - | AF60: =IF('Design Fee'!S60>0,2,"-") -> 2 | AG60: =IF('Design Fee'!T60>0,2,"-") -> - | AH60: =IF('Design Fee'!U60>0,2,"-") -> - | AL60: =IF('Design Fee'!AR60>0,2,"-") -> - | AM60: =IF('Design Fee'!AT60>0,2,"-") -> - | AN60: =IF('Design Fee'!AU60>0,2,"-") -> - | AO60: =IF('Design Fee'!AV60>0,2,"-") -> - | AP60: =IF('Design Fee'!AW60>0,2,"-") -> - | AQ60: =IF('Design Fee'!AX60>0,2,"-") -> - | AR60: =IF('Design Fee'!AY60>0,2,"-") -> - | AS60: =IF('Design Fee'!BA60>0,2,"-") -> - | AT60: =IF('Design Fee'!BB60>0,2,"-") -> - | AU60: =IF('Design Fee'!BC60>0,2,"-") -> - | AV60: =IF('Design Fee'!BD60>0,2,"-") -> - | AW60: =IF('Design Fee'!BE60>0,2,"-") -> - | BA60: =IF('Design Fee'!CB60>0,2,"-") -> - | BB60: =IF('Design Fee'!CD60>0,2,"-") -> - | BC60: =IF('Design Fee'!CE60>0,2,"-") -> - | BD60: =IF('Design Fee'!CF60>0,2,"-") -> - | BE60: =IF('Design Fee'!CG60>0,2,"-") -> - | BF60: =IF('Design Fee'!CH60>0,2,"-") -> - | BG60: =IF('Design Fee'!CI60>0,2,"-") -> - | BH60: =IF('Design Fee'!CK60>0,2,"-") -> - | BI60: =IF('Design Fee'!CL60>0,2,"-") -> - | BJ60: =IF('Design Fee'!CM60>0,2,"-") -> - | BK60: =IF('Design Fee'!CN60>0,2,"-") -> - | BL60: =IF('Design Fee'!CO60>0,2,"-") -> - | BP60: =IF('Design Fee'!DL60>0,2,"-") -> 2 | BQ60: =IF('Design Fee'!DN60>0,2,"-") -> - | BR60: =IF('Design Fee'!DO60>0,2,"-") -> 2 | BS60: =IF('Design Fee'!DP60>0,2,"-") -> 2 | BT60: =IF('Design Fee'!DQ60>0,2,"-") -> - | BU60: =IF('Design Fee'!DR60>0,2,"-") -> - | BV60: =IF('Design Fee'!DS60>0,2,"-") -> - | BW60: =IF('Design Fee'!DU60>0,2,"-") -> 2 | BX60: =IF('Design Fee'!DV60>0,2,"-") -> - | BY60: =IF('Design Fee'!DW60>0,2,"-") -> 2 | BZ60: =IF('Design Fee'!DX60>0,2,"-") -> - | CA60: =IF('Design Fee'!DY60>0,2,"-") -> -
C62: 2 | D62: GFC | Independent Subgrade Structure [Tower 9] | G62: =X62+AM62+BB62+BQ62 -> 9 | H62: =W62+AL62+BA62+BP62 -> 18 | I62: =X62+AM62+BB62+BQ62 -> 9 | J62: =Y62+AN62+BC62+BR62 -> 9 | K62: =Z62+AO62+BD62+BS62 -> 9 | L62: =AA62+AP62+BE62+BT62 -> 0 | M62: =AB62+AQ62+BF62+BU62 -> 0 | N62: =AC62+AR62+BG62+BV62 -> 0 | O62: =AD62+AS62+BH62+BW62 -> 9 | ... S62: =AH62+AW62+BL62+CA62 -> 0 | T62: =COUNT(T63:T82) -> 0 | W62: =COUNT(W63:W82) -> 4 | X62: =COUNT(X63:X82) -> 3 | Y62: =COUNT(Y63:Y82) -> 1 | Z62: =COUNT(Z63:Z82) -> 1 | AA62: =COUNT(AA63:AA82) -> 0 | AB62: =COUNT(AB63:AB82) -> 0 | AC62: =COUNT(AC63:AC82) -> 0 | AD62: =COUNT(AD63:AD82) -> 1 | ... AI62: =COUNT(AI63:AI82) -> 0 | AL62: =COUNT(AL63:AL82) -> 10 | AM62: =COUNT(AM63:AM82) -> 6 | AN62: =COUNT(AN63:AN82) -> 4 | AO62: =COUNT(AO63:AO82) -> 4 | AP62: =COUNT(AP63:AP82) -> 0 | AQ62: =COUNT(AQ63:AQ82) -> 0 | AR62: =COUNT(AR63:AR82) -> 0 | AS62: =COUNT(AS63:AS82) -> 4 | ... AX62: =COUNT(AX63:AX82) -> 0 | BA62: =COUNT(BA63:BA82) -> 4 | BB62: =COUNT(BB63:BB82) -> 0 | BC62: =COUNT(BC63:BC82) -> 4 | BD62: =COUNT(BD63:BD82) -> 4 | BE62: =COUNT(BE63:BE82) -> 0 | BF62: =COUNT(BF63:BF82) -> 0 | BG62: =COUNT(BG63:BG82) -> 0 | BH62: =COUNT(BH63:BH82) -> 4 | ... BM62: =COUNT(BM63:BM82) -> 0 | BP62: =COUNT(BP63:BP82) -> 0 | BQ62: =COUNT(BQ63:BQ82) -> 0 | BR62: =COUNT(BR63:BR82) -> 0 | BS62: =COUNT(BS63:BS82) -> 0 | BT62: =COUNT(BT63:BT82) -> 0 | BU62: =COUNT(BU63:BU82) -> 0 | BV62: =COUNT(BV63:BV82) -> 0 | BW62: =COUNT(BW63:BW82) -> 0 | ... CB62: =COUNT(CB63:CB82) -> 0
B63: ST9-1 | C63: 1 | D63: Earthwork | W63: =IF('Design Fee'!H63>0,2,"-") -> - | X63: =IF('Design Fee'!J63>0,2,"-") -> - | Y63: =IF('Design Fee'!K63>0,2,"-") -> - | Z63: =IF('Design Fee'!L63>0,2,"-") -> - | AA63: =IF('Design Fee'!M63>0,2,"-") -> - | AB63: =IF('Design Fee'!N63>0,2,"-") -> - | AC63: =IF('Design Fee'!O63>0,2,"-") -> - | AD63: =IF('Design Fee'!Q63>0,2,"-") -> - | AE63: =IF('Design Fee'!R63>0,2,"-") -> - | AF63: =IF('Design Fee'!S63>0,2,"-") -> - | AG63: =IF('Design Fee'!T63>0,2,"-") -> - | AH63: =IF('Design Fee'!U63>0,2,"-") -> - | AL63: =IF('Design Fee'!AR63>0,2,"-") -> 2 | AM63: =IF('Design Fee'!AT63>0,2,"-") -> 2 | AN63: =IF('Design Fee'!AU63>0,2,"-") -> - | AO63: =IF('Design Fee'!AV63>0,2,"-") -> - | AP63: =IF('Design Fee'!AW63>0,2,"-") -> - | AQ63: =IF('Design Fee'!AX63>0,2,"-") -> - | AR63: =IF('Design Fee'!AY63>0,2,"-") -> - | AS63: =IF('Design Fee'!BA63>0,2,"-") -> - | AT63: =IF('Design Fee'!BB63>0,2,"-") -> - | AU63: =IF('Design Fee'!BC63>0,2,"-") -> - | AV63: =IF('Design Fee'!BD63>0,2,"-") -> - | AW63: =IF('Design Fee'!BE63>0,2,"-") -> - | BA63: =IF('Design Fee'!CB63>0,2,"-") -> - | BB63: =IF('Design Fee'!CD63>0,2,"-") -> - | BC63: =IF('Design Fee'!CE63>0,2,"-") -> - | BD63: =IF('Design Fee'!CF63>0,2,"-") -> - | BE63: =IF('Design Fee'!CG63>0,2,"-") -> - | BF63: =IF('Design Fee'!CH63>0,2,"-") -> - | BG63: =IF('Design Fee'!CI63>0,2,"-") -> - | BH63: =IF('Design Fee'!CK63>0,2,"-") -> - | BI63: =IF('Design Fee'!CL63>0,2,"-") -> - | BJ63: =IF('Design Fee'!CM63>0,2,"-") -> - | BK63: =IF('Design Fee'!CN63>0,2,"-") -> - | BL63: =IF('Design Fee'!CO63>0,2,"-") -> - | BP63: =IF('Design Fee'!DL63>0,2,"-") -> - | BQ63: =IF('Design Fee'!DN63>0,2,"-") -> - | BR63: =IF('Design Fee'!DO63>0,2,"-") -> - | BS63: =IF('Design Fee'!DP63>0,2,"-") -> - | BT63: =IF('Design Fee'!DQ63>0,2,"-") -> - | BU63: =IF('Design Fee'!DR63>0,2,"-") -> - | BV63: =IF('Design Fee'!DS63>0,2,"-") -> - | BW63: =IF('Design Fee'!DU63>0,2,"-") -> - | BX63: =IF('Design Fee'!DV63>0,2,"-") -> - | BY63: =IF('Design Fee'!DW63>0,2,"-") -> - | BZ63: =IF('Design Fee'!DX63>0,2,"-") -> - | CA63: =IF('Design Fee'!DY63>0,2,"-") -> -
B64: ST9-2 | C64: 2 | D64: Foundations & Grade Slab | W64: =IF('Design Fee'!H64>0,2,"-") -> 2 | X64: =IF('Design Fee'!J64>0,2,"-") -> 2 | Y64: =IF('Design Fee'!K64>0,2,"-") -> - | Z64: =IF('Design Fee'!L64>0,2,"-") -> - | AA64: =IF('Design Fee'!M64>0,2,"-") -> - | AB64: =IF('Design Fee'!N64>0,2,"-") -> - | AC64: =IF('Design Fee'!O64>0,2,"-") -> - | AD64: =IF('Design Fee'!Q64>0,2,"-") -> - | AE64: =IF('Design Fee'!R64>0,2,"-") -> - | AF64: =IF('Design Fee'!S64>0,2,"-") -> - | AG64: =IF('Design Fee'!T64>0,2,"-") -> - | AH64: =IF('Design Fee'!U64>0,2,"-") -> - | AL64: =IF('Design Fee'!AR64>0,2,"-") -> - | AM64: =IF('Design Fee'!AT64>0,2,"-") -> - | AN64: =IF('Design Fee'!AU64>0,2,"-") -> - | AO64: =IF('Design Fee'!AV64>0,2,"-") -> - | AP64: =IF('Design Fee'!AW64>0,2,"-") -> - | AQ64: =IF('Design Fee'!AX64>0,2,"-") -> - | AR64: =IF('Design Fee'!AY64>0,2,"-") -> - | AS64: =IF('Design Fee'!BA64>0,2,"-") -> - | AT64: =IF('Design Fee'!BB64>0,2,"-") -> - | AU64: =IF('Design Fee'!BC64>0,2,"-") -> - | AV64: =IF('Design Fee'!BD64>0,2,"-") -> - | AW64: =IF('Design Fee'!BE64>0,2,"-") -> - | BA64: =IF('Design Fee'!CB64>0,2,"-") -> 2 | BB64: =IF('Design Fee'!CD64>0,2,"-") -> - | BC64: =IF('Design Fee'!CE64>0,2,"-") -> 2 | BD64: =IF('Design Fee'!CF64>0,2,"-") -> 2 | BE64: =IF('Design Fee'!CG64>0,2,"-") -> - | BF64: =IF('Design Fee'!CH64>0,2,"-") -> - | BG64: =IF('Design Fee'!CI64>0,2,"-") -> - | BH64: =IF('Design Fee'!CK64>0,2,"-") -> 2 | BI64: =IF('Design Fee'!CL64>0,2,"-") -> - | BJ64: =IF('Design Fee'!CM64>0,2,"-") -> - | BK64: =IF('Design Fee'!CN64>0,2,"-") -> 2 | BL64: =IF('Design Fee'!CO64>0,2,"-") -> - | BP64: =IF('Design Fee'!DL64>0,2,"-") -> - | BQ64: =IF('Design Fee'!DN64>0,2,"-") -> - | BR64: =IF('Design Fee'!DO64>0,2,"-") -> - | BS64: =IF('Design Fee'!DP64>0,2,"-") -> - | BT64: =IF('Design Fee'!DQ64>0,2,"-") -> - | BU64: =IF('Design Fee'!DR64>0,2,"-") -> - | BV64: =IF('Design Fee'!DS64>0,2,"-") -> - | BW64: =IF('Design Fee'!DU64>0,2,"-") -> - | BX64: =IF('Design Fee'!DV64>0,2,"-") -> - | BY64: =IF('Design Fee'!DW64>0,2,"-") -> - | BZ64: =IF('Design Fee'!DX64>0,2,"-") -> - | CA64: =IF('Design Fee'!DY64>0,2,"-") -> -
B65: ST9-3 | C65: 3 | D65: Parking Level Slab - Sub grade | W65: =IF('Design Fee'!H65>0,2,"-") -> 2 | X65: =IF('Design Fee'!J65>0,2,"-") -> 2 | Y65: =IF('Design Fee'!K65>0,2,"-") -> - | Z65: =IF('Design Fee'!L65>0,2,"-") -> - | AA65: =IF('Design Fee'!M65>0,2,"-") -> - | AB65: =IF('Design Fee'!N65>0,2,"-") -> - | AC65: =IF('Design Fee'!O65>0,2,"-") -> - | AD65: =IF('Design Fee'!Q65>0,2,"-") -> - | AE65: =IF('Design Fee'!R65>0,2,"-") -> - | AF65: =IF('Design Fee'!S65>0,2,"-") -> - | AG65: =IF('Design Fee'!T65>0,2,"-") -> - | AH65: =IF('Design Fee'!U65>0,2,"-") -> - | AL65: =IF('Design Fee'!AR65>0,2,"-") -> - | AM65: =IF('Design Fee'!AT65>0,2,"-") -> - | AN65: =IF('Design Fee'!AU65>0,2,"-") -> - | AO65: =IF('Design Fee'!AV65>0,2,"-") -> - | AP65: =IF('Design Fee'!AW65>0,2,"-") -> - | AQ65: =IF('Design Fee'!AX65>0,2,"-") -> - | AR65: =IF('Design Fee'!AY65>0,2,"-") -> - | AS65: =IF('Design Fee'!BA65>0,2,"-") -> - | AT65: =IF('Design Fee'!BB65>0,2,"-") -> - | AU65: =IF('Design Fee'!BC65>0,2,"-") -> - | AV65: =IF('Design Fee'!BD65>0,2,"-") -> - | AW65: =IF('Design Fee'!BE65>0,2,"-") -> - | BA65: =IF('Design Fee'!CB65>0,2,"-") -> 2 | BB65: =IF('Design Fee'!CD65>0,2,"-") -> - | BC65: =IF('Design Fee'!CE65>0,2,"-") -> 2 | BD65: =IF('Design Fee'!CF65>0,2,"-") -> 2 | BE65: =IF('Design Fee'!CG65>0,2,"-") -> - | BF65: =IF('Design Fee'!CH65>0,2,"-") -> - | BG65: =IF('Design Fee'!CI65>0,2,"-") -> - | BH65: =IF('Design Fee'!CK65>0,2,"-") -> 2 | BI65: =IF('Design Fee'!CL65>0,2,"-") -> - | BJ65: =IF('Design Fee'!CM65>0,2,"-") -> - | BK65: =IF('Design Fee'!CN65>0,2,"-") -> 2 | BL65: =IF('Design Fee'!CO65>0,2,"-") -> - | BP65: =IF('Design Fee'!DL65>0,2,"-") -> - | BQ65: =IF('Design Fee'!DN65>0,2,"-") -> - | BR65: =IF('Design Fee'!DO65>0,2,"-") -> - | BS65: =IF('Design Fee'!DP65>0,2,"-") -> - | BT65: =IF('Design Fee'!DQ65>0,2,"-") -> - | BU65: =IF('Design Fee'!DR65>0,2,"-") -> - | BV65: =IF('Design Fee'!DS65>0,2,"-") -> - | BW65: =IF('Design Fee'!DU65>0,2,"-") -> - | BX65: =IF('Design Fee'!DV65>0,2,"-") -> - | BY65: =IF('Design Fee'!DW65>0,2,"-") -> - | BZ65: =IF('Design Fee'!DX65>0,2,"-") -> - | CA65: =IF('Design Fee'!DY65>0,2,"-") -> -
B66: ST9-4 | C66: 4 | D66: Podium Slab | W66: =IF('Design Fee'!H66>0,2,"-") -> 2 | X66: =IF('Design Fee'!J66>0,2,"-") -> 2 | Y66: =IF('Design Fee'!K66>0,2,"-") -> - | Z66: =IF('Design Fee'!L66>0,2,"-") -> - | AA66: =IF('Design Fee'!M66>0,2,"-") -> - | AB66: =IF('Design Fee'!N66>0,2,"-") -> - | AC66: =IF('Design Fee'!O66>0,2,"-") -> - | AD66: =IF('Design Fee'!Q66>0,2,"-") -> - | AE66: =IF('Design Fee'!R66>0,2,"-") -> - | AF66: =IF('Design Fee'!S66>0,2,"-") -> - | AG66: =IF('Design Fee'!T66>0,2,"-") -> - | AH66: =IF('Design Fee'!U66>0,2,"-") -> - | AL66: =IF('Design Fee'!AR66>0,2,"-") -> - | AM66: =IF('Design Fee'!AT66>0,2,"-") -> - | AN66: =IF('Design Fee'!AU66>0,2,"-") -> - | AO66: =IF('Design Fee'!AV66>0,2,"-") -> - | AP66: =IF('Design Fee'!AW66>0,2,"-") -> - | AQ66: =IF('Design Fee'!AX66>0,2,"-") -> - | AR66: =IF('Design Fee'!AY66>0,2,"-") -> - | AS66: =IF('Design Fee'!BA66>0,2,"-") -> - | AT66: =IF('Design Fee'!BB66>0,2,"-") -> - | AU66: =IF('Design Fee'!BC66>0,2,"-") -> - | AV66: =IF('Design Fee'!BD66>0,2,"-") -> - | AW66: =IF('Design Fee'!BE66>0,2,"-") -> - | BA66: =IF('Design Fee'!CB66>0,2,"-") -> 2 | BB66: =IF('Design Fee'!CD66>0,2,"-") -> - | BC66: =IF('Design Fee'!CE66>0,2,"-") -> 2 | BD66: =IF('Design Fee'!CF66>0,2,"-") -> 2 | BE66: =IF('Design Fee'!CG66>0,2,"-") -> - | BF66: =IF('Design Fee'!CH66>0,2,"-") -> - | BG66: =IF('Design Fee'!CI66>0,2,"-") -> - | BH66: =IF('Design Fee'!CK66>0,2,"-") -> 2 | BI66: =IF('Design Fee'!CL66>0,2,"-") -> - | BJ66: =IF('Design Fee'!CM66>0,2,"-") -> - | BK66: =IF('Design Fee'!CN66>0,2,"-") -> 2 | BL66: =IF('Design Fee'!CO66>0,2,"-") -> - | BP66: =IF('Design Fee'!DL66>0,2,"-") -> - | BQ66: =IF('Design Fee'!DN66>0,2,"-") -> - | BR66: =IF('Design Fee'!DO66>0,2,"-") -> - | BS66: =IF('Design Fee'!DP66>0,2,"-") -> - | BT66: =IF('Design Fee'!DQ66>0,2,"-") -> - | BU66: =IF('Design Fee'!DR66>0,2,"-") -> - | BV66: =IF('Design Fee'!DS66>0,2,"-") -> - | BW66: =IF('Design Fee'!DU66>0,2,"-") -> - | BX66: =IF('Design Fee'!DV66>0,2,"-") -> - | BY66: =IF('Design Fee'!DW66>0,2,"-") -> - | BZ66: =IF('Design Fee'!DX66>0,2,"-") -> - | CA66: =IF('Design Fee'!DY66>0,2,"-") -> -
B67: ST9-5 | C67: 5 | D67: Building Envelope and Common Areas | W67: =IF('Design Fee'!H67>0,2,"-") -> 2 | X67: =IF('Design Fee'!J67>0,2,"-") -> - | Y67: =IF('Design Fee'!K67>0,2,"-") -> 2 | Z67: =IF('Design Fee'!L67>0,2,"-") -> 2 | AA67: =IF('Design Fee'!M67>0,2,"-") -> - | AB67: =IF('Design Fee'!N67>0,2,"-") -> - | AC67: =IF('Design Fee'!O67>0,2,"-") -> - | AD67: =IF('Design Fee'!Q67>0,2,"-") -> 2 | AE67: =IF('Design Fee'!R67>0,2,"-") -> 2 | AF67: =IF('Design Fee'!S67>0,2,"-") -> - | AG67: =IF('Design Fee'!T67>0,2,"-") -> - | AH67: =IF('Design Fee'!U67>0,2,"-") -> - | AL67: =IF('Design Fee'!AR67>0,2,"-") -> - | AM67: =IF('Design Fee'!AT67>0,2,"-") -> - | AN67: =IF('Design Fee'!AU67>0,2,"-") -> - | AO67: =IF('Design Fee'!AV67>0,2,"-") -> - | AP67: =IF('Design Fee'!AW67>0,2,"-") -> - | AQ67: =IF('Design Fee'!AX67>0,2,"-") -> - | AR67: =IF('Design Fee'!AY67>0,2,"-") -> - | AS67: =IF('Design Fee'!BA67>0,2,"-") -> - | AT67: =IF('Design Fee'!BB67>0,2,"-") -> - | AU67: =IF('Design Fee'!BC67>0,2,"-") -> - | AV67: =IF('Design Fee'!BD67>0,2,"-") -> - | AW67: =IF('Design Fee'!BE67>0,2,"-") -> - | BA67: =IF('Design Fee'!CB67>0,2,"-") -> 2 | BB67: =IF('Design Fee'!CD67>0,2,"-") -> - | BC67: =IF('Design Fee'!CE67>0,2,"-") -> 2 | BD67: =IF('Design Fee'!CF67>0,2,"-") -> 2 | BE67: =IF('Design Fee'!CG67>0,2,"-") -> - | BF67: =IF('Design Fee'!CH67>0,2,"-") -> - | BG67: =IF('Design Fee'!CI67>0,2,"-") -> - | BH67: =IF('Design Fee'!CK67>0,2,"-") -> 2 | BI67: =IF('Design Fee'!CL67>0,2,"-") -> 2 | BJ67: =IF('Design Fee'!CM67>0,2,"-") -> - | BK67: =IF('Design Fee'!CN67>0,2,"-") -> - | BL67: =IF('Design Fee'!CO67>0,2,"-") -> - | BP67: =IF('Design Fee'!DL67>0,2,"-") -> - | BQ67: =IF('Design Fee'!DN67>0,2,"-") -> - | BR67: =IF('Design Fee'!DO67>0,2,"-") -> - | BS67: =IF('Design Fee'!DP67>0,2,"-") -> - | BT67: =IF('Design Fee'!DQ67>0,2,"-") -> - | BU67: =IF('Design Fee'!DR67>0,2,"-") -> - | BV67: =IF('Design Fee'!DS67>0,2,"-") -> - | BW67: =IF('Design Fee'!DU67>0,2,"-") -> - | BX67: =IF('Design Fee'!DV67>0,2,"-") -> - | BY67: =IF('Design Fee'!DW67>0,2,"-") -> - | BZ67: =IF('Design Fee'!DX67>0,2,"-") -> - | CA67: =IF('Design Fee'!DY67>0,2,"-") -> -
B69: 3.1 | C69: 3.1 | D69: GFC | Independent Subgrade Structure—Block A
B70: SSA-1 | C70: 1 | D70: Foundations & Grade Slab | W70: =IF('Design Fee'!H70>0,2,"-") -> - | X70: =IF('Design Fee'!J70>0,2,"-") -> - | Y70: =IF('Design Fee'!K70>0,2,"-") -> - | Z70: =IF('Design Fee'!L70>0,2,"-") -> - | AA70: =IF('Design Fee'!M70>0,2,"-") -> - | AB70: =IF('Design Fee'!N70>0,2,"-") -> - | AC70: =IF('Design Fee'!O70>0,2,"-") -> - | AD70: =IF('Design Fee'!Q70>0,2,"-") -> - | AE70: =IF('Design Fee'!R70>0,2,"-") -> - | AF70: =IF('Design Fee'!S70>0,2,"-") -> - | AG70: =IF('Design Fee'!T70>0,2,"-") -> - | AH70: =IF('Design Fee'!U70>0,2,"-") -> - | AL70: =IF('Design Fee'!AR70>0,2,"-") -> 2 | AM70: =IF('Design Fee'!AT70>0,2,"-") -> 2 | AN70: =IF('Design Fee'!AU70>0,2,"-") -> - | AO70: =IF('Design Fee'!AV70>0,2,"-") -> - | AP70: =IF('Design Fee'!AW70>0,2,"-") -> - | AQ70: =IF('Design Fee'!AX70>0,2,"-") -> - | AR70: =IF('Design Fee'!AY70>0,2,"-") -> - | AS70: =IF('Design Fee'!BA70>0,2,"-") -> - | AT70: =IF('Design Fee'!BB70>0,2,"-") -> - | AU70: =IF('Design Fee'!BC70>0,2,"-") -> - | AV70: =IF('Design Fee'!BD70>0,2,"-") -> - | AW70: =IF('Design Fee'!BE70>0,2,"-") -> - | BA70: =IF('Design Fee'!CB70>0,2,"-") -> - | BB70: =IF('Design Fee'!CD70>0,2,"-") -> - | BC70: =IF('Design Fee'!CE70>0,2,"-") -> - | BD70: =IF('Design Fee'!CF70>0,2,"-") -> - | BE70: =IF('Design Fee'!CG70>0,2,"-") -> - | BF70: =IF('Design Fee'!CH70>0,2,"-") -> - | BG70: =IF('Design Fee'!CI70>0,2,"-") -> - | BH70: =IF('Design Fee'!CK70>0,2,"-") -> - | BI70: =IF('Design Fee'!CL70>0,2,"-") -> - | BJ70: =IF('Design Fee'!CM70>0,2,"-") -> - | BK70: =IF('Design Fee'!CN70>0,2,"-") -> - | BL70: =IF('Design Fee'!CO70>0,2,"-") -> - | BP70: =IF('Design Fee'!DL70>0,2,"-") -> - | BQ70: =IF('Design Fee'!DN70>0,2,"-") -> - | BR70: =IF('Design Fee'!DO70>0,2,"-") -> - | BS70: =IF('Design Fee'!DP70>0,2,"-") -> - | BT70: =IF('Design Fee'!DQ70>0,2,"-") -> - | BU70: =IF('Design Fee'!DR70>0,2,"-") -> - | BV70: =IF('Design Fee'!DS70>0,2,"-") -> - | BW70: =IF('Design Fee'!DU70>0,2,"-") -> - | BX70: =IF('Design Fee'!DV70>0,2,"-") -> - | BY70: =IF('Design Fee'!DW70>0,2,"-") -> - | BZ70: =IF('Design Fee'!DX70>0,2,"-") -> - | CA70: =IF('Design Fee'!DY70>0,2,"-") -> -
B71: SSA-2 | C71: 2 | D71: Parking Level Slab - Sub grade | W71: =IF('Design Fee'!H71>0,2,"-") -> - | X71: =IF('Design Fee'!J71>0,2,"-") -> - | Y71: =IF('Design Fee'!K71>0,2,"-") -> - | Z71: =IF('Design Fee'!L71>0,2,"-") -> - | AA71: =IF('Design Fee'!M71>0,2,"-") -> - | AB71: =IF('Design Fee'!N71>0,2,"-") -> - | AC71: =IF('Design Fee'!O71>0,2,"-") -> - | AD71: =IF('Design Fee'!Q71>0,2,"-") -> - | AE71: =IF('Design Fee'!R71>0,2,"-") -> - | AF71: =IF('Design Fee'!S71>0,2,"-") -> - | AG71: =IF('Design Fee'!T71>0,2,"-") -> - | AH71: =IF('Design Fee'!U71>0,2,"-") -> - | AL71: =IF('Design Fee'!AR71>0,2,"-") -> 2 | AM71: =IF('Design Fee'!AT71>0,2,"-") -> 2 | AN71: =IF('Design Fee'!AU71>0,2,"-") -> - | AO71: =IF('Design Fee'!AV71>0,2,"-") -> - | AP71: =IF('Design Fee'!AW71>0,2,"-") -> - | AQ71: =IF('Design Fee'!AX71>0,2,"-") -> - | AR71: =IF('Design Fee'!AY71>0,2,"-") -> - | AS71: =IF('Design Fee'!BA71>0,2,"-") -> - | AT71: =IF('Design Fee'!BB71>0,2,"-") -> - | AU71: =IF('Design Fee'!BC71>0,2,"-") -> - | AV71: =IF('Design Fee'!BD71>0,2,"-") -> - | AW71: =IF('Design Fee'!BE71>0,2,"-") -> - | BA71: =IF('Design Fee'!CB71>0,2,"-") -> - | BB71: =IF('Design Fee'!CD71>0,2,"-") -> - | BC71: =IF('Design Fee'!CE71>0,2,"-") -> - | BD71: =IF('Design Fee'!CF71>0,2,"-") -> - | BE71: =IF('Design Fee'!CG71>0,2,"-") -> - | BF71: =IF('Design Fee'!CH71>0,2,"-") -> - | BG71: =IF('Design Fee'!CI71>0,2,"-") -> - | BH71: =IF('Design Fee'!CK71>0,2,"-") -> - | BI71: =IF('Design Fee'!CL71>0,2,"-") -> - | BJ71: =IF('Design Fee'!CM71>0,2,"-") -> - | BK71: =IF('Design Fee'!CN71>0,2,"-") -> - | BL71: =IF('Design Fee'!CO71>0,2,"-") -> - | BP71: =IF('Design Fee'!DL71>0,2,"-") -> - | BQ71: =IF('Design Fee'!DN71>0,2,"-") -> - | BR71: =IF('Design Fee'!DO71>0,2,"-") -> - | BS71: =IF('Design Fee'!DP71>0,2,"-") -> - | BT71: =IF('Design Fee'!DQ71>0,2,"-") -> - | BU71: =IF('Design Fee'!DR71>0,2,"-") -> - | BV71: =IF('Design Fee'!DS71>0,2,"-") -> - | BW71: =IF('Design Fee'!DU71>0,2,"-") -> - | BX71: =IF('Design Fee'!DV71>0,2,"-") -> - | BY71: =IF('Design Fee'!DW71>0,2,"-") -> - | BZ71: =IF('Design Fee'!DX71>0,2,"-") -> - | CA71: =IF('Design Fee'!DY71>0,2,"-") -> -
B72: SSA-3 | C72: 3 | D72: Podium Slab | W72: =IF('Design Fee'!H72>0,2,"-") -> - | X72: =IF('Design Fee'!J72>0,2,"-") -> - | Y72: =IF('Design Fee'!K72>0,2,"-") -> - | Z72: =IF('Design Fee'!L72>0,2,"-") -> - | AA72: =IF('Design Fee'!M72>0,2,"-") -> - | AB72: =IF('Design Fee'!N72>0,2,"-") -> - | AC72: =IF('Design Fee'!O72>0,2,"-") -> - | AD72: =IF('Design Fee'!Q72>0,2,"-") -> - | AE72: =IF('Design Fee'!R72>0,2,"-") -> - | AF72: =IF('Design Fee'!S72>0,2,"-") -> - | AG72: =IF('Design Fee'!T72>0,2,"-") -> - | AH72: =IF('Design Fee'!U72>0,2,"-") -> - | AL72: =IF('Design Fee'!AR72>0,2,"-") -> 2 | AM72: =IF('Design Fee'!AT72>0,2,"-") -> - | AN72: =IF('Design Fee'!AU72>0,2,"-") -> 2 | AO72: =IF('Design Fee'!AV72>0,2,"-") -> 2 | AP72: =IF('Design Fee'!AW72>0,2,"-") -> - | AQ72: =IF('Design Fee'!AX72>0,2,"-") -> - | AR72: =IF('Design Fee'!AY72>0,2,"-") -> - | AS72: =IF('Design Fee'!BA72>0,2,"-") -> 2 | AT72: =IF('Design Fee'!BB72>0,2,"-") -> 2 | AU72: =IF('Design Fee'!BC72>0,2,"-") -> - | AV72: =IF('Design Fee'!BD72>0,2,"-") -> - | AW72: =IF('Design Fee'!BE72>0,2,"-") -> - | BA72: =IF('Design Fee'!CB72>0,2,"-") -> - | BB72: =IF('Design Fee'!CD72>0,2,"-") -> - | BC72: =IF('Design Fee'!CE72>0,2,"-") -> - | BD72: =IF('Design Fee'!CF72>0,2,"-") -> - | BE72: =IF('Design Fee'!CG72>0,2,"-") -> - | BF72: =IF('Design Fee'!CH72>0,2,"-") -> - | BG72: =IF('Design Fee'!CI72>0,2,"-") -> - | BH72: =IF('Design Fee'!CK72>0,2,"-") -> - | BI72: =IF('Design Fee'!CL72>0,2,"-") -> - | BJ72: =IF('Design Fee'!CM72>0,2,"-") -> - | BK72: =IF('Design Fee'!CN72>0,2,"-") -> - | BL72: =IF('Design Fee'!CO72>0,2,"-") -> - | BP72: =IF('Design Fee'!DL72>0,2,"-") -> - | BQ72: =IF('Design Fee'!DN72>0,2,"-") -> - | BR72: =IF('Design Fee'!DO72>0,2,"-") -> - | BS72: =IF('Design Fee'!DP72>0,2,"-") -> - | BT72: =IF('Design Fee'!DQ72>0,2,"-") -> - | BU72: =IF('Design Fee'!DR72>0,2,"-") -> - | BV72: =IF('Design Fee'!DS72>0,2,"-") -> - | BW72: =IF('Design Fee'!DU72>0,2,"-") -> - | BX72: =IF('Design Fee'!DV72>0,2,"-") -> - | BY72: =IF('Design Fee'!DW72>0,2,"-") -> - | BZ72: =IF('Design Fee'!DX72>0,2,"-") -> - | CA72: =IF('Design Fee'!DY72>0,2,"-") -> -
B74: 3.2 | C74: 3.2 | D74: GFC | Independent Subgrade Structure—Block B
B75: SSB-02 | C75: 1 | D75: Foundations & Grade Slab | W75: =IF('Design Fee'!H75>0,2,"-") -> - | X75: =IF('Design Fee'!J75>0,2,"-") -> - | Y75: =IF('Design Fee'!K75>0,2,"-") -> - | Z75: =IF('Design Fee'!L75>0,2,"-") -> - | AA75: =IF('Design Fee'!M75>0,2,"-") -> - | AB75: =IF('Design Fee'!N75>0,2,"-") -> - | AC75: =IF('Design Fee'!O75>0,2,"-") -> - | AD75: =IF('Design Fee'!Q75>0,2,"-") -> - | AE75: =IF('Design Fee'!R75>0,2,"-") -> - | AF75: =IF('Design Fee'!S75>0,2,"-") -> - | AG75: =IF('Design Fee'!T75>0,2,"-") -> - | AH75: =IF('Design Fee'!U75>0,2,"-") -> - | AL75: =IF('Design Fee'!AR75>0,2,"-") -> 2 | AM75: =IF('Design Fee'!AT75>0,2,"-") -> 2 | AN75: =IF('Design Fee'!AU75>0,2,"-") -> - | AO75: =IF('Design Fee'!AV75>0,2,"-") -> - | AP75: =IF('Design Fee'!AW75>0,2,"-") -> - | AQ75: =IF('Design Fee'!AX75>0,2,"-") -> - | AR75: =IF('Design Fee'!AY75>0,2,"-") -> - | AS75: =IF('Design Fee'!BA75>0,2,"-") -> - | AT75: =IF('Design Fee'!BB75>0,2,"-") -> - | AU75: =IF('Design Fee'!BC75>0,2,"-") -> - | AV75: =IF('Design Fee'!BD75>0,2,"-") -> - | AW75: =IF('Design Fee'!BE75>0,2,"-") -> - | BA75: =IF('Design Fee'!CB75>0,2,"-") -> - | BB75: =IF('Design Fee'!CD75>0,2,"-") -> - | BC75: =IF('Design Fee'!CE75>0,2,"-") -> - | BD75: =IF('Design Fee'!CF75>0,2,"-") -> - | BE75: =IF('Design Fee'!CG75>0,2,"-") -> - | BF75: =IF('Design Fee'!CH75>0,2,"-") -> - | BG75: =IF('Design Fee'!CI75>0,2,"-") -> - | BH75: =IF('Design Fee'!CK75>0,2,"-") -> - | BI75: =IF('Design Fee'!CL75>0,2,"-") -> - | BJ75: =IF('Design Fee'!CM75>0,2,"-") -> - | BK75: =IF('Design Fee'!CN75>0,2,"-") -> - | BL75: =IF('Design Fee'!CO75>0,2,"-") -> - | BP75: =IF('Design Fee'!DL75>0,2,"-") -> - | BQ75: =IF('Design Fee'!DN75>0,2,"-") -> - | BR75: =IF('Design Fee'!DO75>0,2,"-") -> - | BS75: =IF('Design Fee'!DP75>0,2,"-") -> - | BT75: =IF('Design Fee'!DQ75>0,2,"-") -> - | BU75: =IF('Design Fee'!DR75>0,2,"-") -> - | BV75: =IF('Design Fee'!DS75>0,2,"-") -> - | BW75: =IF('Design Fee'!DU75>0,2,"-") -> - | BX75: =IF('Design Fee'!DV75>0,2,"-") -> - | BY75: =IF('Design Fee'!DW75>0,2,"-") -> - | BZ75: =IF('Design Fee'!DX75>0,2,"-") -> - | CA75: =IF('Design Fee'!DY75>0,2,"-") -> -
B76: SSB-03 | C76: 2 | D76: Parking Level Slab - Sub grade | W76: =IF('Design Fee'!H76>0,2,"-") -> - | X76: =IF('Design Fee'!J76>0,2,"-") -> - | Y76: =IF('Design Fee'!K76>0,2,"-") -> - | Z76: =IF('Design Fee'!L76>0,2,"-") -> - | AA76: =IF('Design Fee'!M76>0,2,"-") -> - | AB76: =IF('Design Fee'!N76>0,2,"-") -> - | AC76: =IF('Design Fee'!O76>0,2,"-") -> - | AD76: =IF('Design Fee'!Q76>0,2,"-") -> - | AE76: =IF('Design Fee'!R76>0,2,"-") -> - | AF76: =IF('Design Fee'!S76>0,2,"-") -> - | AG76: =IF('Design Fee'!T76>0,2,"-") -> - | AH76: =IF('Design Fee'!U76>0,2,"-") -> - | AL76: =IF('Design Fee'!AR76>0,2,"-") -> 2 | AM76: =IF('Design Fee'!AT76>0,2,"-") -> 2 | AN76: =IF('Design Fee'!AU76>0,2,"-") -> - | AO76: =IF('Design Fee'!AV76>0,2,"-") -> - | AP76: =IF('Design Fee'!AW76>0,2,"-") -> - | AQ76: =IF('Design Fee'!AX76>0,2,"-") -> - | AR76: =IF('Design Fee'!AY76>0,2,"-") -> - | AS76: =IF('Design Fee'!BA76>0,2,"-") -> - | AT76: =IF('Design Fee'!BB76>0,2,"-") -> - | AU76: =IF('Design Fee'!BC76>0,2,"-") -> - | AV76: =IF('Design Fee'!BD76>0,2,"-") -> - | AW76: =IF('Design Fee'!BE76>0,2,"-") -> - | BA76: =IF('Design Fee'!CB76>0,2,"-") -> - | BB76: =IF('Design Fee'!CD76>0,2,"-") -> - | BC76: =IF('Design Fee'!CE76>0,2,"-") -> - | BD76: =IF('Design Fee'!CF76>0,2,"-") -> - | BE76: =IF('Design Fee'!CG76>0,2,"-") -> - | BF76: =IF('Design Fee'!CH76>0,2,"-") -> - | BG76: =IF('Design Fee'!CI76>0,2,"-") -> - | BH76: =IF('Design Fee'!CK76>0,2,"-") -> - | BI76: =IF('Design Fee'!CL76>0,2,"-") -> - | BJ76: =IF('Design Fee'!CM76>0,2,"-") -> - | BK76: =IF('Design Fee'!CN76>0,2,"-") -> - | BL76: =IF('Design Fee'!CO76>0,2,"-") -> - | BP76: =IF('Design Fee'!DL76>0,2,"-") -> - | BQ76: =IF('Design Fee'!DN76>0,2,"-") -> - | BR76: =IF('Design Fee'!DO76>0,2,"-") -> - | BS76: =IF('Design Fee'!DP76>0,2,"-") -> - | BT76: =IF('Design Fee'!DQ76>0,2,"-") -> - | BU76: =IF('Design Fee'!DR76>0,2,"-") -> - | BV76: =IF('Design Fee'!DS76>0,2,"-") -> - | BW76: =IF('Design Fee'!DU76>0,2,"-") -> - | BX76: =IF('Design Fee'!DV76>0,2,"-") -> - | BY76: =IF('Design Fee'!DW76>0,2,"-") -> - | BZ76: =IF('Design Fee'!DX76>0,2,"-") -> - | CA76: =IF('Design Fee'!DY76>0,2,"-") -> -
B77: SSB-04 | C77: 3 | D77: Podium Slab | W77: =IF('Design Fee'!H77>0,2,"-") -> - | X77: =IF('Design Fee'!J77>0,2,"-") -> - | Y77: =IF('Design Fee'!K77>0,2,"-") -> - | Z77: =IF('Design Fee'!L77>0,2,"-") -> - | AA77: =IF('Design Fee'!M77>0,2,"-") -> - | AB77: =IF('Design Fee'!N77>0,2,"-") -> - | AC77: =IF('Design Fee'!O77>0,2,"-") -> - | AD77: =IF('Design Fee'!Q77>0,2,"-") -> - | AE77: =IF('Design Fee'!R77>0,2,"-") -> - | AF77: =IF('Design Fee'!S77>0,2,"-") -> - | AG77: =IF('Design Fee'!T77>0,2,"-") -> - | AH77: =IF('Design Fee'!U77>0,2,"-") -> - | AL77: =IF('Design Fee'!AR77>0,2,"-") -> 2 | AM77: =IF('Design Fee'!AT77>0,2,"-") -> 2 | AN77: =IF('Design Fee'!AU77>0,2,"-") -> - | AO77: =IF('Design Fee'!AV77>0,2,"-") -> - | AP77: =IF('Design Fee'!AW77>0,2,"-") -> - | AQ77: =IF('Design Fee'!AX77>0,2,"-") -> - | AR77: =IF('Design Fee'!AY77>0,2,"-") -> - | AS77: =IF('Design Fee'!BA77>0,2,"-") -> - | AT77: =IF('Design Fee'!BB77>0,2,"-") -> - | AU77: =IF('Design Fee'!BC77>0,2,"-") -> - | AV77: =IF('Design Fee'!BD77>0,2,"-") -> - | AW77: =IF('Design Fee'!BE77>0,2,"-") -> - | BA77: =IF('Design Fee'!CB77>0,2,"-") -> - | BB77: =IF('Design Fee'!CD77>0,2,"-") -> - | BC77: =IF('Design Fee'!CE77>0,2,"-") -> - | BD77: =IF('Design Fee'!CF77>0,2,"-") -> - | BE77: =IF('Design Fee'!CG77>0,2,"-") -> - | BF77: =IF('Design Fee'!CH77>0,2,"-") -> - | BG77: =IF('Design Fee'!CI77>0,2,"-") -> - | BH77: =IF('Design Fee'!CK77>0,2,"-") -> - | BI77: =IF('Design Fee'!CL77>0,2,"-") -> - | BJ77: =IF('Design Fee'!CM77>0,2,"-") -> - | BK77: =IF('Design Fee'!CN77>0,2,"-") -> - | BL77: =IF('Design Fee'!CO77>0,2,"-") -> - | BP77: =IF('Design Fee'!DL77>0,2,"-") -> - | BQ77: =IF('Design Fee'!DN77>0,2,"-") -> - | BR77: =IF('Design Fee'!DO77>0,2,"-") -> - | BS77: =IF('Design Fee'!DP77>0,2,"-") -> - | BT77: =IF('Design Fee'!DQ77>0,2,"-") -> - | BU77: =IF('Design Fee'!DR77>0,2,"-") -> - | BV77: =IF('Design Fee'!DS77>0,2,"-") -> - | BW77: =IF('Design Fee'!DU77>0,2,"-") -> - | BX77: =IF('Design Fee'!DV77>0,2,"-") -> - | BY77: =IF('Design Fee'!DW77>0,2,"-") -> - | BZ77: =IF('Design Fee'!DX77>0,2,"-") -> - | CA77: =IF('Design Fee'!DY77>0,2,"-") -> -
B79: 3.3 | C79: 3.3 | D79: GFC | Independent Subgrade Structure—Block C,D,E
B80: SSC-02 | C80: 1 | D80: Foundations & Grade Slab | W80: =IF('Design Fee'!H80>0,2,"-") -> - | X80: =IF('Design Fee'!J80>0,2,"-") -> - | Y80: =IF('Design Fee'!K80>0,2,"-") -> - | Z80: =IF('Design Fee'!L80>0,2,"-") -> - | AA80: =IF('Design Fee'!M80>0,2,"-") -> - | AB80: =IF('Design Fee'!N80>0,2,"-") -> - | AC80: =IF('Design Fee'!O80>0,2,"-") -> - | AD80: =IF('Design Fee'!Q80>0,2,"-") -> - | AE80: =IF('Design Fee'!R80>0,2,"-") -> - | AF80: =IF('Design Fee'!S80>0,2,"-") -> - | AG80: =IF('Design Fee'!T80>0,2,"-") -> - | AH80: =IF('Design Fee'!U80>0,2,"-") -> - | AL80: =IF('Design Fee'!AR80>0,2,"-") -> 2 | AM80: =IF('Design Fee'!AT80>0,2,"-") -> - | AN80: =IF('Design Fee'!AU80>0,2,"-") -> 2 | AO80: =IF('Design Fee'!AV80>0,2,"-") -> 2 | AP80: =IF('Design Fee'!AW80>0,2,"-") -> - | AQ80: =IF('Design Fee'!AX80>0,2,"-") -> - | AR80: =IF('Design Fee'!AY80>0,2,"-") -> - | AS80: =IF('Design Fee'!BA80>0,2,"-") -> 2 | AT80: =IF('Design Fee'!BB80>0,2,"-") -> 2 | AU80: =IF('Design Fee'!BC80>0,2,"-") -> - | AV80: =IF('Design Fee'!BD80>0,2,"-") -> - | AW80: =IF('Design Fee'!BE80>0,2,"-") -> - | BA80: =IF('Design Fee'!CB80>0,2,"-") -> - | BB80: =IF('Design Fee'!CD80>0,2,"-") -> - | BC80: =IF('Design Fee'!CE80>0,2,"-") -> - | BD80: =IF('Design Fee'!CF80>0,2,"-") -> - | BE80: =IF('Design Fee'!CG80>0,2,"-") -> - | BF80: =IF('Design Fee'!CH80>0,2,"-") -> - | BG80: =IF('Design Fee'!CI80>0,2,"-") -> - | BH80: =IF('Design Fee'!CK80>0,2,"-") -> - | BI80: =IF('Design Fee'!CL80>0,2,"-") -> - | BJ80: =IF('Design Fee'!CM80>0,2,"-") -> - | BK80: =IF('Design Fee'!CN80>0,2,"-") -> - | BL80: =IF('Design Fee'!CO80>0,2,"-") -> - | BP80: =IF('Design Fee'!DL80>0,2,"-") -> - | BQ80: =IF('Design Fee'!DN80>0,2,"-") -> - | BR80: =IF('Design Fee'!DO80>0,2,"-") -> - | BS80: =IF('Design Fee'!DP80>0,2,"-") -> - | BT80: =IF('Design Fee'!DQ80>0,2,"-") -> - | BU80: =IF('Design Fee'!DR80>0,2,"-") -> - | BV80: =IF('Design Fee'!DS80>0,2,"-") -> - | BW80: =IF('Design Fee'!DU80>0,2,"-") -> - | BX80: =IF('Design Fee'!DV80>0,2,"-") -> - | BY80: =IF('Design Fee'!DW80>0,2,"-") -> - | BZ80: =IF('Design Fee'!DX80>0,2,"-") -> - | CA80: =IF('Design Fee'!DY80>0,2,"-") -> -
B81: SSC-03 | C81: 2 | D81: Parking Level Slab - Sub grade | W81: =IF('Design Fee'!H81>0,2,"-") -> - | X81: =IF('Design Fee'!J81>0,2,"-") -> - | Y81: =IF('Design Fee'!K81>0,2,"-") -> - | Z81: =IF('Design Fee'!L81>0,2,"-") -> - | AA81: =IF('Design Fee'!M81>0,2,"-") -> - | AB81: =IF('Design Fee'!N81>0,2,"-") -> - | AC81: =IF('Design Fee'!O81>0,2,"-") -> - | AD81: =IF('Design Fee'!Q81>0,2,"-") -> - | AE81: =IF('Design Fee'!R81>0,2,"-") -> - | AF81: =IF('Design Fee'!S81>0,2,"-") -> - | AG81: =IF('Design Fee'!T81>0,2,"-") -> - | AH81: =IF('Design Fee'!U81>0,2,"-") -> - | AL81: =IF('Design Fee'!AR81>0,2,"-") -> 2 | AM81: =IF('Design Fee'!AT81>0,2,"-") -> - | AN81: =IF('Design Fee'!AU81>0,2,"-") -> 2 | AO81: =IF('Design Fee'!AV81>0,2,"-") -> 2 | AP81: =IF('Design Fee'!AW81>0,2,"-") -> - | AQ81: =IF('Design Fee'!AX81>0,2,"-") -> - | AR81: =IF('Design Fee'!AY81>0,2,"-") -> - | AS81: =IF('Design Fee'!BA81>0,2,"-") -> 2 | AT81: =IF('Design Fee'!BB81>0,2,"-") -> 2 | AU81: =IF('Design Fee'!BC81>0,2,"-") -> - | AV81: =IF('Design Fee'!BD81>0,2,"-") -> - | AW81: =IF('Design Fee'!BE81>0,2,"-") -> - | BA81: =IF('Design Fee'!CB81>0,2,"-") -> - | BB81: =IF('Design Fee'!CD81>0,2,"-") -> - | BC81: =IF('Design Fee'!CE81>0,2,"-") -> - | BD81: =IF('Design Fee'!CF81>0,2,"-") -> - | BE81: =IF('Design Fee'!CG81>0,2,"-") -> - | BF81: =IF('Design Fee'!CH81>0,2,"-") -> - | BG81: =IF('Design Fee'!CI81>0,2,"-") -> - | BH81: =IF('Design Fee'!CK81>0,2,"-") -> - | BI81: =IF('Design Fee'!CL81>0,2,"-") -> - | BJ81: =IF('Design Fee'!CM81>0,2,"-") -> - | BK81: =IF('Design Fee'!CN81>0,2,"-") -> - | BL81: =IF('Design Fee'!CO81>0,2,"-") -> - | BP81: =IF('Design Fee'!DL81>0,2,"-") -> - | BQ81: =IF('Design Fee'!DN81>0,2,"-") -> - | BR81: =IF('Design Fee'!DO81>0,2,"-") -> - | BS81: =IF('Design Fee'!DP81>0,2,"-") -> - | BT81: =IF('Design Fee'!DQ81>0,2,"-") -> - | BU81: =IF('Design Fee'!DR81>0,2,"-") -> - | BV81: =IF('Design Fee'!DS81>0,2,"-") -> - | BW81: =IF('Design Fee'!DU81>0,2,"-") -> - | BX81: =IF('Design Fee'!DV81>0,2,"-") -> - | BY81: =IF('Design Fee'!DW81>0,2,"-") -> - | BZ81: =IF('Design Fee'!DX81>0,2,"-") -> - | CA81: =IF('Design Fee'!DY81>0,2,"-") -> -
B82: SSC-04 | C82: 3 | D82: Podium Slab | W82: =IF('Design Fee'!H82>0,2,"-") -> - | X82: =IF('Design Fee'!J82>0,2,"-") -> - | Y82: =IF('Design Fee'!K82>0,2,"-") -> - | Z82: =IF('Design Fee'!L82>0,2,"-") -> - | AA82: =IF('Design Fee'!M82>0,2,"-") -> - | AB82: =IF('Design Fee'!N82>0,2,"-") -> - | AC82: =IF('Design Fee'!O82>0,2,"-") -> - | AD82: =IF('Design Fee'!Q82>0,2,"-") -> - | AE82: =IF('Design Fee'!R82>0,2,"-") -> - | AF82: =IF('Design Fee'!S82>0,2,"-") -> - | AG82: =IF('Design Fee'!T82>0,2,"-") -> - | AH82: =IF('Design Fee'!U82>0,2,"-") -> - | AL82: =IF('Design Fee'!AR82>0,2,"-") -> 2 | AM82: =IF('Design Fee'!AT82>0,2,"-") -> - | AN82: =IF('Design Fee'!AU82>0,2,"-") -> 2 | AO82: =IF('Design Fee'!AV82>0,2,"-") -> 2 | AP82: =IF('Design Fee'!AW82>0,2,"-") -> - | AQ82: =IF('Design Fee'!AX82>0,2,"-") -> - | AR82: =IF('Design Fee'!AY82>0,2,"-") -> - | AS82: =IF('Design Fee'!BA82>0,2,"-") -> 2 | AT82: =IF('Design Fee'!BB82>0,2,"-") -> 2 | AU82: =IF('Design Fee'!BC82>0,2,"-") -> - | AV82: =IF('Design Fee'!BD82>0,2,"-") -> - | AW82: =IF('Design Fee'!BE82>0,2,"-") -> - | BA82: =IF('Design Fee'!CB82>0,2,"-") -> - | BB82: =IF('Design Fee'!CD82>0,2,"-") -> - | BC82: =IF('Design Fee'!CE82>0,2,"-") -> - | BD82: =IF('Design Fee'!CF82>0,2,"-") -> - | BE82: =IF('Design Fee'!CG82>0,2,"-") -> - | BF82: =IF('Design Fee'!CH82>0,2,"-") -> - | BG82: =IF('Design Fee'!CI82>0,2,"-") -> - | BH82: =IF('Design Fee'!CK82>0,2,"-") -> - | BI82: =IF('Design Fee'!CL82>0,2,"-") -> - | BJ82: =IF('Design Fee'!CM82>0,2,"-") -> - | BK82: =IF('Design Fee'!CN82>0,2,"-") -> - | BL82: =IF('Design Fee'!CO82>0,2,"-") -> - | BP82: =IF('Design Fee'!DL82>0,2,"-") -> - | BQ82: =IF('Design Fee'!DN82>0,2,"-") -> - | BR82: =IF('Design Fee'!DO82>0,2,"-") -> - | BS82: =IF('Design Fee'!DP82>0,2,"-") -> - | BT82: =IF('Design Fee'!DQ82>0,2,"-") -> - | BU82: =IF('Design Fee'!DR82>0,2,"-") -> - | BV82: =IF('Design Fee'!DS82>0,2,"-") -> - | BW82: =IF('Design Fee'!DU82>0,2,"-") -> - | BX82: =IF('Design Fee'!DV82>0,2,"-") -> - | BY82: =IF('Design Fee'!DW82>0,2,"-") -> - | BZ82: =IF('Design Fee'!DX82>0,2,"-") -> - | CA82: =IF('Design Fee'!DY82>0,2,"-") -> -
C84: 3 | D84: GFC | Master Plan | G84: =X84+AM84+BB84+BQ84 -> 1 | H84: =W84+AL84+BA84+BP84 -> 10 | I84: =X84+AM84+BB84+BQ84 -> 1 | J84: =Y84+AN84+BC84+BR84 -> 9 | K84: =Z84+AO84+BD84+BS84 -> 9 | L84: =AA84+AP84+BE84+BT84 -> 0 | M84: =AB84+AQ84+BF84+BU84 -> 0 | N84: =AC84+AR84+BG84+BV84 -> 0 | O84: =AD84+AS84+BH84+BW84 -> 8 | ... S84: =AH84+AW84+BL84+CA84 -> 0 | T84: 0 | W84: =COUNT(W85:W88) -> 4 | X84: =COUNT(X85:X88) -> 1 | Y84: =COUNT(Y85:Y88) -> 3 | Z84: =COUNT(Z85:Z88) -> 3 | AA84: =COUNT(AA85:AA88) -> 0 | AB84: =COUNT(AB85:AB88) -> 0 | AC84: =COUNT(AC85:AC88) -> 0 | AD84: =COUNT(AD85:AD88) -> 3 | ... AI84: =COUNT(AI85:AI88) -> 0 | AL84: =COUNT(AL85:AL88) -> 2 | AM84: =COUNT(AM85:AM88) -> 0 | AN84: =COUNT(AN85:AN88) -> 2 | AO84: =COUNT(AO85:AO88) -> 2 | AP84: =COUNT(AP85:AP88) -> 0 | AQ84: =COUNT(AQ85:AQ88) -> 0 | AR84: =COUNT(AR85:AR88) -> 0 | AS84: =COUNT(AS85:AS88) -> 2 | ... AX84: =COUNT(AX85:AX88) -> 0 | BA84: =COUNT(BA85:BA88) -> 2 | BB84: =COUNT(BB85:BB88) -> 0 | BC84: =COUNT(BC85:BC88) -> 2 | BD84: =COUNT(BD85:BD88) -> 2 | BE84: =COUNT(BE85:BE88) -> 0 | BF84: =COUNT(BF85:BF88) -> 0 | BG84: =COUNT(BG85:BG88) -> 0 | BH84: =COUNT(BH85:BH88) -> 1 | ... BM84: =COUNT(BM85:BM88) -> 0 | BP84: =COUNT(BP85:BP88) -> 2 | BQ84: =COUNT(BQ85:BQ88) -> 0 | BR84: =COUNT(BR85:BR88) -> 2 | BS84: =COUNT(BS85:BS88) -> 2 | BT84: =COUNT(BT85:BT88) -> 0 | BU84: =COUNT(BU85:BU88) -> 0 | BV84: =COUNT(BV85:BV88) -> 0 | BW84: =COUNT(BW85:BW88) -> 2 | ... CB84: =COUNT(CB85:CB88) -> 0
B85: SDV-1 | C85: 1 | D85: Master Plan | W85: =IF('Design Fee'!H86>0,2,"-") -> 2 | X85: =IF('Design Fee'!J86>0,2,"-") -> 2 | Y85: =IF('Design Fee'!K86>0,2,"-") -> - | Z85: =IF('Design Fee'!L86>0,2,"-") -> - | AA85: =IF('Design Fee'!M86>0,2,"-") -> - | AB85: =IF('Design Fee'!N86>0,2,"-") -> - | AC85: =IF('Design Fee'!O86>0,2,"-") -> - | AD85: =IF('Design Fee'!Q86>0,2,"-") -> - | AE85: =IF('Design Fee'!R86>0,2,"-") -> - | AF85: =IF('Design Fee'!S86>0,2,"-") -> - | AG85: =IF('Design Fee'!T86>0,2,"-") -> - | AH85: =IF('Design Fee'!U86>0,2,"-") -> - | AL85: =IF('Design Fee'!AR86>0,2,"-") -> - | AM85: =IF('Design Fee'!AT86>0,2,"-") -> - | AN85: =IF('Design Fee'!AU86>0,2,"-") -> - | AO85: =IF('Design Fee'!AV86>0,2,"-") -> - | AP85: =IF('Design Fee'!AW86>0,2,"-") -> - | AQ85: =IF('Design Fee'!AX86>0,2,"-") -> - | AR85: =IF('Design Fee'!AY86>0,2,"-") -> - | AS85: =IF('Design Fee'!BA86>0,2,"-") -> - | AT85: =IF('Design Fee'!BB86>0,2,"-") -> - | AU85: =IF('Design Fee'!BC86>0,2,"-") -> - | AV85: =IF('Design Fee'!BD86>0,2,"-") -> - | AW85: =IF('Design Fee'!BE86>0,2,"-") -> - | BA85: =IF('Design Fee'!CB86>0,2,"-") -> 2 | BB85: =IF('Design Fee'!CD86>0,2,"-") -> - | BC85: =IF('Design Fee'!CE86>0,2,"-") -> 2 | BD85: =IF('Design Fee'!CF86>0,2,"-") -> 2 | BE85: =IF('Design Fee'!CG86>0,2,"-") -> - | BF85: =IF('Design Fee'!CH86>0,2,"-") -> - | BG85: =IF('Design Fee'!CI86>0,2,"-") -> - | BH85: =IF('Design Fee'!CK86>0,2,"-") -> - | BI85: =IF('Design Fee'!CL86>0,2,"-") -> - | BJ85: =IF('Design Fee'!CM86>0,2,"-") -> - | BK85: =IF('Design Fee'!CN86>0,2,"-") -> - | BL85: =IF('Design Fee'!CO86>0,2,"-") -> - | BP85: =IF('Design Fee'!DL86>0,2,"-") -> 2 | BQ85: =IF('Design Fee'!DN86>0,2,"-") -> - | BR85: =IF('Design Fee'!DO86>0,2,"-") -> 2 | BS85: =IF('Design Fee'!DP86>0,2,"-") -> 2 | BT85: =IF('Design Fee'!DQ86>0,2,"-") -> - | BU85: =IF('Design Fee'!DR86>0,2,"-") -> - | BV85: =IF('Design Fee'!DS86>0,2,"-") -> - | BW85: =IF('Design Fee'!DU86>0,2,"-") -> 2 | BX85: =IF('Design Fee'!DV86>0,2,"-") -> - | BY85: =IF('Design Fee'!DW86>0,2,"-") -> 2 | BZ85: =IF('Design Fee'!DX86>0,2,"-") -> - | CA85: =IF('Design Fee'!DY86>0,2,"-") -> -
B86: SDV-2 | C86: 2 | D86: Site Development | W86: =IF('Design Fee'!H87>0,2,"-") -> 2 | X86: =IF('Design Fee'!J87>0,2,"-") -> - | Y86: =IF('Design Fee'!K87>0,2,"-") -> 2 | Z86: =IF('Design Fee'!L87>0,2,"-") -> 2 | AA86: =IF('Design Fee'!M87>0,2,"-") -> - | AB86: =IF('Design Fee'!N87>0,2,"-") -> - | AC86: =IF('Design Fee'!O87>0,2,"-") -> - | AD86: =IF('Design Fee'!Q87>0,2,"-") -> 2 | AE86: =IF('Design Fee'!R87>0,2,"-") -> - | AF86: =IF('Design Fee'!S87>0,2,"-") -> - | AG86: =IF('Design Fee'!T87>0,2,"-") -> 2 | AH86: =IF('Design Fee'!U87>0,2,"-") -> - | AL86: =IF('Design Fee'!AR87>0,2,"-") -> 2 | AM86: =IF('Design Fee'!AT87>0,2,"-") -> - | AN86: =IF('Design Fee'!AU87>0,2,"-") -> 2 | AO86: =IF('Design Fee'!AV87>0,2,"-") -> 2 | AP86: =IF('Design Fee'!AW87>0,2,"-") -> - | AQ86: =IF('Design Fee'!AX87>0,2,"-") -> - | AR86: =IF('Design Fee'!AY87>0,2,"-") -> - | AS86: =IF('Design Fee'!BA87>0,2,"-") -> 2 | AT86: =IF('Design Fee'!BB87>0,2,"-") -> - | AU86: =IF('Design Fee'!BC87>0,2,"-") -> 2 | AV86: =IF('Design Fee'!BD87>0,2,"-") -> - | AW86: =IF('Design Fee'!BE87>0,2,"-") -> - | BA86: =IF('Design Fee'!CB87>0,2,"-") -> - | BB86: =IF('Design Fee'!CD87>0,2,"-") -> - | BC86: =IF('Design Fee'!CE87>0,2,"-") -> - | BD86: =IF('Design Fee'!CF87>0,2,"-") -> - | BE86: =IF('Design Fee'!CG87>0,2,"-") -> - | BF86: =IF('Design Fee'!CH87>0,2,"-") -> - | BG86: =IF('Design Fee'!CI87>0,2,"-") -> - | BH86: =IF('Design Fee'!CK87>0,2,"-") -> - | BI86: =IF('Design Fee'!CL87>0,2,"-") -> - | BJ86: =IF('Design Fee'!CM87>0,2,"-") -> - | BK86: =IF('Design Fee'!CN87>0,2,"-") -> - | BL86: =IF('Design Fee'!CO87>0,2,"-") -> - | BP86: =IF('Design Fee'!DL87>0,2,"-") -> - | BQ86: =IF('Design Fee'!DN87>0,2,"-") -> - | BR86: =IF('Design Fee'!DO87>0,2,"-") -> - | BS86: =IF('Design Fee'!DP87>0,2,"-") -> - | BT86: =IF('Design Fee'!DQ87>0,2,"-") -> - | BU86: =IF('Design Fee'!DR87>0,2,"-") -> - | BV86: =IF('Design Fee'!DS87>0,2,"-") -> - | BW86: =IF('Design Fee'!DU87>0,2,"-") -> - | BX86: =IF('Design Fee'!DV87>0,2,"-") -> - | BY86: =IF('Design Fee'!DW87>0,2,"-") -> - | BZ86: =IF('Design Fee'!DX87>0,2,"-") -> - | CA86: =IF('Design Fee'!DY87>0,2,"-") -> -
B87: SDV-4 | C87: 3 | D87: Site MEP | W87: =IF('Design Fee'!H88>0,2,"-") -> 2 | X87: =IF('Design Fee'!J88>0,2,"-") -> - | Y87: =IF('Design Fee'!K88>0,2,"-") -> 2 | Z87: =IF('Design Fee'!L88>0,2,"-") -> 2 | AA87: =IF('Design Fee'!M88>0,2,"-") -> - | AB87: =IF('Design Fee'!N88>0,2,"-") -> - | AC87: =IF('Design Fee'!O88>0,2,"-") -> - | AD87: =IF('Design Fee'!Q88>0,2,"-") -> 2 | AE87: =IF('Design Fee'!R88>0,2,"-") -> - | AF87: =IF('Design Fee'!S88>0,2,"-") -> 2 | AG87: =IF('Design Fee'!T88>0,2,"-") -> - | AH87: =IF('Design Fee'!U88>0,2,"-") -> - | AL87: =IF('Design Fee'!AR88>0,2,"-") -> 2 | AM87: =IF('Design Fee'!AT88>0,2,"-") -> - | AN87: =IF('Design Fee'!AU88>0,2,"-") -> 2 | AO87: =IF('Design Fee'!AV88>0,2,"-") -> 2 | AP87: =IF('Design Fee'!AW88>0,2,"-") -> - | AQ87: =IF('Design Fee'!AX88>0,2,"-") -> - | AR87: =IF('Design Fee'!AY88>0,2,"-") -> - | AS87: =IF('Design Fee'!BA88>0,2,"-") -> 2 | AT87: =IF('Design Fee'!BB88>0,2,"-") -> 2 | AU87: =IF('Design Fee'!BC88>0,2,"-") -> - | AV87: =IF('Design Fee'!BD88>0,2,"-") -> - | AW87: =IF('Design Fee'!BE88>0,2,"-") -> - | BA87: =IF('Design Fee'!CB88>0,2,"-") -> 2 | BB87: =IF('Design Fee'!CD88>0,2,"-") -> - | BC87: =IF('Design Fee'!CE88>0,2,"-") -> 2 | BD87: =IF('Design Fee'!CF88>0,2,"-") -> 2 | BE87: =IF('Design Fee'!CG88>0,2,"-") -> - | BF87: =IF('Design Fee'!CH88>0,2,"-") -> - | BG87: =IF('Design Fee'!CI88>0,2,"-") -> - | BH87: =IF('Design Fee'!CK88>0,2,"-") -> 2 | BI87: =IF('Design Fee'!CL88>0,2,"-") -> 2 | BJ87: =IF('Design Fee'!CM88>0,2,"-") -> - | BK87: =IF('Design Fee'!CN88>0,2,"-") -> - | BL87: =IF('Design Fee'!CO88>0,2,"-") -> - | BP87: =IF('Design Fee'!DL88>0,2,"-") -> - | BQ87: =IF('Design Fee'!DN88>0,2,"-") -> - | BR87: =IF('Design Fee'!DO88>0,2,"-") -> - | BS87: =IF('Design Fee'!DP88>0,2,"-") -> - | BT87: =IF('Design Fee'!DQ88>0,2,"-") -> - | BU87: =IF('Design Fee'!DR88>0,2,"-") -> - | BV87: =IF('Design Fee'!DS88>0,2,"-") -> - | BW87: =IF('Design Fee'!DU88>0,2,"-") -> - | BX87: =IF('Design Fee'!DV88>0,2,"-") -> - | BY87: =IF('Design Fee'!DW88>0,2,"-") -> - | BZ87: =IF('Design Fee'!DX88>0,2,"-") -> - | CA87: =IF('Design Fee'!DY88>0,2,"-") -> -
B88: SDV-9 | C88: 4 | D88: Landscaping | W88: =IF('Design Fee'!H89>0,2,"-") -> 2 | X88: =IF('Design Fee'!J89>0,2,"-") -> - | Y88: =IF('Design Fee'!K89>0,2,"-") -> 2 | Z88: =IF('Design Fee'!L89>0,2,"-") -> 2 | AA88: =IF('Design Fee'!M89>0,2,"-") -> - | AB88: =IF('Design Fee'!N89>0,2,"-") -> - | AC88: =IF('Design Fee'!O89>0,2,"-") -> - | AD88: =IF('Design Fee'!Q89>0,2,"-") -> 2 | AE88: =IF('Design Fee'!R89>0,2,"-") -> 2 | AF88: =IF('Design Fee'!S89>0,2,"-") -> - | AG88: =IF('Design Fee'!T89>0,2,"-") -> - | AH88: =IF('Design Fee'!U89>0,2,"-") -> - | AL88: =IF('Design Fee'!AR89>0,2,"-") -> - | AM88: =IF('Design Fee'!AT89>0,2,"-") -> - | AN88: =IF('Design Fee'!AU89>0,2,"-") -> - | AO88: =IF('Design Fee'!AV89>0,2,"-") -> - | AP88: =IF('Design Fee'!AW89>0,2,"-") -> - | AQ88: =IF('Design Fee'!AX89>0,2,"-") -> - | AR88: =IF('Design Fee'!AY89>0,2,"-") -> - | AS88: =IF('Design Fee'!BA89>0,2,"-") -> - | AT88: =IF('Design Fee'!BB89>0,2,"-") -> - | AU88: =IF('Design Fee'!BC89>0,2,"-") -> - | AV88: =IF('Design Fee'!BD89>0,2,"-") -> - | AW88: =IF('Design Fee'!BE89>0,2,"-") -> - | BA88: =IF('Design Fee'!CB89>0,2,"-") -> - | BB88: =IF('Design Fee'!CD89>0,2,"-") -> - | BC88: =IF('Design Fee'!CE89>0,2,"-") -> - | BD88: =IF('Design Fee'!CF89>0,2,"-") -> - | BE88: =IF('Design Fee'!CG89>0,2,"-") -> - | BF88: =IF('Design Fee'!CH89>0,2,"-") -> - | BG88: =IF('Design Fee'!CI89>0,2,"-") -> - | BH88: =IF('Design Fee'!CK89>0,2,"-") -> - | BI88: =IF('Design Fee'!CL89>0,2,"-") -> - | BJ88: =IF('Design Fee'!CM89>0,2,"-") -> - | BK88: =IF('Design Fee'!CN89>0,2,"-") -> - | BL88: =IF('Design Fee'!CO89>0,2,"-") -> - | BP88: =IF('Design Fee'!DL89>0,2,"-") -> 2 | BQ88: =IF('Design Fee'!DN89>0,2,"-") -> - | BR88: =IF('Design Fee'!DO89>0,2,"-") -> 2 | BS88: =IF('Design Fee'!DP89>0,2,"-") -> 2 | BT88: =IF('Design Fee'!DQ89>0,2,"-") -> - | BU88: =IF('Design Fee'!DR89>0,2,"-") -> - | BV88: =IF('Design Fee'!DS89>0,2,"-") -> - | BW88: =IF('Design Fee'!DU89>0,2,"-") -> 2 | BX88: =IF('Design Fee'!DV89>0,2,"-") -> - | BY88: =IF('Design Fee'!DW89>0,2,"-") -> 2 | BZ88: =IF('Design Fee'!DX89>0,2,"-") -> - | CA88: =IF('Design Fee'!DY89>0,2,"-") -> -
C90: POST-CONSTRUCTION
B92: 1 | C92: 1 | D92: Archives | G92: =X92+AM92+BB92+BQ92 -> 0 | H92: =W92+AL92+BA92+BP92 -> 4 | I92: =X92+AM92+BB92+BQ92 -> 0 | J92: =Y92+AN92+BC92+BR92 -> 4 | K92: =Z92+AO92+BD92+BS92 -> 0 | L92: =AA92+AP92+BE92+BT92 -> 4 | M92: =AB92+AQ92+BF92+BU92 -> 0 | N92: =AC92+AR92+BG92+BV92 -> 0 | O92: =AD92+AS92+BH92+BW92 -> 0 | ... S92: =AH92+AW92+BL92+CA92 -> 0 | W92: =COUNT(W93) -> 1 | X92: =COUNT(X93) -> 0 | Y92: =COUNT(Y93) -> 1 | Z92: =COUNT(Z93) -> 0 | AA92: =COUNT(AA93) -> 1 | AB92: =COUNT(AB93) -> 0 | AC92: =COUNT(AC93) -> 0 | AD92: =COUNT(AD93) -> 0 | ... AH92: =COUNT(AH93) -> 0 | AL92: =COUNT(AL93) -> 1 | AM92: =COUNT(AM93) -> 0 | AN92: =COUNT(AN93) -> 1 | AO92: =COUNT(AO93) -> 0 | AP92: =COUNT(AP93) -> 1 | AQ92: =COUNT(AQ93) -> 0 | AR92: =COUNT(AR93) -> 0 | AS92: =COUNT(AS93) -> 0 | ... AW92: =COUNT(AW93) -> 0 | BA92: =COUNT(BA93) -> 1 | BB92: =COUNT(BB93) -> 0 | BC92: =COUNT(BC93) -> 1 | BD92: =COUNT(BD93) -> 0 | BE92: =COUNT(BE93) -> 1 | BF92: =COUNT(BF93) -> 0 | BG92: =COUNT(BG93) -> 0 | BH92: =COUNT(BH93) -> 0 | ... BL92: =COUNT(BL93) -> 0 | BP92: =COUNT(BP93) -> 1 | BQ92: =COUNT(BQ93) -> 0 | BR92: =COUNT(BR93) -> 1 | BS92: =COUNT(BS93) -> 0 | BT92: =COUNT(BT93) -> 1 | BU92: =COUNT(BU93) -> 0 | BV92: =COUNT(BV93) -> 0 | BW92: =COUNT(BW93) -> 0 | ... CA92: =COUNT(CA93) -> 0
B93: 1 | C93: 1 | D93: Complete set of "As-Built" drawings, final BoQ and project costs, | W93: =IF('Design Fee'!H94>0,2,"-") -> 2 | X93: =IF('Design Fee'!J94>0,2,"-") -> - | Y93: =IF('Design Fee'!K94>0,2,"-") -> 2 | Z93: =IF('Design Fee'!L94>0,2,"-") -> - | AA93: =IF('Design Fee'!M94>0,2,"-") -> 2 | AB93: =IF('Design Fee'!N94>0,2,"-") -> - | AC93: =IF('Design Fee'!O94>0,2,"-") -> - | AD93: =IF('Design Fee'!Q94>0,2,"-") -> - | AE93: =IF('Design Fee'!R94>0,2,"-") -> - | AF93: =IF('Design Fee'!S94>0,2,"-") -> - | AG93: =IF('Design Fee'!T94>0,2,"-") -> - | AH93: =IF('Design Fee'!U94>0,2,"-") -> - | AL93: =IF('Design Fee'!AR94>0,2,"-") -> 2 | AM93: =IF('Design Fee'!AT94>0,2,"-") -> - | AN93: =IF('Design Fee'!AU94>0,2,"-") -> 2 | AO93: =IF('Design Fee'!AV94>0,2,"-") -> - | AP93: =IF('Design Fee'!AW94>0,2,"-") -> 2 | AQ93: =IF('Design Fee'!AX94>0,2,"-") -> - | AR93: =IF('Design Fee'!AY94>0,2,"-") -> - | AS93: =IF('Design Fee'!BA94>0,2,"-") -> - | AT93: =IF('Design Fee'!BB94>0,2,"-") -> - | AU93: =IF('Design Fee'!BC94>0,2,"-") -> - | AV93: =IF('Design Fee'!BD94>0,2,"-") -> - | AW93: =IF('Design Fee'!BE94>0,2,"-") -> - | BA93: =IF('Design Fee'!CB94>0,2,"-") -> 2 | BB93: =IF('Design Fee'!CD94>0,2,"-") -> - | BC93: =IF('Design Fee'!CE94>0,2,"-") -> 2 | BD93: =IF('Design Fee'!CF94>0,2,"-") -> - | BE93: =IF('Design Fee'!CG94>0,2,"-") -> 2 | BF93: =IF('Design Fee'!CH94>0,2,"-") -> - | BG93: =IF('Design Fee'!CI94>0,2,"-") -> - | BH93: =IF('Design Fee'!CK94>0,2,"-") -> - | BI93: =IF('Design Fee'!CL94>0,2,"-") -> - | BJ93: =IF('Design Fee'!CM94>0,2,"-") -> - | BK93: =IF('Design Fee'!CN94>0,2,"-") -> - | BL93: =IF('Design Fee'!CO94>0,2,"-") -> - | BP93: =IF('Design Fee'!DL94>0,2,"-") -> 2 | BQ93: =IF('Design Fee'!DN94>0,2,"-") -> - | BR93: =IF('Design Fee'!DO94>0,2,"-") -> 2 | BS93: =IF('Design Fee'!DP94>0,2,"-") -> - | BT93: =IF('Design Fee'!DQ94>0,2,"-") -> 2 | BU93: =IF('Design Fee'!DR94>0,2,"-") -> - | BV93: =IF('Design Fee'!DS94>0,2,"-") -> - | BW93: =IF('Design Fee'!DU94>0,2,"-") -> - | BX93: =IF('Design Fee'!DV94>0,2,"-") -> - | BY93: =IF('Design Fee'!DW94>0,2,"-") -> - | BZ93: =IF('Design Fee'!DX94>0,2,"-") -> - | CA93: =IF('Design Fee'!DY94>0,2,"-") -> -

Sheet Design Fee
D2: No. of Batches | H2: =COUNTIF(H75:H77,">0")+COUNTIF(H52:H60,">0")+COUNTIF(H80:H82,">0")+COUNTIF(H70:H72,">0")+COUNTIF(H86:H89,">0")+COUNTIFS(H63:H67,">0")+COUNTIFS(H11,">0")+COUNTIFS(H17,">0")+COUNTIFS(H23,">0")+COUNTIFS(H30,">0")+COUNTIFS(H39,">0")+COUNTIFS(H94,">0") -> 23 | I2: =COUNTIF(I75:I77,">0")+COUNTIF(I52:I60,">0")+COUNTIF(I80:I82,">0")+COUNTIF(I70:I72,">0")+COUNTIF(I86:I89,">0")+COUNTIFS(I63:I67,">0")+COUNTIFS(I11,">0")+COUNTIFS(I17,">0")+COUNTIFS(I23,">0")+COUNTIFS(I30,">0")+COUNTIFS(I39,">0")+COUNTIFS(I94,">0") -> 22 | J2: =COUNTIF(J75:J77,">0")+COUNTIF(J52:J60,">0")+COUNTIF(J80:J82,">0")+COUNTIF(J70:J72,">0")+COUNTIF(J86:J89,">0")+COUNTIFS(J63:J67,">0")+COUNTIFS(J11,">0")+COUNTIFS(J17,">0")+COUNTIFS(J23,">0")+COUNTIFS(J30,">0")+COUNTIFS(J39,">0")+COUNTIFS(J94,">0") -> 14 | K2: =COUNTIF(K75:K77,">0")+COUNTIF(K52:K60,">0")+COUNTIF(K80:K82,">0")+COUNTIF(K70:K72,">0")+COUNTIF(K86:K89,">0")+COUNTIFS(K63:K67,">0")+COUNTIFS(K11,">0")+COUNTIFS(K17,">0")+COUNTIFS(K23,">0")+COUNTIFS(K30,">0")+COUNTIFS(K39,">0")+COUNTIFS(K94,">0") -> 9 | L2: =COUNTIF(L75:L77,">0")+COUNTIF(L52:L60,">0")+COUNTIF(L80:L82,">0")+COUNTIF(L70:L72,">0")+COUNTIF(L86:L89,">0")+COUNTIFS(L63:L67,">0")+COUNTIFS(L11,">0")+COUNTIFS(L17,">0")+COUNTIFS(L23,">0")+COUNTIFS(L30,">0")+COUNTIFS(L39,">0")+COUNTIFS(L94,">0") -> 8 | M2: =COUNTIF(M75:M77,">0")+COUNTIF(M52:M60,">0")+COUNTIF(M80:M82,">0")+COUNTIF(M70:M72,">0")+COUNTIF(M86:M89,">0")+COUNTIFS(M63:M67,">0")+COUNTIFS(M11,">0")+COUNTIFS(M17,">0")+COUNTIFS(M23,">0")+COUNTIFS(M30,">0")+COUNTIFS(M39,">0")+COUNTIFS(M94,">0") -> 1 | N2: =COUNTIF(N75:N77,">0")+COUNTIF(N52:N60,">0")+COUNTIF(N80:N82,">0")+COUNTIF(N70:N72,">0")+COUNTIF(N86:N89,">0")+COUNTIFS(N63:N67,">0")+COUNTIFS(N11,">0")+COUNTIFS(N17,">0")+COUNTIFS(N23,">0")+COUNTIFS(N30,">0")+COUNTIFS(N39,">0")+COUNTIFS(N94,">0") -> 0 | O2: =COUNTIF(O75:O77,">0")+COUNTIF(O52:O60,">0")+COUNTIF(O80:O82,">0")+COUNTIF(O70:O72,">0")+COUNTIF(O86:O89,">0")+COUNTIFS(O63:O67,">0")+COUNTIFS(O11,">0")+COUNTIFS(O17,">0")+COUNTIFS(O23,">0")+COUNTIFS(O30,">0")+COUNTIFS(O39,">0")+COUNTIFS(O94,">0") -> 0 | Q2: =COUNTIF(Q75:Q77,">0")+COUNTIF(Q52:Q60,">0")+COUNTIF(Q80:Q82,">0")+COUNTIF(Q70:Q72,">0")+COUNTIF(Q86:Q89,">0")+COUNTIFS(Q63:Q67,">0")+COUNTIFS(Q11,">0")+COUNTIFS(Q17,">0")+COUNTIFS(Q23,">0")+COUNTIFS(Q30,">0")+COUNTIFS(Q39,">0")+COUNTIFS(Q94,">0") -> 8 | R2: =COUNTIF(R75:R77,">0")+COUNTIF(R52:R60,">0")+COUNTIF(R80:R82,">0")+COUNTIF(R70:R72,">0")+COUNTIF(R86:R89,">0")+COUNTIFS(R63:R67,">0")+COUNTIFS(R11,">0")+COUNTIFS(R17,">0")+COUNTIFS(R23,">0")+COUNTIFS(R30,">0")+COUNTIFS(R39,">0")+COUNTIFS(R94,">0") -> 4 | S2: =COUNTIF(S75:S77,">0")+COUNTIF(S52:S60,">0")+COUNTIF(S80:S82,">0")+COUNTIF(S70:S72,">0")+COUNTIF(S86:S89,">0")+COUNTIFS(S63:S67,">0")+COUNTIFS(S11,">0")+COUNTIFS(S17,">0")+COUNTIFS(S23,">0")+COUNTIFS(S30,">0")+COUNTIFS(S39,">0")+COUNTIFS(S94,">0") -> 3 | T2: =COUNTIF(T75:T77,">0")+COUNTIF(T52:T60,">0")+COUNTIF(T80:T82,">0")+COUNTIF(T70:T72,">0")+COUNTIF(T86:T89,">0")+COUNTIFS(T63:T67,">0")+COUNTIFS(T11,">0")+COUNTIFS(T17,">0")+COUNTIFS(T23,">0")+COUNTIFS(T30,">0")+COUNTIFS(T39,">0")+COUNTIFS(T94,">0") -> 1 | U2: =COUNTIF(U75:U77,">0")+COUNTIF(U52:U60,">0")+COUNTIF(U80:U82,">0")+COUNTIF(U70:U72,">0")+COUNTIF(U86:U89,">0")+COUNTIFS(U63:U67,">0")+COUNTIFS(U11,">0")+COUNTIFS(U17,">0")+COUNTIFS(U23,">0")+COUNTIFS(U30,">0")+COUNTIFS(U39,">0")+COUNTIFS(U94,">0") -> 0 | W2: Status | AA2: GFC Release | AR2: =COUNTIF(AR75:AR77,">0")+COUNTIF(AR52:AR60,">0")+COUNTIF(AR80:AR82,">0")+COUNTIF(AR70:AR72,">0")+COUNTIF(AR86:AR89,">0")+COUNTIFS(AR63:AR67,">0")+COUNTIFS(AR11,">0")+COUNTIFS(AR17,">0")+COUNTIFS(AR23,">0")+COUNTIFS(AR30,">0")+COUNTIFS(AR39,">0")+COUNTIFS(AR94,">0") -> 21 | AS2: =COUNTIF(AS75:AS77,">0")+COUNTIF(AS52:AS60,">0")+COUNTIF(AS80:AS82,">0")+COUNTIF(AS70:AS72,">0")+COUNTIF(AS86:AS89,">0")+COUNTIFS(AS63:AS67,">0")+COUNTIFS(AS11,">0")+COUNTIFS(AS17,">0")+COUNTIFS(AS23,">0")+COUNTIFS(AS30,">0")+COUNTIFS(AS39,">0")+COUNTIFS(AS94,">0") -> 20 | AT2: =COUNTIF(AT75:AT77,">0")+COUNTIF(AT52:AT60,">0")+COUNTIF(AT80:AT82,">0")+COUNTIF(AT70:AT72,">0")+COUNTIF(AT86:AT89,">0")+COUNTIFS(AT63:AT67,">0")+COUNTIFS(AT11,">0")+COUNTIFS(AT17,">0")+COUNTIFS(AT23,">0")+COUNTIFS(AT30,">0")+COUNTIFS(AT39,">0")+COUNTIFS(AT94,">0") -> 11 | AU2: =COUNTIF(AU75:AU77,">0")+COUNTIF(AU52:AU60,">0")+COUNTIF(AU80:AU82,">0")+COUNTIF(AU70:AU72,">0")+COUNTIF(AU86:AU89,">0")+COUNTIFS(AU63:AU67,">0")+COUNTIFS(AU11,">0")+COUNTIFS(AU17,">0")+COUNTIFS(AU23,">0")+COUNTIFS(AU30,">0")+COUNTIFS(AU39,">0")+COUNTIFS(AU94,">0") -> 10 | AV2: =COUNTIF(AV75:AV77,">0")+COUNTIF(AV52:AV60,">0")+COUNTIF(AV80:AV82,">0")+COUNTIF(AV70:AV72,">0")+COUNTIF(AV86:AV89,">0")+COUNTIFS(AV63:AV67,">0")+COUNTIFS(AV11,">0")+COUNTIFS(AV17,">0")+COUNTIFS(AV23,">0")+COUNTIFS(AV30,">0")+COUNTIFS(AV39,">0")+COUNTIFS(AV94,">0") -> 9 | AW2: =COUNTIF(AW75:AW77,">0")+COUNTIF(AW52:AW60,">0")+COUNTIF(AW80:AW82,">0")+COUNTIF(AW70:AW72,">0")+COUNTIF(AW86:AW89,">0")+COUNTIFS(AW63:AW67,">0")+COUNTIFS(AW11,">0")+COUNTIFS(AW17,">0")+COUNTIFS(AW23,">0")+COUNTIFS(AW30,">0")+COUNTIFS(AW39,">0")+COUNTIFS(AW94,">0") -> 1 | AX2: =COUNTIF(AX75:AX77,">0")+COUNTIF(AX52:AX60,">0")+COUNTIF(AX80:AX82,">0")+COUNTIF(AX70:AX72,">0")+COUNTIF(AX86:AX89,">0")+COUNTIFS(AX63:AX67,">0")+COUNTIFS(AX11,">0")+COUNTIFS(AX17,">0")+COUNTIFS(AX23,">0")+COUNTIFS(AX30,">0")+COUNTIFS(AX39,">0")+COUNTIFS(AX94,">0") -> 0 | AY2: =COUNTIF(AY75:AY77,">0")+COUNTIF(AY52:AY60,">0")+COUNTIF(AY80:AY82,">0")+COUNTIF(AY70:AY72,">0")+COUNTIF(AY86:AY89,">0")+COUNTIFS(AY63:AY67,">0")+COUNTIFS(AY11,">0")+COUNTIFS(AY17,">0")+COUNTIFS(AY23,">0")+COUNTIFS(AY30,">0")+COUNTIFS(AY39,">0")+COUNTIFS(AY94,">0") -> 0 | BA2: =COUNTIF(BA75:BA77,">0")+COUNTIF(BA52:BA60,">0")+COUNTIF(BA80:BA82,">0")+COUNTIF(BA70:BA72,">0")+COUNTIF(BA86:BA89,">0")+COUNTIFS(BA63:BA67,">0")+COUNTIFS(BA11,">0")+COUNTIFS(BA17,">0")+COUNTIFS(BA23,">0")+COUNTIFS(BA30,">0")+COUNTIFS(BA39,">0")+COUNTIFS(BA94,">0") -> 9 | BB2: =COUNTIF(BB75:BB77,">0")+COUNTIF(BB52:BB60,">0")+COUNTIF(BB80:BB82,">0")+COUNTIF(BB70:BB72,">0")+COUNTIF(BB86:BB89,">0")+COUNTIFS(BB63:BB67,">0")+COUNTIFS(BB11,">0")+COUNTIFS(BB17,">0")+COUNTIFS(BB23,">0")+COUNTIFS(BB30,">0")+COUNTIFS(BB39,">0")+COUNTIFS(BB94,">0") -> 7 | BC2: =COUNTIF(BC75:BC77,">0")+COUNTIF(BC52:BC60,">0")+COUNTIF(BC80:BC82,">0")+COUNTIF(BC70:BC72,">0")+COUNTIF(BC86:BC89,">0")+COUNTIFS(BC63:BC67,">0")+COUNTIFS(BC11,">0")+COUNTIFS(BC17,">0")+COUNTIFS(BC23,">0")+COUNTIFS(BC30,">0")+COUNTIFS(BC39,">0")+COUNTIFS(BC94,">0") -> 2 | BD2: =COUNTIF(BD75:BD77,">0")+COUNTIF(BD52:BD60,">0")+COUNTIF(BD80:BD82,">0")+COUNTIF(BD70:BD72,">0")+COUNTIF(BD86:BD89,">0")+COUNTIFS(BD63:BD67,">0")+COUNTIFS(BD11,">0")+COUNTIFS(BD17,">0")+COUNTIFS(BD23,">0")+COUNTIFS(BD30,">0")+COUNTIFS(BD39,">0")+COUNTIFS(BD94,">0") -> 0 | BE2: =COUNTIF(BE75:BE77,">0")+COUNTIF(BE52:BE60,">0")+COUNTIF(BE80:BE82,">0")+COUNTIF(BE70:BE72,">0")+COUNTIF(BE86:BE89,">0")+COUNTIFS(BE63:BE67,">0")+COUNTIFS(BE11,">0")+COUNTIFS(BE17,">0")+COUNTIFS(BE23,">0")+COUNTIFS(BE30,">0")+COUNTIFS(BE39,">0")+COUNTIFS(BE94,">0") -> 0 | BG2: Status | BK2: GFC Release | CB2: =COUNTIF(CB75:CB77,">0")+COUNTIF(CB52:CB60,">0")+COUNTIF(CB80:CB82,">0")+COUNTIF(CB70:CB72,">0")+COUNTIF(CB86:CB89,">0")+COUNTIFS(CB63:CB67,">0")+COUNTIFS(CB11,">0")+COUNTIFS(CB17,">0")+COUNTIFS(CB23,">0")+COUNTIFS(CB30,">0")+COUNTIFS(CB39,">0")+COUNTIFS(CB94,">0") -> 14 | CC2: =COUNTIF(CC75:CC77,">0")+COUNTIF(CC52:CC60,">0")+COUNTIF(CC80:CC82,">0")+COUNTIF(CC70:CC72,">0")+COUNTIF(CC86:CC89,">0")+COUNTIFS(CC63:CC67,">0")+COUNTIFS(CC11,">0")+COUNTIFS(CC17,">0")+COUNTIFS(CC23,">0")+COUNTIFS(CC30,">0")+COUNTIFS(CC39,">0")+COUNTIFS(CC94,">0") -> 12 | CD2: =COUNTIF(CD75:CD77,">0")+COUNTIF(CD52:CD60,">0")+COUNTIF(CD80:CD82,">0")+COUNTIF(CD70:CD72,">0")+COUNTIF(CD86:CD89,">0")+COUNTIFS(CD63:CD67,">0")+COUNTIFS(CD11,">0")+COUNTIFS(CD17,">0")+COUNTIFS(CD23,">0")+COUNTIFS(CD30,">0")+COUNTIFS(CD39,">0")+COUNTIFS(CD94,">0") -> 4 | CE2: =COUNTIF(CE75:CE77,">0")+COUNTIF(CE52:CE60,">0")+COUNTIF(CE80:CE82,">0")+COUNTIF(CE70:CE72,">0")+COUNTIF(CE86:CE89,">0")+COUNTIFS(CE63:CE67,">0")+COUNTIFS(CE11,">0")+COUNTIFS(CE17,">0")+COUNTIFS(CE23,">0")+COUNTIFS(CE30,">0")+COUNTIFS(CE39,">0")+COUNTIFS(CE94,">0") -> 10 | CF2: =COUNTIF(CF75:CF77,">0")+COUNTIF(CF52:CF60,">0")+COUNTIF(CF80:CF82,">0")+COUNTIF(CF70:CF72,">0")+COUNTIF(CF86:CF89,">0")+COUNTIFS(CF63:CF67,">0")+COUNTIFS(CF11,">0")+COUNTIFS(CF17,">0")+COUNTIFS(CF23,">0")+COUNTIFS(CF30,">0")+COUNTIFS(CF39,">0")+COUNTIFS(CF94,">0") -> 9 | CG2: =COUNTIF(CG75:CG77,">0")+COUNTIF(CG52:CG60,">0")+COUNTIF(CG80:CG82,">0")+COUNTIF(CG70:CG72,">0")+COUNTIF(CG86:CG89,">0")+COUNTIFS(CG63:CG67,">0")+COUNTIFS(CG11,">0")+COUNTIFS(CG17,">0")+COUNTIFS(CG23,">0")+COUNTIFS(CG30,">0")+COUNTIFS(CG39,">0")+COUNTIFS(CG94,">0") -> 1 | CH2: =COUNTIF(CH75:CH77,">0")+COUNTIF(CH52:CH60,">0")+COUNTIF(CH80:CH82,">0")+COUNTIF(CH70:CH72,">0")+COUNTIF(CH86:CH89,">0")+COUNTIFS(CH63:CH67,">0")+COUNTIFS(CH11,">0")+COUNTIFS(CH17,">0")+COUNTIFS(CH23,">0")+COUNTIFS(CH30,">0")+COUNTIFS(CH39,">0")+COUNTIFS(CH94,">0") -> 0 | CI2: =COUNTIF(CI75:CI77,">0")+COUNTIF(CI52:CI60,">0")+COUNTIF(CI80:CI82,">0")+COUNTIF(CI70:CI72,">0")+COUNTIF(CI86:CI89,">0")+COUNTIFS(CI63:CI67,">0")+COUNTIFS(CI11,">0")+COUNTIFS(CI17,">0")+COUNTIFS(CI23,">0")+COUNTIFS(CI30,">0")+COUNTIFS(CI39,">0")+COUNTIFS(CI94,">0") -> 0 | CK2: =COUNTIF(CK75:CK77,">0")+COUNTIF(CK52:CK60,">0")+COUNTIF(CK80:CK82,">0")+COUNTIF(CK70:CK72,">0")+COUNTIF(CK86:CK89,">0")+COUNTIFS(CK63:CK67,">0")+COUNTIFS(CK11,">0")+COUNTIFS(CK17,">0")+COUNTIFS(CK23,">0")+COUNTIFS(CK30,">0")+COUNTIFS(CK39,">0")+COUNTIFS(CK94,">0") -> 8 | CL2: =COUNTIF(CL75:CL77,">0")+COUNTIF(CL52:CL60,">0")+COUNTIF(CL80:CL82,">0")+COUNTIF(CL70:CL72,">0")+COUNTIF(CL86:CL89,">0")+COUNTIFS(CL63:CL67,">0")+COUNTIFS(CL11,">0")+COUNTIFS(CL17,">0")+COUNTIFS(CL23,">0")+COUNTIFS(CL30,">0")+COUNTIFS(CL39,">0")+COUNTIFS(CL94,">0") -> 4 | CM2: =COUNTIF(CM75:CM77,">0")+COUNTIF(CM52:CM60,">0")+COUNTIF(CM80:CM82,">0")+COUNTIF(CM70:CM72,">0")+COUNTIF(CM86:CM89,">0")+COUNTIFS(CM63:CM67,">0")+COUNTIFS(CM11,">0")+COUNTIFS(CM17,">0")+COUNTIFS(CM23,">0")+COUNTIFS(CM30,">0")+COUNTIFS(CM39,">0")+COUNTIFS(CM94,">0") -> 1 | CN2: =COUNTIF(CN75:CN77,">0")+COUNTIF(CN52:CN60,">0")+COUNTIF(CN80:CN82,">0")+COUNTIF(CN70:CN72,">0")+COUNTIF(CN86:CN89,">0")+COUNTIFS(CN63:CN67,">0")+COUNTIFS(CN11,">0")+COUNTIFS(CN17,">0")+COUNTIFS(CN23,">0")+COUNTIFS(CN30,">0")+COUNTIFS(CN39,">0")+COUNTIFS(CN94,">0") -> 3 | CO2: =COUNTIF(CO75:CO77,">0")+COUNTIF(CO52:CO60,">0")+COUNTIF(CO80:CO82,">0")+COUNTIF(CO70:CO72,">0")+COUNTIF(CO86:CO89,">0")+COUNTIFS(CO63:CO67,">0")+COUNTIFS(CO11,">0")+COUNTIFS(CO17,">0")+COUNTIFS(CO23,">0")+COUNTIFS(CO30,">0")+COUNTIFS(CO39,">0")+COUNTIFS(CO94,">0") -> 0 | CQ2: Status | CU2: GFC Release | DL2: =COUNTIF(DL75:DL77,">0")+COUNTIF(DL52:DL60,">0")+COUNTIF(DL80:DL82,">0")+COUNTIF(DL70:DL72,">0")+COUNTIF(DL86:DL89,">0")+COUNTIFS(DL63:DL67,">0")+COUNTIFS(DL11,">0")+COUNTIFS(DL17,">0")+COUNTIFS(DL23,">0")+COUNTIFS(DL30,">0")+COUNTIFS(DL39,">0")+COUNTIFS(DL94,">0") -> 9 | DM2: =COUNTIF(DM75:DM77,">0")+COUNTIF(DM52:DM60,">0")+COUNTIF(DM80:DM82,">0")+COUNTIF(DM70:DM72,">0")+COUNTIF(DM86:DM89,">0")+COUNTIFS(DM63:DM67,">0")+COUNTIFS(DM11,">0")+COUNTIFS(DM17,">0")+COUNTIFS(DM23,">0")+COUNTIFS(DM30,">0")+COUNTIFS(DM39,">0")+COUNTIFS(DM94,">0") -> 8 | DN2: =COUNTIF(DN75:DN77,">0")+COUNTIF(DN52:DN60,">0")+COUNTIF(DN80:DN82,">0")+COUNTIF(DN70:DN72,">0")+COUNTIF(DN86:DN89,">0")+COUNTIFS(DN63:DN67,">0")+COUNTIFS(DN11,">0")+COUNTIFS(DN17,">0")+COUNTIFS(DN23,">0")+COUNTIFS(DN30,">0")+COUNTIFS(DN39,">0")+COUNTIFS(DN94,">0") -> 4 | DO2: =COUNTIF(DO75:DO77,">0")+COUNTIF(DO52:DO60,">0")+COUNTIF(DO80:DO82,">0")+COUNTIF(DO70:DO72,">0")+COUNTIF(DO86:DO89,">0")+COUNTIFS(DO63:DO67,">0")+COUNTIFS(DO11,">0")+COUNTIFS(DO17,">0")+COUNTIFS(DO23,">0")+COUNTIFS(DO30,">0")+COUNTIFS(DO39,">0")+COUNTIFS(DO94,">0") -> 5 | DP2: =COUNTIF(DP75:DP77,">0")+COUNTIF(DP52:DP60,">0")+COUNTIF(DP80:DP82,">0")+COUNTIF(DP70:DP72,">0")+COUNTIF(DP86:DP89,">0")+COUNTIFS(DP63:DP67,">0")+COUNTIFS(DP11,">0")+COUNTIFS(DP17,">0")+COUNTIFS(DP23,">0")+COUNTIFS(DP30,">0")+COUNTIFS(DP39,">0")+COUNTIFS(DP94,">0") -> 4 | DQ2: =COUNTIF(DQ75:DQ77,">0")+COUNTIF(DQ52:DQ60,">0")+COUNTIF(DQ80:DQ82,">0")+COUNTIF(DQ70:DQ72,">0")+COUNTIF(DQ86:DQ89,">0")+COUNTIFS(DQ63:DQ67,">0")+COUNTIFS(DQ11,">0")+COUNTIFS(DQ17,">0")+COUNTIFS(DQ23,">0")+COUNTIFS(DQ30,">0")+COUNTIFS(DQ39,">0")+COUNTIFS(DQ94,">0") -> 1 | DR2: =COUNTIF(DR75:DR77,">0")+COUNTIF(DR52:DR60,">0")+COUNTIF(DR80:DR82,">0")+COUNTIF(DR70:DR72,">0")+COUNTIF(DR86:DR89,">0")+COUNTIFS(DR63:DR67,">0")+COUNTIFS(DR11,">0")+COUNTIFS(DR17,">0")+COUNTIFS(DR23,">0")+COUNTIFS(DR30,">0")+COUNTIFS(DR39,">0")+COUNTIFS(DR94,">0") -> 0 | DS2: =COUNTIF(DS75:DS77,">0")+COUNTIF(DS52:DS60,">0")+COUNTIF(DS80:DS82,">0")+COUNTIF(DS70:DS72,">0")+COUNTIF(DS86:DS89,">0")+COUNTIFS(DS63:DS67,">0")+COUNTIFS(DS11,">0")+COUNTIFS(DS17,">0")+COUNTIFS(DS23,">0")+COUNTIFS(DS30,">0")+COUNTIFS(DS39,">0")+COUNTIFS(DS94,">0") -> 0 | DU2: =COUNTIF(DU75:DU77,">0")+COUNTIF(DU52:DU60,">0")+COUNTIF(DU80:DU82,">0")+COUNTIF(DU70:DU72,">0")+COUNTIF(DU86:DU89,">0")+COUNTIFS(DU63:DU67,">0")+COUNTIFS(DU11,">0")+COUNTIFS(DU17,">0")+COUNTIFS(DU23,">0")+COUNTIFS(DU30,">0")+COUNTIFS(DU39,">0")+COUNTIFS(DU94,">0") -> 4 | DV2: =COUNTIF(DV75:DV77,">0")+COUNTIF(DV52:DV60,">0")+COUNTIF(DV80:DV82,">0")+COUNTIF(DV70:DV72,">0")+COUNTIF(DV86:DV89,">0")+COUNTIFS(DV63:DV67,">0")+COUNTIFS(DV11,">0")+COUNTIFS(DV17,">0")+COUNTIFS(DV23,">0")+COUNTIFS(DV30,">0")+COUNTIFS(DV39,">0")+COUNTIFS(DV94,">0") -> 0 | DW2: =COUNTIF(DW75:DW77,">0")+COUNTIF(DW52:DW60,">0")+COUNTIF(DW80:DW82,">0")+COUNTIF(DW70:DW72,">0")+COUNTIF(DW86:DW89,">0")+COUNTIFS(DW63:DW67,">0")+COUNTIFS(DW11,">0")+COUNTIFS(DW17,">0")+COUNTIFS(DW23,">0")+COUNTIFS(DW30,">0")+COUNTIFS(DW39,">0")+COUNTIFS(DW94,">0") -> 3 | DX2: =COUNTIF(DX75:DX77,">0")+COUNTIF(DX52:DX60,">0")+COUNTIF(DX80:DX82,">0")+COUNTIF(DX70:DX72,">0")+COUNTIF(DX86:DX89,">0")+COUNTIFS(DX63:DX67,">0")+COUNTIFS(DX11,">0")+COUNTIFS(DX17,">0")+COUNTIFS(DX23,">0")+COUNTIFS(DX30,">0")+COUNTIFS(DX39,">0")+COUNTIFS(DX94,">0") -> 1 | DY2: =COUNTIF(DY75:DY77,">0")+COUNTIF(DY52:DY60,">0")+COUNTIF(DY80:DY82,">0")+COUNTIF(DY70:DY72,">0")+COUNTIF(DY86:DY89,">0")+COUNTIFS(DY63:DY67,">0")+COUNTIFS(DY11,">0")+COUNTIFS(DY17,">0")+COUNTIFS(DY23,">0")+COUNTIFS(DY30,">0")+COUNTIFS(DY39,">0")+COUNTIFS(DY94,">0") -> 0 | EA2: Status | EE2: GFC Release
C3: 0059 | Pursuit of a Radical Rhapsody | Commercial | F3: AR | H3: Fee | I3: Billing YTD | J3: Billing till Dec'22 | K3: Planned Billing in CY 23 | L3: Q1 | M3: Q2 | N3: Q3 | O3: Q4 | Q3: Actual Billing in CY 23 | R3: Q1 | S3: Q2 | T3: Q3 | U3: Q4 | W3: Completed till Dec'22 | X3: Plan in CY: 23 | Y3: Actual in CY: 23 | AA3: Total | AB3: Issued till Dec'22 | AC3: Plan in CY - 23 | AD3: Q1 | AE3: Q2 | AF3: Q3 | AG3: Q4 | AI3: Actual in CY - 23 | AJ3: Q1 | AK3: Q2 | AL3: Q3 | AM3: Q4 | AP3: ST | AR3: Fee | AS3: Billing YTD | AT3: Billing till Dec'22 | AU3: Planned Billing in CY 23 | AV3: Q1 | AW3: Q2 | AX3: Q3 | AY3: Q4 | BA3: Actual Billing in CY 23 | BB3: Q1 | BC3: Q2 | BD3: Q3 | BE3: Q4 | BG3: Completed till Dec'22 | BH3: Plan in CY: 23 | BI3: Actual in CY: 23 | BK3: Total | BL3: Issued till Dec'22 | BM3: Plan in CY - 23 | BN3: Q1 | BO3: Q2 | BP3: Q3 | BQ3: Q4 | BS3: Actual in CY - 23 | BT3: Q1 | BU3: Q2 | BV3: Q3 | BW3: Q4 | BZ3: MEP | CB3: Fee | CC3: Billing YTD | CD3: Billing till Dec'22 | CE3: Planned Billing in CY 23 | CF3: Q1 | CG3: Q2 | CH3: Q3 | CI3: Q4 | CK3: Actual Billing in CY 23 | CL3: Q1 | CM3: Q2 | CN3: Q3 | CO3: Q4 | CQ3: Completed till Dec'22 | CR3: Plan in CY: 23 | CS3: YTD | CU3: Total | CV3: Issued till Dec'22 | CW3: Plan in CY 23 | CX3: Q1 | CY3: Q2 | CZ3: Q3 | DA3: Q4 | DC3: Issued in CY 23 | DD3: Q1 | DE3: Q2 | DF3: Q3 | DG3: Q4 | DJ3: LS | DL3: Fee | DM3: Billing YTD | DN3: Billing till Dec'22 | DO3: Planned Billing in CY 23 | DP3: Q1 | DQ3: Q2 | DR3: Q3 | DS3: Q4 | DU3: Actual Billing in CY 23 | DV3: Q1 | DW3: Q2 | DX3: Q3 | DY3: Q4 | EA3: Completed till Dec'22 | EB3: Plan in CY: 23 | EC3: YTD | EE3: Total | EF3: Issued till Mar'22 | EG3: Plan in CY 22-23 | EH3: Q1 | EI3: Q2 | EJ3: Q3 | EK3: Q4 | EM3: Actual in CY 22-23 | EN3: Q1 | EO3: Q2 | EP3: Q3 | EQ3: Q4 | ES3: REMARKS
H5: =H9+H49+H91 -> 7.2803 | I5: =J5+Q5 -> 6.916285 | J5: =J9+J49+J91 -> 4.823785 | K5: =K9+K49+K91 -> 2.456515 | L5: =L9+L49+L91 -> 2.0925 | M5: =M9+M49+M91 -> 0.364015 | N5: =N9+N49+N91 -> 0 | O5: =O9+O49+O91 -> 0 | Q5: =Q9+Q49+Q91 -> 2.0925 | R5: =R9+R49+R91 -> 0.98194 | S5: =S9+S49+S91 -> 0.99524 | T5: =T9+T49+T91 -> 0.11532 | U5: =U9+U49+U91 -> 0 | AA5: =AA9+AA49+AA91 -> 229 | AB5: =AB9+AB49+AB91 -> 191 | AC5: =AC9+AC49+AC91 -> 38 | AD5: =AD9+AD49+AD91 -> 38 | AE5: =AE9+AE49+AE91 -> 0 | AF5: =AF9+AF49+AF91 -> 0 | AG5: =AG9+AG49+AG91 -> 0 | AJ5: =AJ9+AJ49+AJ91 -> 21 | AK5: =AK9+AK49+AK91 -> 10 | AL5: =AL9+AL49+AL91 -> 7 | AM5: =AM9+AM49+AM91 -> 0 | AR5: =AR9+AR49+AR91 -> 2.707911 | AS5: =AT5+BA5 -> 2.5725155 | AT5: =AT9+AT49+AT91 -> 1.7363518 | AU5: =AU9+AU49+AU91 -> 0.97155924 | AV5: =AV9+AV49+AV91 -> 0.83616369 | AW5: =AW9+AW49+AW91 -> 0.13539555 | AX5: =AX9+AX49+AX91 -> 0 | AY5: =AY9+AY49+AY91 -> 0 | BA5: =BA9+BA49+BA91 -> 0.83616369 | BB5: =BB9+BB49+BB91 -> 0.55134309 | BC5: =BC9+BC49+BC91 -> 0.2848206 | BD5: =BD9+BD49+BD91 -> 0 | BE5: =BE9+BE49+BE91 -> 0 | BK5: =BK9+BK49+BK91 -> 75 | BL5: =BL9+BL49+BL91 -> 45 | BM5: =BM9+BM49+BM91 -> 30 | BN5: =BN9+BN49+BN91 -> 30 | BO5: =BO9+BO49+BO91 -> 0 | BP5: =BP9+BP49+BP91 -> 0 | BQ5: =BQ9+BQ49+BQ91 -> 0 | BT5: =BT9+BT49+BT91 -> 22 | BU5: =BU9+BU49+BU91 -> 8 | BV5: =BV9+BV49+BV91 -> 0 | BW5: =BW9+BW49+BW91 -> 0 | CB5: =CB9+CB49+CB91 -> 0.94920173 | CC5: =CD5+CK5 -> 0.85765976 | CD5: =CD9+CD49+CD91 -> 0.33869123 | CE5: =CE9+CE49+CE91 -> 0.61051049 | CF5: =CF9+CF49+CF91 -> 0.56305041 | CG5: =CG9+CG49+CG91 -> 0.047460086 | CH5: =CH9+CH49+CH91 -> 0 | CI5: =CI9+CI49+CI91 -> 0 | CK5: =CK9+CK49+CK91 -> 0.51896853 | CL5: =CL9+CL49+CL91 -> 0.38006476 | CM5: =CM9+CM49+CM91 -> 0.080896072 | CN5: =CN9+CN49+CN91 -> 0.058007699 | CO5: =CO9+CO49+CO91 -> 0 | CU5: =CU9+CU49+CU91 -> 125 | CV5: =CV9+CV49+CV91 -> 35 | CW5: =CW9+CW49+CW91 -> 90 | CX5: =CX9+CX49+CX91 -> 90 | CY5: =CY9+CY49+CY91 -> 0 | CZ5: =CZ9+CZ49+CZ91 -> 0 | DA5: =DA9+DA49+DA91 -> 0 | DD5: =DD9+DD49+DD91 -> 81 | DE5: =DE9+DE49+DE91 -> 2 | DF5: =DF9+DF49+DF91 -> 3 | DG5: =DG9+DG49+DG91 -> 0 | DL5: =DL9+DL49+DL91 -> 0.073395 | DM5: =DN5+DU5 -> 0.06972525 | DN5: =DN9+DN49+DN91 -> 0.029358 | DO5: =DO9+DO49+DO91 -> 0.04036725 | DP5: =DP9+DP49+DP91 -> 0.04036725 | DQ5: =DQ9+DQ49+DQ91 -> 0 | DR5: =DR9+DR49+DR91 -> 0 | DS5: =DS9+DS49+DS91 -> 0 | DU5: =DU9+DU49+DU91 -> 0.04036725 | DV5: =DV9+DV49+DV91 -> 0 | DW5: =DW9+DW49+DW91 -> 0.023744 | DX5: =DX9+DX49+DX91 -> 0.01662325 | DY5: =DY9+DY49+DY91 -> 0 | EE5: =EE9+EE49+EE91 -> 30 | EF5: =EF9+EF49+EF91 -> 0 | EG5: =EG9+EG49+EG91 -> 30 | EH5: =EH9+EH49+EH91 -> 30 | EI5: =EI9+EI49+EI91 -> 0 | EJ5: =EJ9+EJ49+EJ91 -> 0 | EK5: =EK9+EK49+EK91 -> 0 | EN5: =EN9+EN49+EN91 -> 0 | EO5: =EO9+EO49+EO91 -> 12 | EP5: =EP9+EP49+EP91 -> 18 | EQ5: =EQ9+EQ49+EQ91 -> 0
I6: =J6+Q6 -> 0 | AS6: =AT6+BA6 -> 0 | CC6: =CD6+CK6 -> 0 | DM6: =DN6+DU6 -> 0
I7: =J7+Q7 -> 0 | AS7: =AT7+BA7 -> 0 | CC7: =CD7+CK7 -> 0 | DM7: =DN7+DU7 -> 0
I8: =J8+Q8 -> 0 | AS8: =AT8+BA8 -> 0 | CC8: =CD8+CK8 -> 0 | DM8: =DN8+DU8 -> 0
C9: DESIGN | H9: =H11+H17+H30+H39+H23 -> 3.276135 | I9: =J9+Q9 -> 3.276135 | J9: =J11+J17+J30+J39+J23 -> 3.276135 | K9: =K11+K17+K30+K39+K23 -> 0 | L9: =L11+L17+L30+L39+L23 -> 0 | M9: =M11+M17+M30+M39+M23 -> 0 | N9: =N11+N17+N30+N39+N23 -> 0 | O9: =O11+O17+O30+O39+O23 -> 0 | Q9: =Q11+Q17+Q30+Q39+Q23 -> 0 | R9: =R11+R17+R30+R39+R23 -> 0 | S9: =S11+S17+S30+S39+S23 -> 0 | T9: =T11+T17+T30+T39+T23 -> 0 | U9: =U11+U17+U30+U39+U23 -> 0 | V9: =V11+V17+V30+V39+V23 -> 0 | Z9: =Z11+Z17+Z30+Z39+Z23 -> 0 | AA9: =AA11+AA17+AA30+AA39+AA23 -> 0 | AB9: =AB11+AB17+AB30+AB39+AB23 -> 0 | AC9: =AC11+AC17+AC30+AC39+AC23 -> 0 | AD9: =AD11+AD17+AD30+AD39+AD23 -> 0 | AE9: =AE11+AE17+AE30+AE39+AE23 -> 0 | AF9: =AF11+AF17+AF30+AF39+AF23 -> 0 | AG9: =AG11+AG17+AG30+AG39+AG23 -> 0 | AI9: =AI11+AI17+AI30+AI39+AI23 -> 0 | AJ9: =AJ11+AJ17+AJ30+AJ39+AJ23 -> 0 | AK9: =AK11+AK17+AK30+AK39+AK23 -> 0 | AL9: =AL11+AL17+AL30+AL39+AL23 -> 0 | AM9: =AM11+AM17+AM30+AM39+AM23 -> 0 | AR9: =AR11+AR17+AR30+AR39+AR23 -> 1.0831644 | AS9: =AT9+BA9 -> 1.0831644 | AT9: =AT11+AT17+AT30+AT39+AT23 -> 1.0831644 | AU9: =AU11+AU17+AU30+AU39+AU23 -> 0 | AV9: =AV11+AV17+AV30+AV39+AV23 -> 0 | AW9: =AW11+AW17+AW30+AW39+AW23 -> 0 | AX9: =AX11+AX17+AX30+AX39+AX23 -> 0 | AY9: =AY11+AY17+AY30+AY39+AY23 -> 0 | BA9: =BA11+BA17+BA30+BA39+BA23 -> 0 | BB9: =BB11+BB17+BB30+BB39+BB23 -> 0 | BC9: =BC11+BC17+BC30+BC39+BC23 -> 0 | BD9: =BD11+BD17+BD30+BD39+BD23 -> 0 | BE9: =BE11+BE17+BE30+BE39+BE23 -> 0 | BF9: =BF11+BF17+BF30+BF39+BF23 -> 0 | BJ9: =BJ11+BJ17+BJ30+BJ39+BJ23 -> 0 | BK9: =BK11+BK17+BK30+BK39+BK23 -> 0 | BL9: =BL11+BL17+BL30+BL39+BL23 -> 0 | BM9: =BM11+BM17+BM30+BM39+BM23 -> 0 | BN9: =BN11+BN17+BN30+BN39+BN23 -> 0 | BO9: =BO11+BO17+BO30+BO39+BO23 -> 0 | BP9: =BP11+BP17+BP30+BP39+BP23 -> 0 | BQ9: =BQ11+BQ17+BQ30+BQ39+BQ23 -> 0 | BS9: =BS11+BS17+BS30+BS39+BS23 -> 0 | BT9: =BT11+BT17+BT30+BT39+BT23 -> 0 | BU9: =BU11+BU17+BU30+BU39+BU23 -> 0 | BV9: =BV11+BV17+BV30+BV39+BV23 -> 0 | BW9: =BW11+BW17+BW30+BW39+BW23 -> 0 | CB9: =CB11+CB17+CB30+CB39+CB23 -> 0.28476052 | CC9: =CD9+CK9 -> 0.28476052 | CD9: =CD11+CD17+CD30+CD39+CD23 -> 0.28476052 | CE9: =CE11+CE17+CE30+CE39+CE23 -> 0 | CF9: =CF11+CF17+CF30+CF39+CF23 -> 0 | CG9: =CG11+CG17+CG30+CG39+CG23 -> 0 | CH9: =CH11+CH17+CH30+CH39+CH23 -> 0 | CI9: =CI11+CI17+CI30+CI39+CI23 -> 0 | CK9: =CK11+CK17+CK30+CK39+CK23 -> 0 | CL9: =CL11+CL17+CL30+CL39+CL23 -> 0 | CM9: =CM11+CM17+CM30+CM39+CM23 -> 0 | CN9: =CN11+CN17+CN30+CN39+CN23 -> 0 | CO9: =CO11+CO17+CO30+CO39+CO23 -> 0 | CP9: =CP11+CP17+CP30+CP39+CP23 -> 0 | CQ9: =CQ11+CQ17+CQ30+CQ39+CQ23 -> 0 | CR9: =CR11+CR17+CR30+CR39+CR23 -> 0 | ... DA9: =DA11+DA17+DA30+DA39+DA23 -> 0 | DC9: =DC11+DC17+DC30+DC39+DC23 -> 0 | DD9: =DD11+DD17+DD30+DD39+DD23 -> 0 | DE9: =DE11+DE17+DE30+DE39+DE23 -> 0 | DF9: =DF11+DF17+DF30+DF39+DF23 -> 0 | DG9: =DG11+DG17+DG30+DG39+DG23 -> 0 | DL9: =DL11+DL17+DL30+DL39+DL23 -> 0.029358 | DM9: =DN9+DU9 -> 0.029358 | DN9: =DN11+DN17+DN30+DN39+DN23 -> 0.029358 | DO9: =DO11+DO17+DO30+DO39+DO23 -> 0 | DU9: =DU11+DU17+DU30+DU39+DU23 -> 0 | DV9: =DV11+DV17+DV30+DV39+DV23 -> 0 | DW9: =DW11+DW17+DW30+DW39+DW23 -> 0 | DX9: =DX11+DX17+DX30+DX39+DX23 -> 0 | DY9: =DY11+DY17+DY30+DY39+DY23 -> 0
I10: =J10+Q10 -> 0 | AS10: =AT10+BA10 -> 0 | CC10: =CD10+CK10 -> 0 | DM10: =DN10+DU10 -> 0
B11: 1 | C11: 1 | D11: Contract + Design Brief | F11: 0.1 | H11: =F11*(5%*'BOQ COST'!$E$4)*1 -> 0.72803 | I11: =J11+Q11 -> 0.72803 | J11: =H11 -> 0.72803 | K11: =SUM(K12:K15) -> 0 | L11: =SUM(L12:L15) -> 0 | M11: =SUM(M12:M15) -> 0 | N11: =SUM(N12:N15) -> 0 | O11: =SUM(O12:O15) -> 0 | Q11: =SUM(Q12:Q15) -> 0 | R11: =SUM(R12:R15) -> 0 | S11: =SUM(S12:S15) -> 0 | T11: =SUM(T12:T15) -> 0 | U11: =SUM(U12:U15) -> 0 | AP11: 0 | AS11: =AT11+BA11 -> 0 | AT11: =SUM(AT12:AT15) -> 0 | AU11: =SUM(AU12:AU15) -> 0 | BA11: =SUM(BA12:BA15) -> 0 | BB11: =SUM(BB12:BB15) -> 0 | BC11: =SUM(BC12:BC15) -> 0 | BD11: =SUM(BD12:BD15) -> 0 | BE11: =SUM(BE12:BE15) -> 0 | BZ11: 0 | CB11: 0 | CC11: =CD11+CK11 -> 0 | CD11: =SUM(CD12:CD15) -> 0 | CE11: =SUM(CE12:CE15) -> 0 | CK11: =SUM(CK12:CK15) -> 0 | CL11: =SUM(CL12:CL15) -> 0 | CM11: =SUM(CM12:CM15) -> 0 | CN11: =SUM(CN12:CN15) -> 0 | CO11: =SUM(CO12:CO15) -> 0 | DJ11: 0 | DL11: 0 | DM11: =DN11+DU11 -> 0 | DN11: =DL11 -> 0 | DO11: =SUM(DO12:DO15) -> 0 | DU11: =SUM(DU12:DU15) -> 0 | DV11: =SUM(DV12:DV15) -> 0 | DW11: =SUM(DW12:DW15) -> 0 | DX11: =SUM(DX12:DX15) -> 0 | DY11: =SUM(DY12:DY15) -> 0 | ES11: Batch fee is calculated based on the respective percentage of overall design fee.
B12: 1 | C12: 1 | D12: Vision Statement | I12: =J12+Q12 -> 0 | AS12: =AT12+BA12 -> 0 | CC12: =CD12+CK12 -> 0 | DM12: =DN12+DU12 -> 0 | DN12: =IFERROR(IF(EA12=100%,DL12,0),0) -> 0 | DO12: =IFERROR(IF(AND((EA12+EB12)=100%,EA12<1),DL12,0),0) -> 0
B13: 2 | C13: 2 | D13: Land - Topographical Survey with information as per defined standard, | I13: =J13+Q13 -> 0 | AS13: =AT13+BA13 -> 0 | CC13: =CD13+CK13 -> 0 | DM13: =DN13+DU13 -> 0 | DN13: =IFERROR(IF(EA13=100%,DL13,0),0) -> 0 | DO13: =IFERROR(IF(AND((EA13+EB13)=100%,EA13<1),DL13,0),0) -> 0
B14: 3 | C14: 3 | D14: Zoning & Development Regulations | I14: =J14+Q14 -> 0 | AS14: =AT14+BA14 -> 0 | CC14: =CD14+CK14 -> 0 | DM14: =DN14+DU14 -> 0 | DN14: =IFERROR(IF(EA14=100%,DL14,0),0) -> 0 | DO14: =IFERROR(IF(AND((EA14+EB14)=100%,EA14<1),DL14,0),0) -> 0
B15: 4 | C15: 4 | D15: Design Brief | I15: =J15+Q15 -> 0 | AS15: =AT15+BA15 -> 0 | CC15: =CD15+CK15 -> 0 | DM15: =DN15+DU15 -> 0 | DN15: =IFERROR(IF(EA15=100%,DL15,0),0) -> 0 | DO15: =IFERROR(IF(AND((EA15+EB15)=100%,EA15<1),DL15,0),0) -> 0
AS16: =AT16+BA16 -> 0 | CC16: =CD16+CK16 -> 0 | DM16: =DN16+DU16 -> 0
B17: 2 | C17: 2 | D17: Schematic Concept | F17: 0.1 | H17: =F17*(5%*'BOQ COST'!$E$4)*1 -> 0.72803 | I17: =J17+Q17 -> 0.72803 | J17: =H17 -> 0.72803 | K17: =SUM(K24:K26) -> 0 | L17: =SUM(L24:L26) -> 0 | M17: =SUM(M24:M26) -> 0 | N17: =SUM(N24:N26) -> 0 | O17: =SUM(O24:O26) -> 0 | Q17: =SUM(Q24:Q26) -> 0 | R17: =SUM(R24:R26) -> 0 | S17: =SUM(S24:S26) -> 0 | T17: =SUM(T24:T26) -> 0 | U17: =SUM(U24:U26) -> 0 | AP17: 0.2 | AR17: =AP17*(3%*'BOQ COST'!$F$4)*1 -> 0.5415822 | AS17: =AT17+BA17 -> 0.5415822 | AT17: =AR17 -> 0.5415822 | AU17: =SUM(AU24:AU26) -> 0 | BA17: =SUM(BA24:BA26) -> 0 | BB17: =SUM(BB24:BB26) -> 0 | BC17: =SUM(BC24:BC26) -> 0 | BD17: =SUM(BD24:BD26) -> 0 | BE17: =SUM(BE24:BE26) -> 0 | BZ17: 0.1 | CB17: =BZ17*(2%*'BOQ COST'!$G$4)*1 -> 0.094920173 | CC17: =CD17+CK17 -> 0.094920173 | CD17: =CB17 -> 0.094920173 | CE17: =SUM(CE24:CE26) -> 0 | CK17: =SUM(CK24:CK26) -> 0 | CL17: =SUM(CL24:CL26) -> 0 | CM17: =SUM(CM24:CM26) -> 0 | CN17: =SUM(CN24:CN26) -> 0 | CO17: =SUM(CO24:CO26) -> 0 | DJ17: 0.15 | DL17: =DJ17*(7%*'BOQ COST'!$H$4)*1 -> 0.01100925 | DM17: =DN17+DU17 -> 0.01100925 | DN17: =DL17 -> 0.01100925 | DO17: =SUM(DO24:DO26) -> 0 | DU17: =SUM(DU24:DU26) -> 0 | DV17: =SUM(DV24:DV26) -> 0 | DW17: =SUM(DW24:DW26) -> 0 | DX17: =SUM(DX24:DX26) -> 0 | DY17: =SUM(DY24:DY26) -> 0
B18: 6 | C18: 1 | D18: Master Plan | I18: =J18+Q18 -> 0 | AS18: =AT18+BA18 -> 0 | CC18: =CD18+CK18 -> 0 | DM18: =DN18+DU18 -> 0 | DN18: =IFERROR(IF(EA18=100%,DL18,0),0) -> 0 | DO18: =IFERROR(IF(AND((EA18+EB18)=100%,EA18<1),DL18,0),0) -> 0
B19: 6 | C19: 2 | D19: Blocks and Products | I19: =J19+Q19 -> 0 | AS19: =AT19+BA19 -> 0 | CC19: =CD19+CK19 -> 0 | DM19: =DN19+DU19 -> 0 | DN19: =IFERROR(IF(EA19=100%,DL19,0),0) -> 0 | DO19: =IFERROR(IF(AND((EA19+EB19)=100%,EA19<1),DL19,0),0) -> 0
B20: 6 | C20: 3 | D20: Amenities & Facilities | I20: =J20+Q20 -> 0 | AS20: =AT20+BA20 -> 0 | CC20: =CD20+CK20 -> 0 | DM20: =DN20+DU20 -> 0 | DN20: =IFERROR(IF(EA20=100%,DL20,0),0) -> 0 | DO20: =IFERROR(IF(AND((EA20+EB20)=100%,EA20<1),DL20,0),0) -> 0
B21: 6 | C21: 4 | D21: Design Basis | I21: =J21+Q21 -> 0 | AS21: =AT21+BA21 -> 0 | CC21: =CD21+CK21 -> 0 | DM21: =DN21+DU21 -> 0 | DN21: =IFERROR(IF(EA21=100%,DL21,0),0) -> 0 | DO21: =IFERROR(IF(AND((EA21+EB21)=100%,EA21<1),DL21,0),0) -> 0
AS22: =AT22+BA22 -> 0 | CC22: =CD22+CK22 -> 0 | DM22: =DN22+DU22 -> 0
B23: 2 | C23: 3 | D23: Pre Construction Set | F23: 0.1 | H23: =F23*(5%*'BOQ COST'!$E$4)*1 -> 0.72803 | I23: =J23+Q23 -> 0.72803 | J23: =H23 -> 0.72803 | K23: =SUM(K29:K31) -> 0 | L23: =SUM(L29:L31) -> 0 | M23: =SUM(M29:M31) -> 0 | N23: =SUM(N29:N31) -> 0 | O23: =SUM(O29:O31) -> 0 | Q23: =SUM(Q29:Q31) -> 0 | R23: =SUM(R29:R31) -> 0 | S23: =SUM(S29:S31) -> 0 | T23: =SUM(T29:T31) -> 0 | U23: =SUM(U29:U31) -> 0 | AP23: 0.2 | AR23: =AP23*(3%*'BOQ COST'!$F$4)*1 -> 0.5415822 | AS23: =AT23+BA23 -> 0.5415822 | AT23: =AR23 -> 0.5415822 | AU23: =SUM(AU29:AU31) -> 0 | BA23: =SUM(BA29:BA31) -> 0 | BB23: =SUM(BB29:BB31) -> 0 | BC23: =SUM(BC29:BC31) -> 0 | BD23: =SUM(BD29:BD31) -> 0 | BE23: =SUM(BE29:BE31) -> 0 | BZ23: 0.1 | CB23: =BZ23*(2%*'BOQ COST'!$G$4)*1 -> 0.094920173 | CC23: =CD23+CK23 -> 0.094920173 | CD23: =CB23 -> 0.094920173 | CE23: =SUM(CE29:CE31) -> 0 | CK23: =SUM(CK29:CK31) -> 0 | CL23: =SUM(CL29:CL31) -> 0 | CM23: =SUM(CM29:CM31) -> 0 | CN23: =SUM(CN29:CN31) -> 0 | CO23: =SUM(CO29:CO31) -> 0 | DJ23: 0.15 | DL23: =DJ23*(7%*'BOQ COST'!$H$4)*1 -> 0.01100925 | DM23: =DN23+DU23 -> 0.01100925 | DN23: =DL23 -> 0.01100925 | DO23: =SUM(DO29:DO31) -> 0 | DU23: =SUM(DU29:DU31) -> 0 | DV23: =SUM(DV29:DV31) -> 0 | DW23: =SUM(DW29:DW31) -> 0 | DX23: =SUM(DX29:DX31) -> 0 | DY23: =SUM(DY29:DY31) -> 0
B24: 1 | C24: 1 | D24: Master Plan | I24: =J24+Q24 -> 0 | AS24: =AT24+BA24 -> 0 | CC24: =CD24+CK24 -> 0 | DM24: =DN24+DU24 -> 0 | DN24: =IFERROR(IF(EA24=100%,DL24,0),0) -> 0 | DO24: =IFERROR(IF(AND((EA24+EB24)=100%,EA24<1),DL24,0),0) -> 0
B25: 1 | C25: 2 | D25: Blocks | I25: =J25+Q25 -> 0 | AS25: =AT25+BA25 -> 0 | CC25: =CD25+CK25 -> 0 | DM25: =DN25+DU25 -> 0 | DN25: =IFERROR(IF(EA25=100%,DL25,0),0) -> 0 | DO25: =IFERROR(IF(AND((EA25+EB25)=100%,EA25<1),DL25,0),0) -> 0
B26: 1 | C26: 3 | D26: Products | I26: =J26+Q26 -> 0 | AS26: =AT26+BA26 -> 0 | CC26: =CD26+CK26 -> 0 | DM26: =DN26+DU26 -> 0 | DN26: =IFERROR(IF(EA26=100%,DL26,0),0) -> 0 | DO26: =IFERROR(IF(AND((EA26+EB26)=100%,EA26<1),DL26,0),0) -> 0
B27: 1 | C27: 4 | D27: Amenities & Facilities | I27: =J27+Q27 -> 0 | AS27: =AT27+BA27 -> 0 | CC27: =CD27+CK27 -> 0 | DM27: =DN27+DU27 -> 0 | DN27: =IFERROR(IF(EA27=100%,DL27,0),0) -> 0 | DO27: =IFERROR(IF(AND((EA27+EB27)=100%,EA27<1),DL27,0),0) -> 0
B28: 5 | C28: 5 | D28: Design Basis | I28: =J28+Q28 -> 0 | AS28: =AT28+BA28 -> 0 | CC28: =CD28+CK28 -> 0 | DM28: =DN28+DU28 -> 0 | DN28: =IFERROR(IF(EA28=100%,DL28,0),0) -> 0 | DO28: =IFERROR(IF(AND((EA28+EB28)=100%,EA28<1),DL28,0),0) -> 0
AS29: =AT29+BA29 -> 0 | CC29: =CD29+CK29 -> 0 | DM29: =DN29+DU29 -> 0
B30: 3 | C30: 4 | D30: Approvals | F30: 0.05 | H30: =F30*(5%*'BOQ COST'!$E$4)*1 -> 0.364015 | I30: =J30+Q30 -> 0.364015 | J30: =H30 -> 0.364015 | K30: =SUM(K31:K36) -> 0 | L30: =SUM(L31:L36) -> 0 | M30: =SUM(M31:M36) -> 0 | N30: =SUM(N31:N36) -> 0 | O30: =SUM(O31:O36) -> 0 | Q30: =SUM(Q31:Q36) -> 0 | R30: =SUM(R31:R36) -> 0 | S30: =SUM(S31:S36) -> 0 | T30: =SUM(T31:T36) -> 0 | U30: =SUM(U31:U36) -> 0 | AP30: 0 | AR30: 0 | AS30: =AT30+BA30 -> 0 | AT30: =AR30 -> 0 | AU30: =SUM(AU31:AU36) -> 0 | BA30: =SUM(BA31:BA36) -> 0 | BB30: =SUM(BB31:BB36) -> 0 | BC30: =SUM(BC31:BC36) -> 0 | BD30: =SUM(BD31:BD36) -> 0 | BE30: =SUM(BE31:BE36) -> 0 | BZ30: 0.1 | CB30: =BZ30*(2%*'BOQ COST'!$G$4)*1 -> 0.094920173 | CC30: =CD30+CK30 -> 0.094920173 | CD30: =CB30 -> 0.094920173 | CE30: =SUM(CE31:CE36) -> 0 | CK30: =SUM(CK31:CK36) -> 0 | CL30: =SUM(CL31:CL36) -> 0 | CM30: =SUM(CM31:CM36) -> 0 | CN30: =SUM(CN31:CN36) -> 0 | CO30: =SUM(CO31:CO36) -> 0 | DJ30: 0.05 | DL30: =DJ30*(7%*'BOQ COST'!$H$4)*1 -> 0.00366975 | DM30: =DN30+DU30 -> 0.00366975 | DN30: =DL30 -> 0.00366975 | DO30: =SUM(DO31:DO36) -> 0 | DU30: =SUM(DU31:DU36) -> 0 | DV30: =SUM(DV31:DV36) -> 0 | DW30: =SUM(DW31:DW36) -> 0 | DX30: =SUM(DX31:DX36) -> 0 | DY30: =SUM(DY31:DY36) -> 0
B31: 1 | C31: 1 | D31: Development Plan | I31: =J31+Q31 -> 0 | AS31: =AT31+BA31 -> 0 | CC31: =CD31+CK31 -> 0 | DJ31: 0 | DM31: =DN31+DU31 -> 0
B32: 1 | C32: 2 | D32: Building Plan | I32: =J32+Q32 -> 0 | AS32: =AT32+BA32 -> 0 | CC32: =CD32+CK32 -> 0 | DJ32: 0 | DM32: =DN32+DU32 -> 0
B33: 2 | C33: 3 | D33: Fire Safety | I33: =J33+Q33 -> 0 | AS33: =AT33+BA33 -> 0 | CC33: =CD33+CK33 -> 0 | DJ33: 0 | DM33: =DN33+DU33 -> 0
B34: 3 | C34: 4 | D34: Environment | I34: =J34+Q34 -> 0 | AS34: =AT34+BA34 -> 0 | CC34: =CD34+CK34 -> 0 | DM34: =DN34+DU34 -> 0
B35: 4 | C35: 5 | D35: Water Supply and Sewerage | I35: =J35+Q35 -> 0 | AS35: =AT35+BA35 -> 0 | CC35: =CD35+CK35 -> 0 | DJ35: 0 | DM35: =DN35+DU35 -> 0
B36: 5 | C36: 6 | D36: Power Supply | I36: =J36+Q36 -> 0 | AS36: =AT36+BA36 -> 0 | CC36: =CD36+CK36 -> 0 | DJ36: 0 | DM36: =DN36+DU36 -> 0
C37: 7 | D37: Airport Authority | H37: =$H$30/$F$30*F37 -> 0 | I37: =J37+Q37 -> 0 | AP37: 0 | AR37: 0 | AS37: =AT37+BA37 -> 0 | BZ37: 0 | CB37: =$CB$30/$BZ$30*BZ37 -> 0 | CC37: =CD37+CK37 -> 0 | DJ37: 0 | DM37: =DN37+DU37 -> 0
AS38: =AT38+BA38 -> 0 | CC38: =CD38+CK38 -> 0 | DM38: =DN38+DU38 -> 0
B39: 4 | C39: 5 | D39: Marketing and Sales | F39: 0.1 | H39: =F39*(5%*'BOQ COST'!$E$4)*1 -> 0.72803 | I39: =J39+Q39 -> 0.72803 | J39: =H39 -> 0.72803 | K39: =SUM(K40:K45) -> 0 | L39: =SUM(L40:L45) -> 0 | M39: =SUM(M40:M45) -> 0 | N39: =SUM(N40:N45) -> 0 | O39: =SUM(O40:O45) -> 0 | Q39: =SUM(Q40:Q45) -> 0 | R39: =SUM(R40:R45) -> 0 | S39: =SUM(S40:S45) -> 0 | T39: =SUM(T40:T45) -> 0 | U39: =SUM(U40:U45) -> 0 | AP39: 0 | AR39: 0 | AS39: =AT39+BA39 -> 0 | AT39: =SUM(AT40:AT45) -> 0 | AU39: =SUM(AU40:AU45) -> 0 | BA39: =SUM(BA40:BA45) -> 0 | BB39: =SUM(BB40:BB45) -> 0 | BC39: =SUM(BC40:BC45) -> 0 | BD39: =SUM(BD40:BD45) -> 0 | BE39: =SUM(BE40:BE45) -> 0 | BZ39: 0 | CB39: 0 | CC39: =CD39+CK39 -> 0 | CD39: =SUM(CD40:CD45) -> 0 | CE39: =SUM(CE40:CE45) -> 0 | CK39: =SUM(CK40:CK45) -> 0 | CL39: =SUM(CL40:CL45) -> 0 | CM39: =SUM(CM40:CM45) -> 0 | CN39: =SUM(CN40:CN45) -> 0 | CO39: =SUM(CO40:CO45) -> 0 | DJ39: 0.05 | DL39: =DJ39*(7%*'BOQ COST'!$H$4)*1 -> 0.00366975 | DM39: =DN39+DU39 -> 0.00366975 | DN39: =DL39 -> 0.00366975 | DO39: =SUM(DO40:DO45) -> 0 | DU39: =SUM(DU40:DU45) -> 0 | DV39: =SUM(DV40:DV45) -> 0 | DW39: =SUM(DW40:DW45) -> 0 | DX39: =SUM(DX40:DX45) -> 0 | DY39: =SUM(DY40:DY45) -> 0
B40: 1 | C40: 1 | D40: Masterplan | I40: =J40+Q40 -> 0 | AS40: =AT40+BA40 -> 0 | CC40: =CD40+CK40 -> 0 | DM40: =DN40+DU40 -> 0 | DN40: =IFERROR(IF(EA40=100%,DL40,0),0) -> 0 | DO40: =IFERROR(IF(AND((EA40+EB40)=100%,EA40<1),DL40,0),0) -> 0
C41: 2 | D41: Blocks | I41: =J41+Q41 -> 0 | AS41: =AT41+BA41 -> 0 | CC41: =CD41+CK41 -> 0 | DM41: =DN41+DU41 -> 0
C42: 3 | D42: Products | I42: =J42+Q42 -> 0 | AS42: =AT42+BA42 -> 0 | CC42: =CD42+CK42 -> 0 | DM42: =DN42+DU42 -> 0
B43: 3 | C43: 4 | D43: Specifications | I43: =J43+Q43 -> 0 | AS43: =AT43+BA43 -> 0 | CC43: =CD43+CK43 -> 0 | DM43: =DN43+DU43 -> 0 | DN43: =IFERROR(IF(EA43=100%,DL43,0),0) -> 0 | DO43: =IFERROR(IF(AND((EA43+EB43)=100%,EA43<1),DL43,0),0) -> 0
B44: 4 | C44: 5 | D44: Clubhouse Design with list of Amenities | I44: =J44+Q44 -> 0 | AS44: =AT44+BA44 -> 0 | CC44: =CD44+CK44 -> 0 | DM44: =DN44+DU44 -> 0 | DN44: =IFERROR(IF(EA44=100%,DL44,0),0) -> 0 | DO44: =IFERROR(IF(AND((EA44+EB44)=100%,EA44<1),DL44,0),0) -> 0
B45: 5 | C45: 6 | D45: Renders, Walk-through and Scaled model | I45: =J45+Q45 -> 0 | AS45: =AT45+BA45 -> 0 | CC45: =CD45+CK45 -> 0 | DM45: =DN45+DU45 -> 0 | DN45: =IFERROR(IF(EA45=100%,DL45,0),0) -> 0 | DO45: =IFERROR(IF(AND((EA45+EB45)=100%,EA45<1),DL45,0),0) -> 0
C46: 7 | D46: Project Entrance and Boundary wall | I46: =J46+Q46 -> 0 | AS46: =AT46+BA46 -> 0 | CC46: =CD46+CK46 -> 0 | DM46: =DN46+DU46 -> 0
C47: 8 | D47: Sales Centre and Experience Homes [Construction Docs] | I47: =J47+Q47 -> 0 | AS47: =AT47+BA47 -> 0 | CC47: =CD47+CK47 -> 0 | DM47: =DN47+DU47 -> 0
AS48: =AT48+BA48 -> 0 | CC48: =CD48+CK48 -> 0 | DM48: =DN48+DU48 -> 0
C49: CONSTRUCTION DOCUMENTS | H49: =H51+H62+H85 -> 3.64015 | I49: =J49+Q49 -> 3.64015 | J49: =J51+J62+J85 -> 1.54765 | K49: =K51+K62+K85 -> 2.0925 | L49: =L51+L62+L85 -> 2.0925 | M49: =M51+M62+M85 -> 0 | N49: =N51+N62+N85 -> 0 | O49: =O51+O62+O85 -> 0 | Q49: =Q51+Q62+Q85 -> 2.0925 | R49: =R51+R62+R85 -> 0.98194 | S49: =S51+S62+S85 -> 0.99524 | T49: =T51+T62+T85 -> 0.11532 | U49: =U51+U62+U85 -> 0 | V49: =V51+V62+V85 -> 0 | Z49: =Z51+Z62+Z85 -> 0 | AA49: =AA51+AA62+AA85 -> 229 | AB49: =AB51+AB62+AB85 -> 191 | AC49: =AC51+AC62+AC85 -> 38 | AD49: =AD51+AD62+AD85 -> 38 | AE49: =AE51+AE62+AE85 -> 0 | AF49: =AF51+AF62+AF85 -> 0 | AG49: =AG51+AG62+AG85 -> 0 | AI49: =AI51+AI62+AI85 -> 38 | AJ49: =AJ51+AJ62+AJ85 -> 21 | AK49: =AK51+AK62+AK85 -> 10 | AL49: =AL51+AL62+AL85 -> 7 | AM49: =AM51+AM62+AM85 -> 0 | AR49: =AR51+AR62+AR85 -> 1.4893511 | AS49: =AT49+BA49 -> 1.489351 | AT49: =AT51+AT62+AT85 -> 0.65318736 | AU49: =AU51+AU62+AU85 -> 0.83616369 | AV49: =AV51+AV62+AV85 -> 0.83616369 | AW49: =AW51+AW62+AW85 -> 0 | AX49: =AX51+AX62+AX85 -> 0 | AY49: =AY51+AY62+AY85 -> 0 | BA49: =BA51+BA62+BA85 -> 0.83616369 | BB49: =BB51+BB62+BB85 -> 0.55134309 | BC49: =BC51+BC62+BC85 -> 0.2848206 | BD49: =BD51+BD62+BD85 -> 0 | BE49: =BE51+BE62+BE85 -> 0 | BF49: =BF51+BF62+BF85 -> 0 | BJ49: =BJ51+BJ62+BJ85 -> 0 | BK49: =BK51+BK62+BK85 -> 75 | BL49: =BL51+BL62+BL85 -> 45 | BM49: =BM51+BM62+BM85 -> 30 | BN49: =BN51+BN62+BN85 -> 30 | BO49: =BO51+BO62+BO85 -> 0 | BP49: =BP51+BP62+BP85 -> 0 | BQ49: =BQ51+BQ62+BQ85 -> 0 | BS49: =BS51+BS62+BS85 -> 30 | BT49: =BT51+BT62+BT85 -> 22 | BU49: =BU51+BU62+BU85 -> 8 | BV49: =BV51+BV62+BV85 -> 0 | BW49: =BW51+BW62+BW85 -> 0 | CB49: =CB51+CB62+CB85 -> 0.61698112 | CC49: =CD49+CK49 -> 0.57289925 | CD49: =CD51+CD62+CD85 -> 0.053930714 | CE49: =CE51+CE62+CE85 -> 0.56305041 | CF49: =CF51+CF62+CF85 -> 0.56305041 | CG49: =CG51+CG62+CG85 -> 0 | CH49: =CH51+CH62+CH85 -> 0 | CI49: =CI51+CI62+CI85 -> 0 | CK49: =CK51+CK62+CK85 -> 0.51896853 | CL49: =CL51+CL62+CL85 -> 0.38006476 | CM49: =CM51+CM62+CM85 -> 0.080896072 | CN49: =CN51+CN62+CN85 -> 0.058007699 | CO49: =CO51+CO62+CO85 -> 0 | CP49: =CP51+CP62+CP85 -> 0 | CT49: =CT51+CT62+CT85 -> 0 | CU49: =CU51+CU62+CU85 -> 125 | CV49: =CV51+CV62+CV85 -> 35 | CW49: =CW51+CW62+CW85 -> 90 | CX49: =CX51+CX62+CX85 -> 90 | CY49: =CY51+CY62+CY85 -> 0 | CZ49: =CZ51+CZ62+CZ85 -> 0 | DA49: =DA51+DA62+DA85 -> 0 | DC49: =DC51+DC62+DC85 -> 86 | DD49: =DD51+DD62+DD85 -> 81 | DE49: =DE51+DE62+DE85 -> 2 | DF49: =DF51+DF62+DF85 -> 3 | DG49: =DG51+DG62+DG85 -> 0 | DL49: =DL51+DL62+DL85 -> 0.04036725 | DM49: =DN49+DU49 -> 0.04036725 | DN49: =DN51+DN62+DN85 -> 0 | DO49: =DO51+DO62+DO85 -> 0.04036725 | DP49: =DP51+DP62+DP85 -> 0.04036725 | DQ49: =DQ51+DQ62+DQ85 -> 0 | DR49: =DR51+DR62+DR85 -> 0 | DS49: =DS51+DS62+DS85 -> 0 | DU49: =DU51+DU62+DU85 -> 0.04036725 | DV49: =DV51+DV62+DV85 -> 0 | DW49: =DW51+DW62+DW85 -> 0.023744 | DX49: =DX51+DX62+DX85 -> 0.01662325 | DY49: =DY51+DY62+DY85 -> 0 | DZ49: =DZ51+DZ62+DZ85 -> 0 | ED49: =ED51+ED62+ED85 -> 0 | EE49: =EE51+EE62+EE85 -> 30 | EF49: =EF51+EF62+EF85 -> 0 | EG49: =EG51+EG62+EG85 -> 30 | EH49: =EH51+EH62+EH85 -> 30 | EI49: =EI51+EI62+EI85 -> 0 | EJ49: =EJ51+EJ62+EJ85 -> 0 | EK49: =EK51+EK62+EK85 -> 0 | EM49: =EM51+EM62+EM85 -> 30 | EN49: =EN51+EN62+EN85 -> 0 | EO49: =EO51+EO62+EO85 -> 12 | EP49: =EP51+EP62+EP85 -> 18 | EQ49: =EQ51+EQ62+EQ85 -> 0
AS50: =AT50+BA50 -> 0 | CC50: =CD50+CK50 -> 0 | DM50: =DN50+DU50 -> 0
C51: 1 | D51: GFC | Tower—09 [Commercial] | F51: =SUM(F52:F61) -> 0.5 | H51: =F51*(5%*'BOQ COST'!E7)*1 -> 2.392 | I51: =J51+Q51 -> 2.392 | J51: =SUM(J52:J60) -> 0.8372 | K51: =SUM(K52:K60) -> 1.5548 | L51: =SUM(L52:L60) -> 1.5548 | M51: =SUM(M52:M60) -> 0 | N51: =SUM(N52:N60) -> 0 | O51: =SUM(O52:O60) -> 0 | Q51: =SUM(Q52:Q60) -> 1.5548 | R51: =SUM(R52:R60) -> 0.598 | S51: =SUM(S52:S60) -> 0.9568 | T51: =SUM(T52:T60) -> 0 | U51: =SUM(U52:U60) -> 0 | V51: =SUM(V52:V60) -> 0 | Z51: =SUM(Z52:Z60) -> 0 | AA51: =SUM(AA52:AA60) -> 146 | AB51: =SUM(AB52:AB60) -> 122 | AC51: =SUM(AC52:AC60) -> 24 | AD51: =SUM(AD52:AD60) -> 24 | AE51: =SUM(AE52:AE60) -> 0 | AF51: =SUM(AF52:AF60) -> 0 | AG51: =SUM(AG52:AG60) -> 0 | AI51: =SUM(AI52:AI60) -> 24 | AJ51: =SUM(AJ52:AJ60) -> 17 | AK51: =SUM(AK52:AK60) -> 7 | AL51: =SUM(AL52:AL60) -> 0 | AM51: =SUM(AM52:AM60) -> 0 | AP51: =SUM(AP52:AP61) -> 0.55 | AR51: =AP51*(3%*'BOQ COST'!F7)*1 -> 0.8319333 | AS51: =AT51+BA51 -> 0.8319333 | AT51: =SUM(AT52:AT60) -> 0.41596665 | AU51: =SUM(AU52:AU60) -> 0.41596665 | AV51: =SUM(AV52:AV60) -> 0.41596665 | AW51: =SUM(AW52:AW60) -> 0 | AX51: =SUM(AX52:AX60) -> 0 | AY51: =SUM(AY52:AY60) -> 0 | BA51: =SUM(BA52:BA60) -> 0.41596665 | BB51: =SUM(BB52:BB60) -> 0.26470605 | BC51: =SUM(BC52:BC60) -> 0.1512606 | BD51: =SUM(BD52:BD60) -> 0 | BE51: =SUM(BE52:BE60) -> 0 | BF51: =SUM(BF52:BF60) -> 0 | BJ51: =SUM(BJ52:BJ60) -> 0 | BK51: =SUM(BK52:BK60) -> 56 | BL51: =SUM(BL52:BL60) -> 40 | BM51: =SUM(BM52:BM60) -> 16 | BN51: =SUM(BN52:BN60) -> 16 | BO51: =SUM(BO52:BO60) -> 0 | BP51: =SUM(BP52:BP60) -> 0 | BQ51: =SUM(BQ52:BQ60) -> 0 | BS51: =SUM(BS52:BS60) -> 16 | BT51: =SUM(BT52:BT60) -> 15 | BU51: =SUM(BU52:BU60) -> 1 | BV51: =SUM(BV52:BV60) -> 0 | BW51: =SUM(BW52:BW60) -> 0 | BZ51: =SUM(BZ52:BZ61) -> 0.65 | CB51: =BZ51*(2%*'BOQ COST'!G7)*1 -> 0.35054964 | CC51: =CD51+CK51 -> 0.35054964 | CD51: =SUM(CD52:CD60) -> 0.053930714 | CE51: =SUM(CE52:CE60) -> 0.29661893 | CF51: =SUM(CF52:CF60) -> 0.29661893 | CG51: =SUM(CG52:CG60) -> 0 | CH51: =SUM(CH52:CH60) -> 0 | CI51: =SUM(CI52:CI60) -> 0 | CK51: =SUM(CK52:CK60) -> 0.29661893 | CL51: =SUM(CL52:CL60) -> 0.21572286 | CM51: =SUM(CM52:CM60) -> 0.080896072 | CN51: =SUM(CN52:CN60) -> 0 | CO51: =SUM(CO52:CO60) -> 0 | CP51: =SUM(CP52:CP60) -> 0 | CT51: =SUM(CT52:CT60) -> 0 | CU51: =SUM(CU52:CU60) -> 52 | CV51: =SUM(CV52:CV60) -> 20 | CW51: =SUM(CW52:CW60) -> 32 | CX51: =SUM(CX52:CX60) -> 32 | CY51: =SUM(CY52:CY60) -> 0 | CZ51: =SUM(CZ52:CZ60) -> 0 | DA51: =SUM(DA52:DA60) -> 0 | DC51: =SUM(DC52:DC60) -> 32 | DD51: =SUM(DD52:DD60) -> 31 | DE51: =SUM(DE52:DE60) -> 1 | DF51: =SUM(DF52:DF60) -> 0 | DG51: =SUM(DG52:DG60) -> 0 | DJ51: =SUM(DJ52:DJ61) -> 0.55 | DL51: =DJ51*(7%*'BOQ COST'!H7)*1 -> 0.02612225 | DM51: =DN51+DU51 -> 0.02612225 | DN51: =SUM(DN52:DN60) -> 0 | DO51: =SUM(DO52:DO60) -> 0.02612225 | DP51: =SUM(DP52:DP60) -> 0.02612225 | DQ51: =SUM(DQ52:DQ60) -> 0 | DR51: =SUM(DR52:DR60) -> 0 | DS51: =SUM(DS52:DS60) -> 0 | DU51: =SUM(DU52:DU60) -> 0.02612225 | DV51: =SUM(DV52:DV60) -> 0 | DW51: =SUM(DW52:DW60) -> 0.009499 | DX51: =SUM(DX52:DX60) -> 0.01662325 | DY51: =SUM(DY52:DY60) -> 0 | DZ51: =SUM(DZ52:DZ60) -> 0 | ED51: =SUM(ED52:ED60) -> 0 | EE51: =SUM(EE52:EE60) -> 19 | EF51: =SUM(EF52:EF60) -> 0 | EG51: =SUM(EG52:EG60) -> 19 | EH51: =SUM(EH52:EH60) -> 19 | EI51: =SUM(EI52:EI60) -> 0 | EJ51: =SUM(EJ52:EJ60) -> 0 | EK51: =SUM(EK52:EK60) -> 0 | EM51: =SUM(EM52:EM60) -> 19 | EN51: =SUM(EN52:EN60) -> 0 | EO51: =SUM(EO52:EO60) -> 1 | EP51: =SUM(EP52:EP60) -> 18 | EQ51: =SUM(EQ52:EQ60) -> 0
